Date,Open,High,Low,Close,Adj Close,Volume,Count,Week Day,Change,RSI
2018-07-27,4.0,4.400000095367432,3.950000047683716,4.050000190734863,4.050000190734863,285400,0,4,1.250004768371582,1.0499999523162842
2018-07-30,4.099999904632568,4.25,3.9600000381469727,4.010000228881836,4.010000228881836,43700,1,0,-2.195114093759909,1.0499999523162842
2018-07-31,3.75,4.159999847412109,3.75,4.0,4.0,16400,2,1,6.666666666666665,1.0499999523162842
2018-08-01,3.75,4.349999904632568,3.75,4.25,4.25,13900,3,2,13.33333333333333,1.0499999523162842
2018-08-02,4.300000190734863,4.300000190734863,4.0,4.0,4.0,6700,4,3,-6.976748312273761,1.0499999523162842
2018-08-03,4.03000020980835,4.179999828338623,3.990000009536743,4.0,4.0,48100,5,4,-0.74442204085583,1.0499999523162842
2018-08-06,4.139999866485596,4.179999828338623,3.9800000190734863,3.9800000190734863,3.9800000190734863,6800,6,0,-3.864730738456079,1.0499999523162842
2018-08-07,4.0,4.0,3.9100000858306885,3.9100000858306885,3.9100000858306885,30600,7,1,-2.249997854232788,1.0499999523162842
2018-08-08,4.0,4.0,3.799999952316284,3.799999952316284,3.799999952316284,23600,8,2,-5.0000011920928955,1.0499999523162842
2018-08-09,3.75,3.75,3.240000009536743,3.299999952316284,3.299999952316284,35000,9,3,-12.000001271565752,1.0499999523162842
2018-08-10,3.490000009536743,3.490000009536743,3.3299999237060547,3.430000066757202,3.430000066757202,500,10,4,-1.71919606348383,1.0499999523162842
2018-08-13,3.4200000762939453,3.569999933242798,3.4000000953674316,3.4200000762939453,3.4200000762939453,6600,11,0,0.0,1.0499999523162842
2018-08-14,3.2699999809265137,3.8499999046325684,3.0,3.8499999046325684,3.8499999046325684,37000,12,1,17.73700082841343,1.0499999523162842
2018-08-15,3.75,3.75,3.5299999713897705,3.75,3.75,2100,13,2,0.0,1.0499999523162842
2018-08-16,3.75,3.75,3.75,3.75,3.75,600,14,3,0.0,42.18749534338731
2018-08-17,3.759999990463257,3.8399999141693115,3.259999990463257,3.8399999141693115,3.8399999141693115,20000,15,4,2.127657550770312,45.68527126285237
2018-08-20,3.799999952316284,3.8399999141693115,3.5,3.5199999809265137,3.5199999809265137,12300,16,0,-7.368420392192299,39.473682559427935
2018-08-21,3.6500000953674316,3.8499999046325684,3.5999999046325684,3.7100000381469727,3.7100000381469727,9300,17,1,1.6438340058043455,37.837837547579014
2018-08-22,3.6500000953674316,3.6500000953674316,3.5999999046325684,3.5999999046325684,3.5999999046325684,4100,18,2,-1.36986820351932,40.384612739438744
2018-08-23,3.509999990463257,3.5399999618530273,3.380000114440918,3.5399999618530273,3.5399999618530273,4000,19,3,0.8547000419168338,39.25233488676788
2018-08-24,3.1700000762939453,3.259999990463257,2.940000057220459,3.25,3.25,7000,20,4,2.5236568385065494,34.854770429604585
2018-08-27,3.4100000858306885,3.4100000858306885,2.950000047683716,3.0199999809265137,3.0199999809265137,15300,21,0,-11.43695293512491,32.68482241201497
2018-08-28,3.0999999046325684,3.0999999046325684,3.0199999809265137,3.0999999046325684,3.0999999046325684,3000,22,1,0.0,36.22047000191767
2018-08-29,3.3299999237060547,3.3299999237060547,2.990000009536743,3.0299999713897705,3.0299999713897705,7300,23,2,-9.009007783471823,43.601895145525745
2018-08-30,3.049999952316284,3.200000047683716,3.0,3.1500000953674316,3.1500000953674316,10100,24,3,3.278693266050836,43.33333295489108
2018-08-31,3.0,3.0999999046325684,3.0,3.0799999237060547,3.0799999237060547,14300,25,4,2.6666641235351562,42.129625541519275
2018-09-04,3.3399999141693115,3.5999999046325684,2.740000009536743,3.130000114440918,3.130000114440918,15500,26,1,-6.287419315117626,29.77528917625318
2018-09-05,2.799999952316284,3.4600000381469727,2.75,2.9000000953674316,2.9000000953674316,22000,27,2,3.5714337412192876,27.74869737347653
2018-09-06,2.990000009536743,3.5799999237060547,2.9000000953674316,2.9000000953674316,2.9000000953674316,21500,28,3,-3.0100305646238334,27.74869737347653
2018-09-07,3.0899999141693115,3.0899999141693115,2.740000009536743,2.9000000953674316,2.9000000953674316,1700,29,4,-6.148861620695478,24.17583497246069
2018-09-10,3.0,3.0,2.7699999809265137,2.799999952316284,2.799999952316284,5000,30,0,-6.666668256123865,27.5000078231066
2018-09-11,2.759999990463257,3.0,2.75,2.8499999046325684,2.8499999046325684,17200,31,1,3.260866466677248,20.54795102165592
2018-09-12,3.0,3.450000047683716,2.759999990463257,2.890000104904175,2.890000104904175,98100,32,2,-3.66666316986084,24.46044954747657
2018-09-13,3.0,3.0,2.509999990463257,2.940000057220459,2.940000057220459,24100,33,3,-1.9999980926513672,28.26088233495308
2018-09-14,2.9000000953674316,2.950000047683716,2.7300000190734863,2.75,2.75,6300,34,4,-5.1724169115389795,30.46876047737335
2018-09-17,2.8499999046325684,3.359999895095825,2.759999990463257,2.9200000762939453,2.9200000762939453,33700,35,0,2.456146456271613,45.90164575163756
2018-09-18,2.990000009536743,3.890000104904175,2.990000009536743,3.200000047683716,3.200000047683716,294300,36,1,7.023412624654446,53.52112983479449
2018-09-19,3.180000066757202,3.200000047683716,2.759999990463257,2.9000000953674316,2.9000000953674316,30900,37,2,-8.805030362005617,46.06061175287421
2018-09-20,2.880000114440918,3.190000057220459,2.8499999046325684,2.940000057220459,2.940000057220459,12000,38,3,2.0833312637276835,43.3121034584347
2018-09-21,3.1600000858306885,3.2100000381469727,2.9000000953674316,2.9000000953674316,2.9000000953674316,18600,39,4,-8.227847575988568,44.155851394051616
2018-09-24,3.0399999618530273,3.0399999618530273,2.809999942779541,2.9100000858306885,2.9100000858306885,1100,40,0,-4.276311764921791,42.66666687859426
2018-09-25,2.890000104904175,3.1500000953674316,2.8299999237060547,2.8499999046325684,2.8499999046325684,59800,41,1,-1.3840899245549543,48.12029414748892
2018-09-26,2.950000047683716,2.950000047683716,2.75,2.75,2.75,21700,42,2,-6.779662523760033,44.755242540000964
2018-09-27,2.75,2.990000009536743,2.75,2.869999885559082,2.869999885559082,2300,43,3,4.3636322021484375,49.03225141559091
2018-09-28,2.930000066757202,3.0799999237060547,2.7300000190734863,2.7300000190734863,2.7300000190734863,17800,44,4,-6.825940038461065,47.79874411882063
2018-10-01,2.759999990463257,2.859999895095825,2.7200000286102295,2.7200000286102295,2.7200000286102295,12000,45,0,-1.4492739851898917,45.80645548317373
2018-10-02,2.759999990463257,2.759999990463257,2.559999942779541,2.640000104904175,2.640000104904175,32400,46,1,-4.347821955569664,42.13836317664781
2018-10-03,2.869999885559082,3.4000000953674316,2.609999895095825,2.700000047683716,2.700000047683716,24600,47,2,-5.923339534985727,42.49999813735446
2018-10-04,2.7100000381469727,3.0999999046325684,2.7100000381469727,2.75,2.75,5000,48,3,1.476013331733328,50.0
2018-10-05,2.7200000286102295,3.0,2.7200000286102295,2.75,2.75,1800,49,4,1.1029401130226768,43.4108471255764
2018-10-08,2.8499999046325684,2.880000114440918,2.7200000286102295,2.7200000286102295,2.7200000286102295,3900,50,0,-4.5613993113132745,26.92306457891361
2018-10-09,2.5999999046325684,2.9600000381469727,2.5999999046325684,2.9600000381469727,2.9600000381469727,2000,51,1,13.84615948919734,53.06122300029972
2018-10-10,2.880000114440918,2.880000114440918,2.5999999046325684,2.5999999046325684,2.5999999046325684,7200,52,2,-9.722229120907688,36.9230681763579
2018-10-11,2.740000009536743,2.859999895095825,2.559999942779541,2.640000104904175,2.640000104904175,6100,53,3,-3.6496315432303805,39.99999999999999
2018-10-12,2.630000114440918,2.630000114440918,2.609999895095825,2.609999895095825,2.609999895095825,3000,54,4,-0.7604645807912647,38.63635788936007
2018-10-15,2.5899999141693115,2.5899999141693115,2.559999942779541,2.559999942779541,2.559999942779541,3400,55,0,-1.1583000920443065,38.931298682436996
2018-10-16,2.619999885559082,2.619999885559082,2.559999942779541,2.559999942779541,2.559999942779541,7600,56,1,-2.2900742519207262,42.14875821361831
2018-10-17,2.559999942779541,2.569999933242798,2.559999942779541,2.569999933242798,2.569999933242798,1100,57,2,0.3906246362021193,36.36364030443881
2018-10-18,2.569999933242798,2.5899999141693115,2.1700000762939453,2.190000057220459,2.190000057220459,11200,58,3,-14.785987777939713,29.850749986477766
2018-10-19,2.5199999809265137,2.680000066757202,2.5199999809265137,2.630000114440918,2.630000114440918,2700,59,4,4.365084696308652,47.45762985829991
2018-10-22,2.619999885559082,2.619999885559082,2.4000000953674316,2.4100000858306885,2.4100000858306885,2600,60,0,-8.015259881722535,43.97905811445638
2018-10-23,2.5999999046325684,2.7899999618530273,2.25,2.5999999046325684,2.5999999046325684,9300,61,1,0.0,47.5490163423064
2018-10-24,2.509999990463257,2.509999990463257,2.049999952316284,2.109999895095825,2.109999895095825,15900,62,2,-15.936258840128758,37.09677341825392
2018-10-25,2.240000009536743,2.240000009536743,1.850000023841858,2.0,2.0,10600,63,3,-10.71428609441738,35.52123637424093
2018-10-26,1.9900000095367432,2.0999999046325684,1.8600000143051147,1.9500000476837158,1.9500000476837158,1400,64,4,-2.0100483246901613,35.24904326557069
2018-10-29,2.0399999618530273,2.0399999618530273,1.8799999952316284,1.8799999952316284,1.8799999952316284,400,65,0,-7.843135765358711,27.868853179846496
2018-10-30,2.009999990463257,2.059999942779541,1.899999976158142,1.899999976158142,1.899999976158142,5600,66,1,-5.472637553583393,33.33333522554426
2018-10-31,1.909999966621399,1.909999966621399,1.850000023841858,1.8899999856948853,1.8899999856948853,11500,67,2,-1.047119438535471,31.884053464046616
2018-11-01,1.9700000286102295,1.9700000286102295,1.850000023841858,1.909999966621399,1.909999966621399,19900,68,3,-3.0456883815965563,33.0097070523709
2018-11-02,1.8799999952316284,2.119999885559082,1.8700000047683716,2.0,2.0,45600,69,4,6.382978993230615,36.66666590978217
2018-11-05,1.899999976158142,2.25,1.8600000143051147,1.9299999475479126,1.9299999475479126,253400,70,0,1.5789458824326585,35.48386919563988
2018-11-06,2.119999885559082,2.119999885559082,1.7000000476837158,1.7000000476837158,1.7000000476837158,47700,71,1,-19.811314176774342,31.79916274165447
2018-11-07,1.6799999475479126,1.6799999475479126,1.2300000190734863,1.399999976158142,1.399999976158142,78700,72,2,-16.666665484034795,32.90042983983173
2018-11-08,1.5399999618530273,2.0999999046325684,1.2599999904632568,1.399999976158142,1.399999976158142,512500,73,3,-9.090908387194263,17.112291658631733
2018-11-09,1.4900000095367432,1.649999976158142,1.2999999523162842,1.5700000524520874,1.5700000524520874,139800,74,4,5.369130362637864,26.923073648096107
2018-11-12,1.6200000047683716,1.6399999856948853,1.399999976158142,1.409999966621399,1.409999966621399,38200,75,0,-12.962965279558658,16.75977977316805
2018-11-13,1.5,1.5,1.2699999809265137,1.2699999809265137,1.2699999809265137,65200,76,1,-15.333334604899084,20.833337472544613
2018-11-14,1.2699999809265137,1.3899999856948853,1.1100000143051147,1.2100000381469727,1.2100000381469727,37700,77,2,-4.724405014224386,21.582737329811607
2018-11-15,1.2699999809265137,1.440000057220459,1.1100000143051147,1.3799999952316284,1.3799999952316284,56700,78,3,8.661418579303092,31.125827448592176
2018-11-16,1.4500000476837158,1.4500000476837158,1.2200000286102295,1.440000057220459,1.440000057220459,6900,79,4,-0.689654492027858,35.333336565229374
2018-11-19,1.440000057220459,1.440000057220459,1.2899999618530273,1.3799999952316284,1.3799999952316284,34200,80,0,-4.166670805877947,33.116885931742004
2018-11-20,1.2599999904632568,1.5199999809265137,1.2599999904632568,1.350000023841858,1.350000023841858,40700,81,1,7.142859846015659,32.69231092530086
2018-11-21,1.4500000476837158,1.5700000524520874,1.440000057220459,1.5199999809265137,1.5199999809265137,34400,82,2,4.827581444195017,38.59649269571288
2018-11-23,1.5399999618530273,1.5399999618530273,1.3300000429153442,1.3300000429153442,1.3300000429153442,44000,83,4,-13.636358710359819,31.491714526560315
2018-11-26,1.5399999618530273,1.6799999475479126,1.4299999475479126,1.659999966621399,1.659999966621399,49400,84,0,7.792208294861247,43.4782611199523
2018-11-27,1.659999966621399,1.659999966621399,1.3300000429153442,1.350000023841858,1.350000023841858,12100,85,1,-18.674695723668265,41.86046447155602
2018-11-28,1.4700000286102295,1.4700000286102295,1.2999999523162842,1.3200000524520874,1.3200000524520874,28200,86,2,-10.204079812158607,47.87234231431662
2018-11-29,1.4199999570846558,4.260000228881836,1.4199999570846558,2.799999952316284,2.799999952316284,6571900,87,3,97.1831011928233,70.83333436813626
2018-11-30,3.5399999618530273,5.0,3.5399999618530273,3.8399999141693115,3.8399999141693115,18334000,88,4,8.474575015510677,76.83215181323968
2018-12-03,3.5,3.5,2.7699999809265137,2.8299999237060547,2.8299999237060547,1096000,89,0,-19.142859322684146,63.97637872419063
2018-12-04,2.799999952316284,3.390000104904175,2.6700000762939453,2.799999952316284,2.799999952316284,614500,90,1,0.0,65.39235522510194
2018-12-06,2.799999952316284,3.140000104904175,2.5,3.0,3.0,461300,91,3,7.142858967489163,67.51467790720916
2018-12-07,3.0,3.0299999713897705,2.380000114440918,2.380000114440918,2.380000114440918,226100,92,4,-20.6666628519694,58.992807498402094
2018-12-10,2.380000114440918,2.5,1.9800000190734863,2.130000114440918,2.130000114440918,255600,93,0,-10.50420117558386,56.0000009951385
2018-12-11,2.140000104904175,2.240000009536743,1.7999999523162842,1.9600000381469727,1.9600000381469727,147800,94,1,-8.41121766044316,54.9488062175339
2018-12-12,2.0199999809265137,2.25,1.850000023841858,2.0299999713897705,2.0299999713897705,275000,95,2,0.49504903750889895,55.76271190892619
2018-12-13,2.880000114440918,4.329999923706055,2.549999952316284,4.159999847412109,4.159999847412109,29024000,96,3,44.44443340654771,66.79389352340735
2018-12-14,3.6500000953674316,4.090000152587891,3.3299999237060547,3.799999952316284,3.799999952316284,4458700,97,4,4.109585014510864,65.379826286072
2018-12-17,3.4600000381469727,3.5999999046325684,2.799999952316284,2.799999952316284,2.799999952316284,717700,98,0,-19.07514677902016,56.55172446867423
2018-12-18,2.890000104904175,3.180000066757202,2.7200000286102295,2.950000047683716,2.950000047683716,441700,99,1,2.0761225121661564,59.36768207255103
2018-12-19,3.5199999809265137,4.179999828338623,3.2899999618530273,3.640000104904175,3.640000104904175,10434200,100,2,3.4090944496560915,62.60869636202131
2018-12-20,3.569999933242798,3.569999933242798,2.859999895095825,3.069999933242798,3.069999933242798,945200,101,3,-14.005602502794067,51.628467926230016
2018-12-21,3.200000047683716,4.300000190734863,3.0,4.300000190734863,4.300000190734863,812000,102,4,34.37500395812088,52.71226569927956
2018-12-24,3.8499999046325684,5.75,3.5999999046325684,4.949999809265137,4.949999809265137,4458300,103,0,28.571426802088418,63.05418667141468
2018-12-26,5.5,7.449999809265137,5.449999809265137,6.309999942779541,6.309999942779541,10023500,104,2,14.727271686900757,68.57142842726012
2018-12-27,5.699999809265137,6.670000076293945,5.449999809265137,5.78000020980835,5.78000020980835,2576300,105,3,1.4035158459685393,64.21268039730191
2018-12-28,5.800000190734863,5.900000095367432,5.099999904632568,5.550000190734863,5.550000190734863,563200,106,4,-4.310344685839141,66.8796598581869
2018-12-31,5.420000076293945,5.510000228881836,5.010000228881836,5.119999885559082,5.119999885559082,246900,107,0,-5.535058791733372,65.62173311120793
2019-01-02,4.940000057220459,6.5,4.650000095367432,6.5,6.5,1003200,108,2,31.57894584433043,71.05751332788583
2019-01-03,6.289999961853027,7.179999828338623,6.050000190734863,6.75,6.75,2134500,109,3,7.313196199312166,71.53284630248795
2019-01-04,6.78000020980835,7.150000095367432,6.110000133514404,6.400000095367432,6.400000095367432,769800,110,4,-5.604721278491809,62.20043667478087
2019-01-07,6.400000095367432,6.550000190734863,5.699999809265137,6.0,6.0,260400,111,0,-6.25000139698384,61.930585287841936
2019-01-08,5.889999866485596,6.289999961853027,5.78000020980835,6.289999961853027,6.289999961853027,172000,112,1,6.791173250163429,70.5052868266402
2019-01-09,6.230000019073486,6.25,6.0,6.050000190734863,6.050000190734863,66400,113,2,-2.8892428216299115,68.02325634584999
2019-01-10,6.0,7.090000152587891,6.0,6.78000020980835,6.78000020980835,843400,114,3,13.000003496805835,68.17129668275045
2019-01-11,6.829999923706055,7.489999771118164,6.5,6.96999979019165,6.96999979019165,387500,115,4,2.0497784487474746,73.60774870818831
2019-01-14,7.090000152587891,7.550000190734863,6.96999979019165,7.269999980926514,7.269999980926514,295200,116,0,2.5387845481628313,70.25920882886508
2019-01-15,7.480000019073486,9.4399995803833,7.349999904632568,8.329999923706055,8.329999923706055,1449200,117,1,11.363635059694221,71.83462670795805
2019-01-16,8.1899995803833,8.489999771118164,7.519999980926514,7.599999904632568,7.599999904632568,277300,118,2,-7.2039036139134875,59.07173012759251
2019-01-17,7.599999904632568,7.679999828338623,6.900000095367432,7.099999904632568,7.099999904632568,263800,119,3,-6.578947450975958,59.32203184356293
2019-01-18,7.099999904632568,8.0,6.309999942779541,6.699999809265137,6.699999809265137,551800,120,4,-5.633804235778117,57.93103185193292
2019-01-22,6.440000057220459,7.139999866485596,5.78000020980835,5.800000190734863,5.800000190734863,430400,121,1,-9.937886037252975,54.40414744596854
2019-01-23,5.659999847412109,5.800000190734863,5.0,5.400000095367432,5.400000095367432,400000,122,2,-4.593635318975419,41.83976246432299
2019-01-24,5.710000038146973,6.389999866485596,5.349999904632568,5.949999809265137,5.949999809265137,363200,123,3,4.2031483277546355,44.3181796630549
2019-01-25,5.960000038146973,6.0,5.519999980926514,5.840000152587891,5.840000152587891,103600,124,4,-2.0134208857554126,45.8823526111853
2019-01-28,5.690000057220459,5.690000057220459,5.070000171661377,5.199999809265137,5.199999809265137,300100,125,0,-8.611603568149794,44.3181796630549
2019-01-29,5.159999847412109,5.400000095367432,4.659999847412109,4.820000171661377,4.820000171661377,292900,126,1,-6.589141197770621,39.691444168812154
2019-01-30,4.960000038146973,6.110000133514404,4.699999809265137,5.480000019073486,5.480000019073486,358700,127,2,10.483870502565207,46.22516380622219
2019-01-31,5.420000076293945,5.599999904632568,5.090000152587891,5.46999979019165,5.46999979019165,117400,128,3,0.922503933466623,40.409951558084856
2019-02-01,5.75,7.0,5.650000095367432,6.880000114440918,6.880000114440918,1899200,129,4,19.652175903320312,49.4409957829231
2019-02-04,6.760000228881836,6.800000190734863,6.099999904632568,6.460000038146973,6.460000038146973,837300,130,0,-4.437872493748218,45.04283976443893
2019-02-05,6.170000076293945,6.639999866485596,6.050000190734863,6.190000057220459,6.190000057220459,253000,131,1,0.32414879544906405,35.50135520616068
2019-02-06,6.099999904632568,6.130000114440918,5.75,5.949999809265137,5.949999809265137,223000,132,2,-2.459017995287438,38.026123894476555
2019-02-07,5.949999809265137,5.949999809265137,5.650000095367432,5.860000133514404,5.860000133514404,82700,133,3,-1.5125996409376063,40.432099855594856
2019-02-08,5.760000228881836,5.760000228881836,5.179999828338623,5.389999866485596,5.389999866485596,172200,134,4,-6.423617147460892,39.99999999999999
2019-02-11,5.349999904632568,5.760000228881836,5.210000038146973,5.25,5.25,166100,135,0,-1.8691571292548725,45.25043010053111
2019-02-12,4.980000019073486,5.150000095367432,4.210000038146973,4.739999771118164,4.739999771118164,1430000,136,1,-4.819282068998332,44.406777003550495
2019-02-13,4.71999979019165,5.050000190734863,4.349999904632568,4.639999866485596,4.639999866485596,527700,137,2,-1.6949137131806236,37.9816525320183
2019-02-14,4.369999885559082,4.650000095367432,4.210000038146973,4.300000190734863,4.300000190734863,326300,138,3,-1.6018237221363973,36.44366303598844
2019-02-15,4.360000133514404,4.380000114440918,3.940000057220459,4.199999809265137,4.199999809265137,452100,139,4,-3.669732095175382,40.27237419060609
2019-02-19,4.070000171661377,4.150000095367432,3.5199999809265137,3.5899999141693115,3.5899999141693115,712200,140,1,-11.793617622775898,38.54748491736267
2019-02-20,3.799999952316284,3.9000000953674316,3.200000047683716,3.369999885559082,3.369999885559082,888100,141,2,-11.315791372447158,28.600407719885965
2019-02-21,3.3499999046325684,4.599999904632568,3.2899999618530273,3.9700000286102295,3.9700000286102295,5511600,142,3,18.507466914261393,36.41304735143555
2019-02-22,3.9800000190734863,4.190000057220459,3.799999952316284,3.8299999237060547,3.8299999237060547,530900,143,4,-3.7688465992105846,14.117648840775345
2019-02-25,3.759999990463257,4.0,3.559999942779541,3.9700000286102295,3.9700000286102295,342700,144,0,5.585107411691759,18.639802361232455
2019-02-26,3.7799999713897705,3.930000066757202,3.680000066757202,3.690000057220459,3.690000057220459,270900,145,1,-2.3809501283202916,18.592968737457568
2019-02-27,3.759999990463257,3.7799999713897705,3.569999933242798,3.5999999046325684,3.5999999046325684,142200,146,2,-4.2553214424603025,19.32115327847923
2019-02-28,3.6500000953674316,4.090000152587891,3.4200000762939453,3.609999895095825,3.609999895095825,752300,147,3,-1.0958958692185994,20.000002543131018
2019-03-01,3.609999895095825,3.6500000953674316,3.4100000858306885,3.509999990463257,3.509999990463257,181600,148,4,-2.7700805412326446,22.189353849743682
2019-03-04,3.5,3.549999952316284,3.2699999809265137,3.369999885559082,3.369999885559082,146600,149,0,-3.714288984026226,22.18935228455041
2019-03-05,3.380000114440918,3.4000000953674316,3.25,3.3299999237060547,3.3299999237060547,203100,150,1,-1.4792955337853186,25.77320119756574
2019-03-06,3.359999895095825,3.5799999237060547,3.2699999809265137,3.450000047683716,3.450000047683716,750500,151,2,2.6785760535068093,29.69283962415149
2019-03-07,3.5,3.509999990463257,3.2699999809265137,3.3299999237060547,3.3299999237060547,203900,152,3,-4.857145036969868,32.10332265640781
2019-03-08,3.299999952316284,3.9200000762939453,3.2899999618530273,3.390000104904175,3.390000104904175,1769000,153,4,2.727277390556293,34.831470707339506
2019-03-11,3.3499999046325684,3.7100000381469727,3.3499999046325684,3.609999895095825,3.609999895095825,561000,154,0,7.761193966116653,50.43859594086217
2019-03-12,3.5899999141693115,3.690000057220459,3.4200000762939453,3.450000047683716,3.450000047683716,383600,155,1,-3.8997178226392815,51.801805043024345
2019-03-13,3.4700000286102295,3.6700000762939453,3.430000066757202,3.630000114440918,3.630000114440918,288600,156,2,4.61095344413498,40.555560191471265
2019-03-14,3.5999999046325684,3.9000000953674316,3.5999999046325684,3.630000114440918,3.630000114440918,724400,157,3,0.8333391834189907,43.97591053617456
2019-03-15,3.5999999046325684,3.7300000190734863,3.299999952316284,3.309999942779541,3.309999942779541,519300,158,4,-8.055554709316748,32.065218870152734
2019-03-18,3.3499999046325684,3.390000104904175,2.990000009536743,3.009999990463257,3.009999990463257,477000,159,0,-10.149251458160958,31.720431968233427
2019-03-19,3.009999990463257,3.1500000953674316,2.9200000762939453,2.9800000190734863,2.9800000190734863,205400,160,1,-0.9966767935156495,32.77778278162397
2019-03-20,3.0,3.069999933242798,2.880000114440918,2.9200000762939453,2.9200000762939453,96000,161,2,-2.6666641235351562,31.351357690603066
2019-03-21,2.9100000858306885,3.109999895095825,2.740000009536743,3.109999895095825,3.109999895095825,198300,162,3,6.872845476499179,39.69071949563411
2019-03-22,3.0999999046325684,3.130000114440918,2.8499999046325684,3.009999990463257,3.009999990463257,139100,163,4,-2.9032231270335718,40.5263178368356
2019-03-25,2.990000009536743,2.990000009536743,2.8299999237060547,2.9800000190734863,2.9800000190734863,59500,164,0,-0.334447840513763,40.74074260959118
2019-03-26,2.9800000190734863,3.0299999713897705,2.8499999046325684,2.950000047683716,2.950000047683716,66100,165,1,-1.0067104428777118,36.111108903531324
2019-03-27,2.9600000381469727,2.9600000381469727,2.819999933242798,2.940000057220459,2.940000057220459,58100,166,2,-0.6756750225933805,38.46153954673937
2019-03-28,2.930000066757202,3.2799999713897705,2.890000104904175,3.240000009536743,3.240000009536743,225400,167,3,10.580202584180665,46.11398586090878
2019-03-29,3.2799999713897705,3.5999999046325684,3.2699999809265137,3.430000066757202,3.430000066757202,302800,168,4,4.573173679141074,45.263161461109654
2019-04-01,3.4100000858306885,3.4800000190734863,3.119999885559082,3.1500000953674316,3.1500000953674316,130400,169,0,-7.624632959500932,42.57425765946339
2019-04-02,3.4100000858306885,3.4700000286102295,3.2100000381469727,3.2200000286102295,3.2200000286102295,198500,170,1,-5.5718490451056475,39.267011262721226
2019-04-03,3.240000009536743,3.3499999046325684,3.119999885559082,3.2100000381469727,3.2100000381469727,71300,171,2,-0.9259250401687513,39.06249573143731
2019-04-04,3.190000057220459,3.2200000286102295,3.009999990463257,3.0799999237060547,3.0799999237060547,86800,172,3,-3.4482799856201507,43.3525988458884
2019-04-05,3.109999895095825,3.180000066757202,3.0199999809265137,3.069999933242798,3.069999933242798,65300,173,4,-1.2861724502339578,52.08333195359579
2019-04-08,3.049999952316284,3.1700000762939453,2.9000000953674316,2.9800000190734863,2.9800000190734863,118200,174,0,-2.295079814333678,50.0
2019-04-09,2.990000009536743,3.0199999809265137,2.9100000858306885,2.950000047683716,2.950000047683716,53400,175,1,-1.3377913620550408,51.0204075012671
2019-04-10,2.950000047683716,3.069999933242798,2.9000000953674316,2.9600000381469727,2.9600000381469727,72400,176,2,0.33898272208872093,44.18605080978241
2019-04-11,2.950000047683716,3.0,2.880000114440918,2.9000000953674316,2.9000000953674316,41500,177,3,-1.6949136104436047,45.60000335693424
2019-04-12,2.9100000858306885,3.0,2.9000000953674316,2.930000066757202,2.930000066757202,32800,178,4,0.6872845476499245,48.00000152587919
2019-04-15,2.940000057220459,3.0799999237060547,2.8399999141693115,2.930000066757202,2.930000066757202,148800,179,0,-0.3401357234227742,49.18032850959049
2019-04-16,2.9700000286102295,3.0,2.819999933242798,2.9100000858306885,2.9100000858306885,108000,180,1,-2.020200074126499,48.78048875042086
2019-04-17,2.9000000953674316,2.9200000762939453,2.809999942779541,2.8299999237060547,2.8299999237060547,50300,181,2,-2.4137989434275475,29.70296585633463
2019-04-18,2.799999952316284,2.9000000953674316,2.5299999713897705,2.690000057220459,2.690000057220459,121800,182,3,-3.9285677488968718,11.458324796207947
2019-04-22,2.680000066757202,2.890000104904175,2.6500000953674316,2.690000057220459,2.690000057220459,59400,183,0,0.3731339632150332,16.17645924478792
2019-04-23,2.690000057220459,2.690000057220459,2.490000009536743,2.5899999141693115,2.5899999141693115,188700,184,1,-3.717477357769139,5.633797141394965
2019-04-24,2.4700000286102295,2.5799999237060547,2.3499999046325684,2.4000000953674316,2.4000000953674316,142500,185,2,-2.834005361618719,4.494378410524703
2019-04-25,2.430000066757202,2.5199999809265137,2.319999933242798,2.4000000953674316,2.4000000953674316,60700,186,3,-1.2345666899427288,5.2631545925393795
2019-04-26,2.3399999141693115,2.5,2.2699999809265137,2.5,2.5,50000,187,4,6.837610756387047,16.470578995539327
2019-04-29,2.5,2.5799999237060547,2.380000114440918,2.549999952316284,2.549999952316284,189600,188,0,1.9999980926513672,23.456776314724408
2019-04-30,2.509999990463257,2.75,2.450000047683716,2.619999885559082,2.619999885559082,131700,189,1,4.382465956723891,30.58821813457304
2019-05-01,2.5799999237060547,2.75,2.5,2.7200000286102295,2.7200000286102295,315400,190,2,5.426360815665099,37.23403958510087
2019-05-02,2.799999952316284,2.859999895095825,2.5999999046325684,2.8299999237060547,2.8299999237060547,213900,191,3,1.071427567880967,46.464636977526034
2019-05-03,2.7799999713897705,2.9800000190734863,2.6600000858306885,2.890000104904175,2.890000104904175,285500,192,4,3.9568393757721365,48.03921751955851
2019-05-06,2.8499999046325684,2.9100000858306885,2.75,2.880000114440918,2.880000114440918,99800,193,0,1.0526389758675148,47.57281778130442
2019-05-07,3.0199999809265137,3.130000114440918,2.75,2.759999990463257,2.759999990463257,208300,194,1,-8.609271261766393,43.36282831078977
2019-05-08,2.740000009536743,2.819999933242798,2.6500000953674316,2.7699999809265137,2.7699999809265137,107100,195,2,1.0948894629691175,47.16981386705509
2019-05-09,2.75,2.809999942779541,2.5999999046325684,2.630000114440918,2.630000114440918,45800,196,3,-4.3636322021484375,47.16981386705509
2019-05-10,2.630000114440918,2.630000114440918,2.309999942779541,2.369999885559082,2.369999885559082,111400,197,4,-9.885939831493374,37.87878295278482
2019-05-13,2.369999885559082,2.4000000953674316,2.25,2.259999990463257,2.259999990463257,58100,198,0,-4.641346008752079,37.59398711894255
2019-05-14,2.3399999141693115,2.390000104904175,2.180000066757202,2.2300000190734863,2.2300000190734863,42700,199,1,-4.700850390196476,42.73503994835487
2019-05-15,2.25,2.369999885559082,2.190000057220459,2.2799999713897705,2.2799999713897705,37300,200,2,1.3333320617675781,45.081962247396014
2019-05-16,2.3399999141693115,2.3399999141693115,2.190000057220459,2.25,2.25,14800,201,3,-3.846150319251662,39.130435684002116
2019-05-17,2.2200000286102295,2.2899999618530273,2.200000047683716,2.259999990463257,2.259999990463257,39600,202,4,1.8018000602490147,36.93694022653629
2019-05-20,2.3299999237060547,2.3299999237060547,2.1500000953674316,2.200000047683716,2.200000047683716,56900,203,0,-5.579394003393934,30.909100761097037
2019-05-21,2.1600000858306885,2.2200000286102295,2.0199999809265137,2.1500000953674316,2.1500000953674316,60500,204,1,-0.46296250305060127,22.857144803417057
2019-05-22,2.1500000953674316,2.25,2.1500000953674316,2.2100000381469727,2.2100000381469727,39100,205,2,2.7906948892152172,19.0000057220459
2019-05-23,2.200000047683716,2.369999885559082,2.200000047683716,2.299999952316284,2.299999952316284,44900,206,3,4.545450112051319,21.35920846863013
2019-05-24,2.2899999618530273,2.309999942779541,2.2100000381469727,2.2799999713897705,2.2799999713897705,12600,207,4,-0.4366808135300104,21.153831605371295
2019-05-28,2.259999990463257,2.2799999713897705,2.200000047683716,2.2300000190734863,2.2300000190734863,16000,208,1,-1.3274323679807187,22.680401221785175
2019-05-29,2.200000047683716,2.259999990463257,1.9800000190734863,2.0399999618530273,2.0399999618530273,154200,209,2,-7.272731016490008,18.260858207655616
2019-05-30,2.0999999046325684,2.0999999046325684,2.0,2.0899999141693115,2.0899999141693115,35300,210,3,-0.47619004368509854,24.528285335836273
2019-05-31,2.049999952316284,2.059999942779541,1.850000023841858,1.850000023841858,1.850000023841858,106600,211,4,-9.756094298853391,24.999991403170995
2019-06-03,1.8700000047683716,1.8700000047683716,1.7999999523162842,1.8300000429153442,1.8300000429153442,60600,212,0,-2.139035387755628,27.368410749772906
2019-06-04,1.840000033378601,1.840000033378601,1.7599999904632568,1.809999942779541,1.809999942779541,73400,213,1,-1.6304396768935914,27.659560437107686
2019-06-05,1.8300000429153442,1.9800000190734863,1.7799999713897705,1.9199999570846558,1.9199999570846558,22300,214,2,4.91802798135097,31.99999284744007
2019-06-06,1.9700000286102295,2.2300000190734863,1.9700000286102295,2.049999952316284,2.049999952316284,150300,215,3,4.060909773818233,40.90908598308571
2019-06-07,2.049999952316284,2.180000066757202,1.8200000524520874,2.130000114440918,2.130000114440918,70800,216,4,3.9024470236812547,44.44444897281315
2019-06-10,2.180000066757202,2.180000066757202,2.0199999809265137,2.0399999618530273,2.0399999618530273,27800,217,0,-6.422022964083118,43.333330021964315
2019-06-11,1.9700000286102295,2.0899999141693115,1.899999976158142,1.9199999570846558,1.9199999570846558,32200,218,1,-2.5380746598692716,40.94487715953009
2019-06-12,1.9199999570846558,2.0299999713897705,1.899999976158142,1.9199999570846558,1.9199999570846558,54500,219,2,0.0,38.01652713434599
2019-06-13,1.9500000476837158,2.2300000190734863,1.9500000476837158,2.059999942779541,2.059999942779541,126000,220,3,5.641020123383456,40.476191827769476
2019-06-14,2.069999933242798,2.069999933242798,1.899999976158142,1.9500000476837158,1.9500000476837158,43200,221,4,-5.797096107684119,37.77778189859229
2019-06-17,1.9900000095367432,2.0199999809265137,1.909999966621399,1.9299999475479126,1.9299999475479126,21800,222,0,-3.0150784774517714,38.63636343111353
2019-06-18,1.9500000476837158,2.0299999713897705,1.850000023841858,1.9800000190734863,1.9800000190734863,34900,223,1,1.5384600336500354,47.457630200756476
2019-06-19,1.9299999475479126,1.9900000095367432,1.8600000143051147,1.8700000047683716,1.8700000047683716,23800,224,2,-3.1088054098535878,41.12903853794849
2019-06-20,1.899999976158142,2.009999990463257,1.899999976158142,1.9299999475479126,1.9299999475479126,35700,225,3,1.5789458824326585,53.773579813061914
2019-06-21,1.9299999475479126,2.0399999618530273,1.8799999952316284,1.9500000476837158,1.9500000476837158,33100,226,4,1.0362746465985007,55.66037470609584
2019-06-24,1.9800000190734863,1.9800000190734863,1.8700000047683716,1.8799999952316284,1.8799999952316284,26400,227,0,-5.050506205987393,53.15315412068205
2019-06-25,1.9199999570846558,1.9500000476837158,1.7699999809265137,1.850000023841858,1.850000023841858,79300,228,1,-3.645829937886369,46.601946466950686
2019-06-26,1.8600000143051147,1.8899999856948853,1.7999999523162842,1.850000023841858,1.850000023841858,21300,229,2,-0.5376338917391199,38.88889845506162
2019-06-27,1.8899999856948853,1.8899999856948853,1.7599999904632568,1.7799999713897705,1.7799999713897705,35200,230,3,-5.820106621041676,30.337078200192238
2019-06-28,1.7799999713897705,1.8300000429153442,1.6799999475479126,1.6799999475479126,1.6799999475479126,70100,231,4,-5.617978957818792,30.000003973642038
2019-07-01,1.840000033378601,1.840000033378601,1.649999976158142,1.690000057220459,1.690000057220459,76400,232,0,-8.152172469405484,35.44305019931332
2019-07-02,1.690000057220459,1.7999999523162842,1.690000057220459,1.7000000476837158,1.7000000476837158,65900,233,1,0.5917153919925866,36.25001098960213
2019-07-03,1.7300000190734863,1.8200000524520874,1.6399999856948853,1.7899999618530273,1.7899999618530273,44700,234,2,3.4682047467071264,32.00000699360943
2019-07-05,1.899999976158142,1.9900000095367432,1.7699999809265137,1.840000033378601,1.840000033378601,25000,235,4,-3.157891764865317,42.02898926305035
2019-07-08,1.850000023841858,1.899999976158142,1.7000000476837158,1.7999999523162842,1.7999999523162842,53800,236,0,-2.702706534118826,40.84507586155948
2019-07-09,1.7799999713897705,2.0999999046325684,1.7300000190734863,1.899999976158142,1.899999976158142,83500,237,1,6.741573409952317,44.7368416924888
2019-07-10,1.909999966621399,2.0199999809265137,1.8600000143051147,1.8600000143051147,1.8600000143051147,23300,238,2,-2.617798596338672,49.27536332038848
2019-07-11,1.9299999475479126,2.0299999713897705,1.899999976158142,2.0,2.0,41500,239,3,3.6269458214764905,54.54545595288356
2019-07-12,1.9299999475479126,2.0399999618530273,1.909999966621399,1.9700000286102295,1.9700000286102295,19500,240,4,2.0725431165496966,51.28204971453969
2019-07-15,1.9700000286102295,2.0399999618530273,1.9700000286102295,1.9800000190734863,1.9800000190734863,41600,241,0,0.5076137217272736,56.944444674400586
2019-07-16,1.9900000095367432,2.1500000953674316,1.9900000095367432,2.0199999809265137,2.0199999809265137,91500,242,1,1.5075362435176265,61.64383047135834
2019-07-17,2.0299999713897705,2.140000104904175,1.9500000476837158,2.0,2.0,38700,243,2,-1.4778311237724773,59.999996821086114
2019-07-18,1.9900000095367432,2.0799999237060547,1.9600000381469727,2.009999990463257,2.009999990463257,11000,244,3,1.0050241623450695,66.66666666666666
2019-07-19,1.9500000476837158,2.0399999618530273,1.899999976158142,1.9600000381469727,1.9600000381469727,13700,245,4,0.5128200112166859,71.87500756699609
2019-07-22,2.0,2.049999952316284,1.940000057220459,1.9700000286102295,1.9700000286102295,14800,246,0,-1.4999985694885254,71.87500232830692
2019-07-23,1.9199999570846558,2.0199999809265137,1.909999966621399,2.0,2.0,41700,247,1,4.166668994973155,72.72727436927434
2019-07-24,1.9600000381469727,2.0,1.9299999475479126,1.9900000095367432,1.9900000095367432,12100,248,2,1.530610755402484,67.24138568896402
2019-07-25,1.9199999570846558,1.9500000476837158,1.8600000143051147,1.8600000143051147,1.8600000143051147,45700,249,3,-3.1249970896168877,51.51515042048377
2019-07-26,1.8300000429153442,1.9500000476837158,1.8300000429153442,1.8700000047683716,1.8700000047683716,23000,250,4,2.1857902139337693,55.55556186292781
2019-07-29,1.899999976158142,1.9800000190734863,1.840000033378601,1.850000023841858,1.850000023841858,6900,251,0,-2.6315764707210976,45.45454742494796
2019-07-30,1.8600000143051147,1.8600000143051147,1.7599999904632568,1.8300000429153442,1.8300000429153442,19300,252,1,-1.6129016752173708,47.16981259390548
2019-07-31,1.840000033378601,1.899999976158142,1.7599999904632568,1.7999999523162842,1.7999999523162842,34700,253,2,-2.1739174096029212,26.19046132309873
2019-08-01,1.8200000524520874,1.9299999475479126,1.7599999904632568,1.7699999809265137,1.7699999809265137,19800,254,3,-2.74725659805386,26.19046132309873
2019-08-02,1.7999999523162842,1.7999999523162842,1.7599999904632568,1.7899999618530273,1.7899999618530273,18000,255,4,-0.5555550404536702,27.90696127082697
2019-08-05,1.850000023841858,1.850000023841858,1.399999976158142,1.649999976158142,1.649999976158142,157900,256,0,-10.810813248984708,15.094329437437707
2019-08-06,1.6299999952316284,1.7899999618530273,1.5,1.590000033378601,1.590000033378601,42100,257,1,-2.453985396935121,14.03507891343834
2019-08-07,1.5800000429153442,1.7000000476837158,1.5700000524520874,1.6399999856948853,1.6399999856948853,32000,258,2,3.7974646297370906,19.67211961425423
2019-08-08,1.659999966621399,1.840000033378601,1.6200000047683716,1.6799999475479126,1.6799999475479126,24800,259,3,1.2048181523292234,26.666650772089042
2019-08-09,1.6299999952316284,1.7999999523162842,1.6299999952316284,1.690000057220459,1.690000057220459,17800,260,4,3.680985408856041,26.666665342118804
2019-08-12,1.7000000476837158,1.7000000476837158,1.6100000143051147,1.6799999475479126,1.6799999475479126,12900,261,0,-1.176476445577379,22.413790622874657
2019-08-13,1.6399999856948853,1.7999999523162842,1.6399999856948853,1.7200000286102295,1.7200000286102295,19100,262,1,4.878051439826536,27.868858866394163
2019-08-14,1.690000057220459,1.7200000286102295,1.5299999713897705,1.590000033378601,1.590000033378601,55900,263,2,-5.917160973729663,27.868858866394163
2019-08-15,1.659999966621399,1.7000000476837158,1.4199999570846558,1.4600000381469727,1.4600000381469727,46200,264,3,-12.04818870457489,21.917815824948534
2019-08-16,1.4600000381469727,1.6399999856948853,1.4600000381469727,1.590000033378601,1.590000033378601,20400,265,4,8.904109029793172,34.52381290275703
2019-08-19,1.6200000047683716,1.690000057220459,1.6200000047683716,1.6799999475479126,1.6799999475479126,9900,266,0,3.703700160674983,41.75823729563141
2019-08-20,1.7200000286102295,1.7400000095367432,1.6200000047683716,1.6799999475479126,1.6799999475479126,29300,267,1,-2.3255860695907793,43.18181787394295
2019-08-21,1.600000023841858,1.6799999475479126,1.600000023841858,1.6799999475479126,1.6799999475479126,2600,268,2,4.999995157122683,44.705880537990105
2019-08-22,1.6799999475479126,1.6799999475479126,1.5499999523162842,1.6699999570846558,1.6699999570846558,4800,269,3,-0.5952375461590109,42.857142857142854
2019-08-23,1.6200000047683716,1.6399999856948853,1.5,1.5800000429153442,1.5800000429153442,47200,270,4,-2.4691334404499887,45.56962426437302
2019-08-26,1.5099999904632568,1.7100000381469727,1.440000057220459,1.7100000381469727,1.7100000381469727,45000,271,0,13.24503635409675,56.976744347227275
2019-08-27,1.7000000476837158,1.7000000476837158,1.5099999904632568,1.559999942779541,1.559999942779541,6900,272,1,-8.235300057486928,45.8333317811293
2019-08-28,1.5199999809265137,1.649999976158142,1.5,1.5499999523162842,1.5499999523162842,16800,273,2,1.9736823530408287,43.01075434213342
2019-08-29,1.6399999856948853,1.6399999856948853,1.5,1.5199999809265137,1.5199999809265137,9100,274,3,-7.317073525310203,41.052628012575454
2019-08-30,1.5499999523162842,1.649999976158142,1.5399999618530273,1.649999976158142,1.649999976158142,17800,275,4,6.451614639885639,48.59813209058569
2019-09-03,1.7000000476837158,1.7000000476837158,1.5800000429153442,1.659999966621399,1.659999966621399,16800,276,1,-2.352945878843815,47.115381198697726
2019-09-04,1.690000057220459,1.690000057220459,1.590000033378601,1.6799999475479126,1.6799999475479126,6600,277,2,-0.5917224457964498,54.838705956004844
2019-09-05,1.690000057220459,1.899999976158142,1.5199999809265137,1.559999942779541,1.559999942779541,83700,278,3,-7.692314203511275,55.434778383412905
2019-09-06,1.600000023841858,1.6399999856948853,1.5299999713897705,1.6100000143051147,1.6100000143051147,35700,279,4,0.6249993946403354,51.19047517679165
2019-09-09,1.6200000047683716,1.6200000047683716,1.5299999713897705,1.5299999713897705,1.5299999713897705,15800,280,0,-5.555557599610584,40.96385732515911
2019-09-10,1.5399999618530273,1.6299999952316284,1.5199999809265137,1.5700000524520874,1.5700000524520874,32000,281,1,1.9480578793626746,43.6781678493962
2019-09-11,1.7200000286102295,1.9299999475479126,1.600000023841858,1.659999966621399,1.659999966621399,335400,282,2,-3.4883756389998966,48.95833436813615
2019-09-12,1.7100000381469727,1.7300000190734863,1.559999942779541,1.6100000143051147,1.6100000143051147,71400,283,3,-5.847954480177798,47.000002861022956
2019-09-13,1.600000023841858,1.75,1.5800000429153442,1.6100000143051147,1.6100000143051147,88200,284,4,0.6249993946403354,51.64834992088958
2019-09-16,1.590000033378601,1.7200000286102295,1.5800000429153442,1.6799999475479126,1.6799999475479126,47100,285,0,5.660371841506828,48.2352888377894
2019-09-17,1.6799999475479126,1.6799999475479126,1.559999942779541,1.6200000047683716,1.6200000047683716,54100,286,1,-3.5714252769540544,53.947373167960734
2019-09-18,1.6200000047683716,1.6299999952316284,1.4800000190734863,1.4900000095367432,1.4900000095367432,62300,287,2,-8.024691040060572,46.590911861786566
2019-09-19,1.5,1.5199999809265137,1.4500000476837158,1.4800000190734863,1.4800000190734863,23100,288,3,-1.3333320617675781,47.674420538820506
2019-09-20,1.4800000190734863,1.5399999618530273,1.440000057220459,1.5299999713897705,1.5299999713897705,97100,289,4,3.3783751129669026,42.30769054424095
2019-09-23,1.5399999618530273,1.5399999618530273,1.4900000095367432,1.4900000095367432,1.4900000095367432,8000,290,0,-3.24675023083254,39.50617320289381
2019-09-24,1.5,1.5,1.4199999570846558,1.440000057220459,1.440000057220459,32000,291,1,-3.9999961853027344,35.714288755339766
2019-09-25,1.4299999475479126,1.5399999618530273,1.4299999475479126,1.4500000476837158,1.4500000476837158,46500,292,2,1.3986084524057807,42.46575834604083
2019-09-26,1.4600000381469727,1.4800000190734863,1.440000057220459,1.4600000381469727,1.4600000381469727,6500,293,3,0.0,39.13043177796241
2019-09-27,1.4700000286102295,1.5399999618530273,1.4600000381469727,1.5,1.5,13300,294,4,2.0408143405366452,47.692308538764685
2019-09-30,1.5099999904632568,1.5299999713897705,1.5099999904632568,1.5099999904632568,1.5099999904632568,4600,295,0,0.0,45.16128163927511
2019-10-01,1.5399999618530273,1.5499999523162842,1.399999976158142,1.5499999523162842,1.5499999523162842,43700,296,1,0.649350046166508,40.350868754029854
2019-10-02,1.5299999713897705,1.5499999523162842,1.4500000476837158,1.4500000476837158,1.4500000476837158,18400,297,2,-5.2287532811773225,37.09676706083313
2019-10-03,1.4600000381469727,1.6799999475479126,1.4500000476837158,1.559999942779541,1.559999942779541,59000,298,3,6.8493083575181135,46.57533485997552
2019-10-04,1.600000023841858,1.600000023841858,1.4199999570846558,1.4700000286102295,1.4700000286102295,49400,299,4,-8.124999580904845,35.999994277949554
2019-10-07,1.4700000286102295,1.6299999952316284,1.4500000476837158,1.5199999809265137,1.5199999809265137,45100,300,0,3.4013572342277643,43.243236277026504
2019-10-08,1.5299999713897705,1.5399999618530273,1.4800000190734863,1.4800000190734863,1.4800000190734863,17300,301,1,-3.26797080073582,49.23076923076923
2019-10-09,1.5,1.5700000524520874,1.399999976158142,1.4600000381469727,1.4600000381469727,68100,302,2,-2.6666641235351562,48.484848484848484
2019-10-10,1.4299999475479126,1.5499999523162842,1.4199999570846558,1.440000057220459,1.440000057220459,6500,303,3,0.6993083943600098,42.857142857142854
2019-10-11,1.4700000286102295,1.4900000095367432,1.3899999856948853,1.4299999475479126,1.4299999475479126,56800,304,4,-2.7210938968575293,44.99999105929654
2019-10-14,1.4199999570846558,1.4700000286102295,1.4199999570846558,1.4299999475479126,1.4299999475479126,7500,305,0,0.704224701794165,49.090898450733256
2019-10-15,1.4299999475479126,1.4299999475479126,1.340000033378601,1.4299999475479126,1.4299999475479126,34000,306,1,0.0,48.14813751905418
2019-10-16,1.3600000143051147,1.649999976158142,1.3600000143051147,1.6200000047683716,1.6200000047683716,174500,307,2,19.117646156504087,61.11111387058667
2019-10-17,1.590000033378601,1.850000023841858,1.4500000476837158,1.600000023841858,1.600000023841858,210900,308,3,0.6289302046118772,57.14286200854458
2019-10-18,1.6100000143051147,1.690000057220459,1.5499999523162842,1.6200000047683716,1.6200000047683716,46700,309,4,0.6211174145593246,57.746483366350965
2019-10-21,1.6399999856948853,1.6399999856948853,1.5099999904632568,1.5800000429153442,1.5800000429153442,45800,310,0,-3.6585331282255162,52.1126833872042
2019-10-22,1.590000033378601,1.590000033378601,1.4299999475479126,1.4500000476837158,1.4500000476837158,17000,311,1,-8.805030362005617,50.0
2019-10-23,1.5,1.5800000429153442,1.440000057220459,1.559999942779541,1.559999942779541,54400,312,2,3.9999961853027344,50.0
2019-10-24,1.5700000524520874,1.5700000524520874,1.4500000476837158,1.4500000476837158,1.4500000476837158,18900,313,3,-7.643312150273552,48.68421135186516
2019-10-25,1.5499999523162842,1.559999942779541,1.5099999904632568,1.5299999713897705,1.5299999713897705,40400,314,4,-1.2903213897927035,50.6329110103851
2019-10-28,1.5700000524520874,1.6699999570846558,1.5299999713897705,1.6399999856948853,1.6399999856948853,47900,315,0,4.458594325106491,59.30232606493775
2019-10-29,1.600000023841858,1.6399999856948853,1.5399999618530273,1.5499999523162842,1.5499999523162842,34700,316,1,-3.125004423782163,54.838705956004844
2019-10-30,1.6699999570846558,1.6699999570846558,1.5399999618530273,1.559999942779541,1.559999942779541,11200,317,2,-6.586827373166127,56.52173406009548
2019-10-31,1.5,1.5800000429153442,1.5,1.5499999523162842,1.5499999523162842,20400,318,3,3.3333301544189453,56.521741383919206
2019-11-01,1.5199999809265137,1.5800000429153442,1.5099999904632568,1.5299999713897705,1.5299999713897705,13300,319,4,0.6578941176802688,55.31915190426122
2019-11-04,1.5399999618530273,1.659999966621399,1.5299999713897705,1.659999966621399,1.659999966621399,40300,320,0,7.792208294861247,60.74766750803939
2019-11-05,1.5700000524520874,1.659999966621399,1.5399999618530273,1.5399999618530273,1.5399999618530273,16000,321,1,-1.9108337322794822,45.99999642372003
2019-11-06,1.5499999523162842,1.6100000143051147,1.5199999809265137,1.600000023841858,1.600000023841858,20600,322,2,3.2258111654039023,50.0
2019-11-07,1.6200000047683716,1.6200000047683716,1.559999942779541,1.559999942779541,1.559999942779541,1500,323,3,-3.7037075192730917,47.16980792568716
2019-11-08,1.6399999856948853,1.6399999856948853,1.5299999713897705,1.6200000047683716,1.6200000047683716,15900,324,4,-1.2195110427418387,51.85185021660771
2019-11-11,1.659999966621399,1.690000057220459,1.6299999952316284,1.690000057220459,1.690000057220459,23900,325,0,1.8072344097764814,61.764706569834445
2019-11-12,1.7100000381469727,1.75,1.590000033378601,1.6200000047683716,1.6200000047683716,44900,326,1,-5.263159729290345,53.06122722053728
2019-11-13,1.659999966621399,1.659999966621399,1.600000023841858,1.6399999856948853,1.6399999856948853,10200,327,2,-1.2048181523292234,60.67415113296346
2019-11-14,1.6299999952316284,1.6299999952316284,1.5800000429153442,1.5800000429153442,1.5800000429153442,9900,328,3,-3.0674817461688986,52.873566525821616
2019-11-15,1.590000033378601,1.600000023841858,1.5,1.5299999713897705,1.5299999713897705,43200,329,4,-3.773588725110655,43.209878178453295
2019-11-18,1.5099999904632568,1.590000033378601,1.4800000190734863,1.5099999904632568,1.5099999904632568,29800,330,0,0.0,47.29730078040174
2019-11-19,1.5199999809265137,1.6100000143051147,1.5099999904632568,1.5499999523162842,1.5499999523162842,17200,331,1,1.9736823530408287,49.35065015489462
2019-11-20,1.5399999618530273,1.5499999523162842,1.4199999570846558,1.4199999570846558,1.4199999570846558,46500,332,2,-7.792208294861247,42.6966313204515
2019-11-21,1.600000023841858,1.600000023841858,1.4199999570846558,1.5499999523162842,1.5499999523162842,15300,333,3,-3.125004423782163,50.999998807907396
2019-11-22,1.4700000286102295,1.4800000190734863,1.4199999570846558,1.440000057220459,1.440000057220459,13900,334,4,-2.0408143405366563,38.77551641031199
2019-11-25,1.440000057220459,1.5,1.399999976158142,1.4199999570846558,1.4199999570846558,30500,335,0,-1.3888957875743513,43.181819721193925
2019-11-26,1.4900000095367432,1.4900000095367432,1.399999976158142,1.4500000476837158,1.4500000476837158,9400,336,1,-2.684561181007228,41.17647471312294
2019-11-27,1.399999976158142,1.4900000095367432,1.399999976158142,1.4299999475479126,1.4299999475479126,7000,337,2,2.142855135761934,42.168677640524365
2019-11-29,1.4700000286102295,1.4700000286102295,1.4199999570846558,1.4500000476837158,1.4500000476837158,8700,338,4,-1.360542893691108,39.240513396478015
2019-12-02,1.4600000381469727,1.4600000381469727,1.3700000047683716,1.409999966621399,1.409999966621399,83100,339,0,-3.424662343778684,31.578949845067214
2019-12-03,1.4199999570846558,1.4199999570846558,1.3600000143051147,1.399999976158142,1.399999976158142,21200,340,1,-1.4084494035883521,34.28571866482925
2019-12-04,1.399999976158142,1.4199999570846558,1.3899999856948853,1.3899999856948853,1.3899999856948853,10100,341,2,-0.7142850452539706,31.8840657330107
2019-12-05,1.3700000047683716,1.4199999570846558,1.3700000047683716,1.3799999952316284,1.3799999952316284,2100,342,3,0.7299263086460783,34.37500465661037
2019-12-06,1.399999976158142,1.659999966621399,1.3899999856948853,1.5099999904632568,1.5099999904632568,130600,343,4,7.857144012743134,48.61111295075996
2019-12-09,1.4700000286102295,1.649999976158142,1.4700000286102295,1.6200000047683716,1.6200000047683716,51300,344,0,10.204079812158607,56.79012182154671
2019-12-10,1.690000057220459,1.7000000476837158,1.5700000524520874,1.690000057220459,1.690000057220459,148900,345,1,0.0,58.33333569859591
2019-12-11,1.7400000095367432,1.75,1.6399999856948853,1.6699999570846558,1.6699999570846558,34900,346,2,-4.0229914981853465,67.12327603888376
2019-12-12,1.7000000476837158,1.7100000381469727,1.659999966621399,1.6799999475479126,1.6799999475479126,27000,347,3,-1.176476445577379,60.65572873459441
2019-12-13,1.6200000047683716,2.490000009536743,1.6200000047683716,2.200000047683716,2.200000047683716,362500,348,4,35.8024716795154,87.25487606566604
2019-12-16,2.450000047683716,3.1700000762939453,2.059999942779541,2.5299999713897705,2.5299999713897705,1566800,349,0,3.26530294485865,91.7293075386043
2019-12-17,2.309999942779541,2.4200000762939453,2.0,2.1600000858306885,2.1600000858306885,295200,350,1,-6.49350046166508,71.2574821660795
2019-12-18,2.359999895095825,2.369999885559082,2.0999999046325684,2.2899999618530273,2.2899999618530273,107300,351,2,-2.96609899806608,74.15730254304879
2019-12-19,2.4000000953674316,2.5,2.2799999713897705,2.440000057220459,2.440000057220459,166100,352,3,1.6666650109821601,75.9162294515337
2019-12-20,2.490000009536743,2.490000009536743,2.2899999618530273,2.309999942779541,2.309999942779541,69100,353,4,-7.228918315975852,72.49999806284916
2019-12-23,2.2200000286102295,2.3299999237060547,2.1500000953674316,2.1700000762939453,2.1700000762939453,83200,354,0,-2.2522500753112684,68.075119761962
2019-12-24,2.1600000858306885,2.4000000953674316,2.1500000953674316,2.380000114440918,2.380000114440918,57900,355,1,10.185186105009914,71.24463756462691
2019-12-26,2.359999895095825,2.450000047683716,2.2100000381469727,2.3499999046325684,2.3499999046325684,65800,356,3,-0.4237284282951559,70.63829364146343
2019-12-27,2.3399999141693115,2.450000047683716,2.3299999237060547,2.450000047683716,2.450000047683716,29000,357,4,4.700860579025012,70.25861834196967
2019-12-30,2.4200000762939453,2.7300000190734863,2.390000104904175,2.640000104904175,2.640000104904175,189600,358,0,9.090909986546091,71.24999807526704
2019-12-31,2.690000057220459,2.700000047683716,2.380000114440918,2.4100000858306885,2.4100000858306885,143300,359,1,-10.408920648094366,64.06249825377046
2020-01-02,2.5299999713897705,2.549999952316284,2.380000114440918,2.440000057220459,2.440000057220459,78800,360,3,-3.5573089006745384,64.98054499976229
2020-01-03,2.4000000953674316,2.490000009536743,2.299999952316284,2.440000057220459,2.440000057220459,50100,361,4,1.6666650109821601,64.84375040017761
2020-01-06,2.3499999046325684,2.4600000381469727,2.3299999237060547,2.4200000762939453,2.4200000762939453,12300,362,0,2.978730829877274,55.33980604997508
2020-01-07,2.390000104904175,2.490000009536743,2.319999933242798,2.390000104904175,2.390000104904175,44200,363,1,0.0,46.02273158297995
2020-01-08,2.450000047683716,2.490000009536743,2.3299999237060547,2.4700000286102295,2.4700000286102295,32300,364,2,0.8163257362146625,60.54421382542054
2020-01-09,2.5,2.6500000953674316,2.4700000286102295,2.4700000286102295,2.4700000286102295,97400,365,3,-1.1999988555908225,56.716418441564954
2020-01-10,2.4200000762939453,2.4700000286102295,2.2100000381469727,2.2899999618530273,2.2899999618530273,70800,366,4,-5.371905386052866,44.525545412810345
2020-01-13,2.2699999809265137,2.3399999141693115,2.2200000286102295,2.2899999618530273,2.2899999618530273,18100,367,0,0.8810564358837869,49.19354931745005
2020-01-14,2.259999990463257,2.5299999713897705,2.009999990463257,2.3399999141693115,2.3399999141693115,127200,368,1,3.5398196479485833,57.39129515361512
2020-01-15,2.299999952316284,2.4000000953674316,2.0799999237060547,2.309999942779541,2.309999942779541,36900,369,2,0.4347822030685622,46.39174472210233
2020-01-16,2.2799999713897705,2.299999952316284,2.0999999046325684,2.1700000762939453,2.1700000762939453,120400,370,3,-4.824556862988683,41.66667402526531
2020-01-17,2.0999999046325684,2.2200000286102295,2.0999999046325684,2.119999885559082,2.119999885559082,59900,371,4,0.9523800873701971,33.98057420917365
2020-01-21,2.0999999046325684,2.200000047683716,2.0,2.0999999046325684,2.0999999046325684,32200,372,1,0.0,18.604635689435923
2020-01-22,2.0999999046325684,2.2200000286102295,2.0,2.009999990463257,2.009999990463257,50300,373,2,-4.285710393165876,22.222207505021686
2020-01-23,2.0199999809265137,2.0999999046325684,1.9700000286102295,2.0199999809265137,2.0199999809265137,48100,374,3,0.0,19.999986376077487
2020-01-24,2.0199999809265137,2.130000114440918,2.0199999809265137,2.130000114440918,2.130000114440918,21500,375,4,5.445551215498057,30.864199711189713
2020-01-27,2.0799999237060547,2.130000114440918,1.9500000476837158,2.009999990463257,2.009999990463257,37100,376,0,-3.3653815293452016,27.472524881334365
2020-01-28,1.9600000381469727,2.0399999618530273,1.9500000476837158,1.9700000286102295,1.9700000286102295,29800,377,1,0.5102035851341613,27.173910789994707
2020-01-29,1.9700000286102295,1.9700000286102295,1.7300000190734863,1.8600000143051147,1.8600000143051147,67000,378,2,-5.5837569902329465,17.89474172935506
2020-01-30,1.8700000047683716,1.8700000047683716,1.5700000524520874,1.590000033378601,1.590000033378601,68700,379,3,-14.97326046394598,13.934430794765305
2020-01-31,1.7400000095367432,1.8899999856948853,1.659999966621399,1.8200000524520874,1.8200000524520874,49900,380,4,4.59770359062488,31.496068017999292
2020-02-03,1.7999999523162842,1.850000023841858,1.7200000286102295,1.7599999904632568,1.7599999904632568,24300,381,0,-2.222220161814692,30.075191474296062
2020-02-04,1.7599999904632568,1.850000023841858,1.600000023841858,1.7100000381469727,1.7100000381469727,53400,382,1,-2.8409063970007975,26.31579702156074
2020-02-05,1.6299999952316284,1.7400000095367432,1.600000023841858,1.7000000476837158,1.7000000476837158,43200,383,2,4.294481758089841,26.717564476291813
2020-02-06,1.7400000095367432,2.0299999713897705,1.7300000190734863,1.850000023841858,1.850000023841858,145300,384,3,6.321839867943502,37.8787885629549
2020-02-07,1.9500000476837158,1.9500000476837158,1.75,1.7799999713897705,1.7799999713897705,79400,385,4,-8.717952417277008,37.31343748309719
2020-02-10,1.8200000524520874,1.8799999952316284,1.399999976158142,1.6100000143051147,1.6100000143051147,152300,386,0,-11.538463301912516,33.55705208093397
2020-02-11,1.6299999952316284,1.75,1.600000023841858,1.7000000476837158,1.7000000476837158,44900,387,1,4.294481758089841,39.59731908753224
2020-02-12,1.6699999570846558,1.840000033378601,1.6699999570846558,1.7200000286102295,1.7200000286102295,36400,388,2,2.9940163359560623,40.000003178913886
2020-02-13,1.659999966621399,1.7599999904632568,1.649999976158142,1.6799999475479126,1.6799999475479126,32900,389,3,1.2048181523292234,34.26573047650115
2020-02-14,1.7000000476837158,1.7599999904632568,1.2200000286102295,1.5199999809265137,1.5199999809265137,355400,390,4,-10.588238924019787,33.33333333333333
2020-02-18,1.590000033378601,1.590000033378601,1.4800000190734863,1.5199999809265137,1.5199999809265137,32000,391,1,-4.4025189297225324,34.265733332999886
2020-02-19,1.5199999809265137,1.690000057220459,1.4900000095367432,1.6100000143051147,1.6100000143051147,151400,392,2,5.921054901838985,41.13475231270235
2020-02-20,1.600000023841858,1.6699999570846558,1.5,1.649999976158142,1.649999976158142,45400,393,3,3.124996973201677,52.5423703129284
2020-02-21,1.6100000143051147,1.809999942779541,1.6100000143051147,1.7400000095367432,1.7400000095367432,134300,394,4,8.074533793574968,46.153844390395264
2020-02-24,1.7000000476837158,1.7000000476837158,1.5399999618530273,1.7000000476837158,1.7000000476837158,9300,395,0,0.0,47.05882627933776
2020-02-25,1.6399999856948853,1.7200000286102295,1.5,1.5800000429153442,1.5800000429153442,63600,396,1,-3.6585331282255162,44.03669764905071
2020-02-26,1.5800000429153442,1.600000023841858,1.5700000524520874,1.600000023841858,1.600000023841858,15500,397,2,1.2658215432457043,45.45454446934473
2020-02-27,1.5099999904632568,1.6299999952316284,1.2000000476837158,1.5399999618530273,1.5399999618530273,96200,398,3,1.986753084718007,34.65346394421006
2020-02-28,1.440000057220459,1.5199999809265137,1.2599999904632568,1.440000057220459,1.440000057220459,43000,399,4,0.0,33.65384968074834
2020-03-02,1.5,1.5,1.399999976158142,1.409999966621399,1.409999966621399,19200,400,0,-6.000002225240076,38.88888741716942
2020-03-03,1.4500000476837158,1.8799999952316284,1.2699999809265137,1.440000057220459,1.440000057220459,362700,401,1,-0.689654492027858,34.52381290275703
2020-03-04,1.5299999713897705,1.5499999523162842,1.399999976158142,1.5099999904632568,1.5099999904632568,51100,402,2,-1.307188320294328,38.20224643852244
2020-03-05,1.4500000476837158,1.600000023841858,1.409999966621399,1.590000033378601,1.590000033378601,44200,403,3,9.655171109720051,45.16129528446539
2020-03-06,1.590000033378601,1.590000033378601,1.4500000476837158,1.4600000381469727,1.4600000381469727,59600,404,4,-8.176100157393751,46.66667019879339
2020-03-09,1.440000057220459,1.4500000476837158,1.2999999523162842,1.3300000429153442,1.3300000429153442,39900,405,0,-7.638889578757436,40.776702849576296
2020-03-10,1.399999976158142,1.4299999475479126,1.340000033378601,1.3700000047683716,1.3700000047683716,7300,406,1,-2.142855135761923,37.75510179256708
2020-03-11,1.340000033378601,1.4299999475479126,1.3200000524520874,1.350000023841858,1.350000023841858,18200,407,2,0.7462679264300887,34.37500310440845
2020-03-12,1.2000000476837158,1.2999999523162842,1.2000000476837158,1.2200000286102295,1.2200000286102295,29700,408,3,1.6666650109821601,24.000000953674316
2020-03-13,1.2999999523162842,1.3700000047683716,1.2200000286102295,1.2799999713897705,1.2799999713897705,25100,409,4,-1.5384601277006582,29.41176058099336
2020-03-16,1.2999999523162842,1.3799999952316284,1.2200000286102295,1.340000033378601,1.340000033378601,15400,410,0,3.076929425347008,37.5
2020-03-17,1.3600000143051147,1.7899999618530273,1.2999999523162842,1.309999942779541,1.309999942779541,112700,411,1,-3.6764758087977634,35.05154449129655
2020-03-18,1.25,1.4299999475479126,1.0,1.149999976158142,1.149999976158142,94700,412,2,-8.000001907348631,31.775702496409522
2020-03-19,1.090000033378601,1.2799999713897705,1.090000033378601,1.2100000381469727,1.2100000381469727,10300,413,3,11.009174412262679,38.83495280470466
2020-03-20,1.25,1.2699999809265137,1.1200000047683716,1.2000000476837158,1.2000000476837158,12500,414,4,-3.9999961853027344,39.60396553789645
2020-03-23,1.1299999952316284,1.2300000190734863,1.0099999904632568,1.0499999523162842,1.0499999523162842,39900,415,0,-7.079649845391877,32.74335993774956
2020-03-24,1.149999976158142,1.2400000095367432,1.0499999523162842,1.0499999523162842,1.0499999523162842,70300,416,1,-8.695654427396827,28.301888702177692
2020-03-25,1.1799999475479126,1.2899999618530273,1.0499999523162842,1.2400000095367432,1.2400000095367432,116300,417,2,5.084751242024477,35.042736523162816
2020-03-26,1.3200000524520874,1.5399999618530273,1.159999966621399,1.2999999523162842,1.2999999523162842,268600,418,3,-1.5151590409901994,42.72726977167089
2020-03-27,1.2899999618530273,1.440000057220459,1.25,1.3799999952316284,1.3799999952316284,81200,419,4,6.9767469798464266,52.38094967779438
2020-03-30,1.3200000524520874,1.4199999570846558,1.25,1.340000033378601,1.340000033378601,25200,420,0,1.5151500099837678,48.57143019332337
2020-03-31,1.350000023841858,1.350000023841858,1.2999999523162842,1.2999999523162842,1.2999999523162842,25000,421,1,-3.7037089364844955,47.663548694697624
2020-04-01,1.2300000190734863,1.2799999713897705,1.0499999523162842,1.2000000476837158,1.2000000476837158,46600,422,2,-2.4390220263873164,49.038462640618214
2020-04-02,1.1699999570846558,1.350000023841858,1.149999976158142,1.1699999570846558,1.1699999570846558,37700,423,3,0.0,44.55445661414811
2020-04-03,1.2599999904632568,1.2999999523162842,1.1699999570846558,1.2400000095367432,1.2400000095367432,10100,424,4,-1.587300085546861,45.09803967400712
2020-04-06,1.3200000524520874,1.3200000524520874,1.1799999475479126,1.2400000095367432,1.2400000095367432,7300,425,0,-6.060609070941537,46.46465072168563
2020-04-07,1.3300000429153442,1.3300000429153442,1.190000057220459,1.2300000190734863,1.2300000190734863,29700,426,1,-7.5187985424917,54.76190577558888
2020-04-08,1.2300000190734863,1.2799999713897705,1.1799999475479126,1.2599999904632568,1.2599999904632568,7800,427,2,2.4390220263873053,53.08641611921163
2020-04-09,1.2300000190734863,1.2999999523162842,1.2300000190734863,1.2400000095367432,1.2400000095367432,38400,428,3,0.8130073421291018,52.43902155361655
2020-04-13,1.2400000095367432,1.2999999523162842,1.2200000286102295,1.2300000190734863,1.2300000190734863,22100,429,0,-0.8064508376086854,63.2352977269245
2020-04-14,1.2699999809265137,1.3799999952316284,1.25,1.3200000524520874,1.3200000524520874,62200,430,1,3.9370135650786953,67.53247175475587
2020-04-15,1.3899999856948853,1.899999976158142,1.2599999904632568,1.3799999952316284,1.3799999952316284,1375100,431,2,-0.7194237817389371,60.937499126885065
2020-04-16,1.350000023841858,1.7999999523162842,1.25,1.6399999856948853,1.6399999856948853,1223800,432,3,21.481478276403255,70.23809642072703
2020-04-17,1.649999976158142,1.649999976158142,1.5,1.5499999523162842,1.5499999523162842,89300,433,4,-6.060607593140565,59.99999719507562
2020-04-20,1.6200000047683716,1.6200000047683716,1.3799999952316284,1.4500000476837158,1.4500000476837158,56700,434,0,-10.493824480510572,56.04395705164238
2020-04-21,1.409999966621399,1.4500000476837158,1.350000023841858,1.4299999475479126,1.4299999475479126,35600,435,1,1.4184383971608927,57.303370636019075
2020-04-22,1.5199999809265137,1.5199999809265137,1.309999942779541,1.3799999952316284,1.3799999952316284,22200,436,2,-9.210525490240363,60.71428216639033
2020-04-23,1.4500000476837158,1.5099999904632568,1.3600000143051147,1.4299999475479126,1.4299999475479126,12000,437,3,-1.379317205385755,65.11628035921368
2020-04-24,1.4299999475479126,1.4600000381469727,1.3700000047683716,1.3899999856948853,1.3899999856948853,8100,438,4,-2.797200232183028,59.03614527048523
2020-04-27,1.4600000381469727,1.5499999523162842,1.3799999952316284,1.4500000476837158,1.4500000476837158,10600,439,0,-0.6849308357518069,61.79775672193157
2020-04-28,1.5199999809265137,1.5199999809265137,1.409999966621399,1.4800000190734863,1.4800000190734863,8200,440,1,-2.6315764707210976,63.7362660395471
2020-04-29,1.5,1.600000023841858,1.5,1.5199999809265137,1.5199999809265137,20200,441,2,1.3333320617675781,64.13043675440731
2020-04-30,1.5399999618530273,1.5399999618530273,1.440000057220459,1.4800000190734863,1.4800000190734863,14500,442,3,-3.8961002769990483,62.76596041489913
2020-05-01,1.559999942779541,1.559999942779541,1.340000033378601,1.3700000047683716,1.3700000047683716,38100,443,4,-12.179483652584988,56.730769561416345
2020-05-04,1.340000033378601,1.3799999952316284,1.2899999618530273,1.3600000143051147,1.3600000143051147,8400,444,0,1.492535852860155,52.08333178112872
2020-05-05,1.350000023841858,1.399999976158142,1.340000033378601,1.340000033378601,1.340000033378601,21800,445,1,-0.740740021233377,47.82608864663484
2020-05-06,1.309999942779541,1.3700000047683716,1.2799999713897705,1.2999999523162842,1.2999999523162842,35600,446,2,-0.7633580839735754,25.714280848599927
2020-05-07,1.3300000429153442,1.350000023841858,1.2899999618530273,1.309999942779541,1.309999942779541,21200,447,3,-1.5037668789816938,30.645156948672323
2020-05-08,1.3200000524520874,1.4299999475479126,1.3200000524520874,1.340000033378601,1.340000033378601,11300,448,4,1.5151500099837678,39.99999999999999
2020-05-11,1.4199999570846558,1.4199999570846558,1.3200000524520874,1.3700000047683716,1.3700000047683716,13800,449,0,-3.5211235089708803,44.64286170443757
2020-05-12,1.3899999856948853,1.3899999856948853,1.340000033378601,1.350000023841858,1.350000023841858,14800,450,1,-2.8776951269557483,47.16981386705509
2020-05-13,1.3899999856948853,1.4199999570846558,1.350000023841858,1.350000023841858,1.350000023841858,7600,451,2,-2.8776951269557483,41.66667494508923
2020-05-14,1.3600000143051147,1.3899999856948853,1.2999999523162842,1.3600000143051147,1.3600000143051147,25000,452,3,0.0,46.66667019879339
2020-05-15,1.340000033378601,1.399999976158142,1.3300000429153442,1.3600000143051147,1.3600000143051147,4600,453,4,1.492535852860155,38.46153375900221
