Date,Open,High,Low,Close,Adj Close,Volume,Count,Week Day,Change,RSI
2015-05-19,97.37000274658203,97.66000366210938,95.61000061035156,96.54000091552734,90.15293884277344,427500,0,1,-0.8524204658953094,55.83000183105469
2015-05-20,96.37000274658203,96.47000122070312,95.75,96.08999633789062,89.73271942138672,301100,1,2,-0.2905534924884434,55.83000183105469
2015-05-21,95.83000183105469,95.87000274658203,94.81999969482422,95.4800033569336,89.16307830810547,400000,2,3,-0.3652284957044394,55.83000183105469
2015-05-22,95.18000030517578,95.43000030517578,93.26000213623047,93.68000030517578,87.48216247558594,397100,3,4,-1.5759613313622078,55.83000183105469
2015-05-26,93.5,93.51000213623047,90.0999984741211,90.5999984741211,84.6059341430664,565500,4,1,-3.1016059100309135,55.83000183105469
2015-05-27,89.87000274658203,92.0199966430664,89.55000305175781,91.8499984741211,85.77322387695312,499600,5,2,2.2031775531623277,55.83000183105469
2015-05-28,91.7699966430664,91.7699966430664,90.01000213623047,90.83999633789062,84.8300552368164,381400,6,3,-1.0134034425139604,55.83000183105469
2015-05-29,90.5199966430664,90.88999938964844,88.7699966430664,88.9000015258789,83.0184097290039,604900,7,4,-1.7896544158915284,55.83000183105469
2015-06-01,89.20999908447266,89.93000030517578,89.11000061035156,89.47000122070312,83.55068969726562,352300,8,0,0.2914495447805976,55.83000183105469
2015-06-02,89.1500015258789,90.61000061035156,88.98999786376953,90.0999984741211,84.13900756835938,465500,9,1,1.0656163005969388,55.83000183105469
2015-06-03,90.25,90.4000015258789,89.05000305175781,89.11000061035156,83.2145004272461,209800,10,2,-1.2631572184470197,55.83000183105469
2015-06-04,88.70999908447266,89.4800033569336,88.22000122070312,88.81999969482422,82.9437026977539,343000,11,3,0.12400023840246632,55.83000183105469
2015-06-05,87.80999755859375,88.80999755859375,87.16999816894531,88.08999633789062,82.2619857788086,262700,12,4,0.31886890682355506,55.83000183105469
2015-06-08,88.0,88.81999969482422,87.11000061035156,87.5199966430664,81.72969818115234,226800,13,0,-0.545458360151807,55.83000183105469
2015-06-09,87.81999969482422,88.8499984741211,87.37000274658203,88.3499984741211,82.50477600097656,260900,14,1,0.6035057858558845,22.237279859639827
2015-06-10,89.19000244140625,89.81999969482422,88.41999816894531,88.61000061035156,82.74758911132812,228700,15,2,-0.6502991536923908,24.31319717796194
2015-06-11,88.97000122070312,90.41000366210938,88.72000122070312,90.08999633789062,84.12966918945312,274300,16,3,1.2588457927624308,32.534002228000716
2015-06-12,89.77999877929688,90.16999816894531,89.22000122070312,89.37000274658203,83.45730590820312,202800,17,4,-0.4566674518705738,34.98257732276666
2015-06-15,88.47000122070312,88.80999755859375,87.5999984741211,88.19000244140625,82.35537719726562,180200,18,0,-0.31649008187348837,40.32129276984027
2015-06-16,88.44999694824219,90.5,87.91000366210938,89.61000061035156,83.68143463134766,306700,19,1,1.3114795954014102,41.12519776292872
2015-06-17,89.73999786376953,91.80000305175781,89.61000061035156,91.66000366210938,85.59580993652344,390100,20,2,2.1395206641909192,53.00149348596603
2015-06-18,92.26000213623047,92.44000244140625,90.36000061035156,90.98999786376953,84.97010803222656,581100,21,3,-1.3765491470351998,58.4342067830801
2015-06-19,91.01000213623047,91.54000091552734,90.55000305175781,90.55999755859375,84.56856536865234,262400,22,4,-0.4944561774244516,54.44896464445153
2015-06-22,91.06999969482422,91.91000366210938,90.86000061035156,91.30999755859375,85.26895141601562,224500,23,0,0.26353120080571113,54.89086020941666
2015-06-23,91.44999694824219,91.86000061035156,90.77999877929688,90.83000183105469,84.82070922851562,315600,24,1,-0.6779607849942249,57.25126952861151
2015-06-24,90.80999755859375,90.80999755859375,89.7699966430664,90.12999725341797,84.1670150756836,201200,25,2,-0.7488165658599666,55.33821150141707
2015-06-25,90.37000274658203,90.37000274658203,89.41999816894531,90.06999969482422,84.11099243164062,369200,26,3,-0.3319719405111554,58.534498350800924
2015-06-26,90.08000183105469,90.87000274658203,89.70999908447266,90.80000305175781,84.7927017211914,243900,27,4,0.7992908593113635,63.94560294587996
2015-06-29,89.4000015258789,90.30000305175781,88.9000015258789,89.16000366210938,83.2612075805664,281100,28,0,-0.2684539817374154,53.22197775518565
2015-06-30,89.63999938964844,89.75,87.76000213623047,89.08999633789062,83.19583129882812,404200,29,1,-0.6135687812391155,51.93859264225918
2015-07-01,88.87000274658203,89.7699966430664,88.3499984741211,89.4000015258789,83.48534393310547,189500,30,2,0.5963753380408887,46.92241780035513
2015-07-02,89.79000091552734,91.05999755859375,89.58000183105469,90.30999755859375,84.33511352539062,237400,31,3,0.5791253344073377,54.122778193080954
2015-07-06,88.91000366210938,90.04000091552734,88.12000274658203,89.19999694824219,83.29856872558594,208300,32,0,0.3261649692816171,54.45716232741299
2015-07-07,88.18000030517578,90.06999969482422,87.9800033569336,89.88999938964844,83.94290924072266,300500,33,1,1.9392141965917986,51.32074629723198
2015-07-08,89.08999633789062,89.72000122070312,88.43000030517578,88.7699966430664,82.89701080322266,269800,34,2,-0.3591870108632156,35.056873185853064
2015-07-09,90.20999908447266,90.5199966430664,88.7699966430664,88.80000305175781,82.9250259399414,139300,35,3,-1.5630152389144003,37.87381197600845
2015-07-10,90.06999969482422,91.0999984741211,89.80999755859375,90.69000244140625,84.68997955322266,319200,36,4,0.6883565545494852,50.61965979804327
2015-07-13,91.0999984741211,91.52999877929688,89.30999755859375,89.62000274658203,83.69076538085938,246200,37,0,-1.6245837017873188,42.183202518754086
2015-07-14,89.80000305175781,91.44999694824219,89.12999725341797,91.0,84.97946166992188,199900,38,1,1.3362994515162097,50.72586613988543
2015-07-15,90.38999938964844,91.62000274658203,90.19000244140625,91.45999908447266,85.4090347290039,538300,39,2,1.1837589357775347,55.79773286914044
2015-07-16,91.88999938964844,92.55999755859375,91.56999969482422,92.25,86.14677429199219,262600,40,3,0.3917734386143845,58.93441295344014
2015-07-17,91.83999633789062,92.44999694824219,90.70999908447266,91.73999786376953,85.6705093383789,283000,41,4,-0.10888336030979717,53.923177593305496
2015-07-20,91.30000305175781,92.41000366210938,90.62999725341797,91.83000183105469,85.75455474853516,152700,42,0,0.5805024770880074,62.799579250433766
2015-07-21,91.97000122070312,92.26000213623047,90.55000305175781,90.95999908447266,84.9421157836914,239000,43,1,-1.098186498667908,58.32591116084137
2015-07-22,90.51000213623047,90.61000061035156,87.79000091552734,88.37000274658203,82.52347564697266,253200,44,2,-2.3643788964090806,46.18801615555596
2015-07-23,88.51000213623047,90.08999633789062,88.22000122070312,89.87000274658203,83.9242172241211,275900,45,3,1.5365501949240912,48.43973622882101
2015-07-24,88.20999908447266,89.4800033569336,87.80000305175781,88.2300033569336,82.3927230834961,408100,46,4,0.022678010053911457,46.68491879108357
2015-07-27,88.18000030517578,88.18000030517578,87.18000030517578,87.47000122070312,81.68301391601562,418700,47,0,-0.8051701996092953,41.76872054640952
2015-07-28,87.63999938964844,88.87999725341797,87.63999938964844,88.4800033569336,82.62618255615234,416800,48,1,0.958470987146498,49.006192407006694
2015-07-29,88.73999786376953,90.16000366210938,88.30999755859375,90.0199966430664,84.0643081665039,298500,49,2,1.4424147060065007,53.78880033209194
2015-07-30,89.43000030517578,90.98999786376953,88.7300033569336,90.55000305175781,84.55924987792969,409800,50,3,1.2523792270603629,49.525104011279495
2015-07-31,90.88999938964844,91.98999786376953,90.0,90.63999938964844,84.64329528808594,402500,51,4,-0.2750577639771379,53.706382575264016
2015-08-03,90.2699966430664,91.48999786376953,89.44999694824219,91.29000091552734,85.25028228759766,317800,52,0,1.1299482778249104,51.112819542950895
2015-08-04,91.2300033569336,91.88999938964844,90.91999816894531,91.69999694824219,85.63314819335938,370100,53,1,0.5151743659043362,50.92449076155796
2015-08-05,91.1500015258789,92.16000366210938,90.2300033569336,90.86000061035156,84.8487319946289,252400,54,2,-0.31815788334902395,44.666156869266246
2015-08-06,91.0999984741211,91.70999908447266,90.55999755859375,91.06999969482422,85.04483795166016,324000,55,3,-0.03292950581705867,47.36842736130739
2015-08-07,90.36000061035156,91.9000015258789,90.30999755859375,91.69999694824219,85.63314819335938,273500,56,4,1.4829529978302336,49.510154519801944
2015-08-10,91.91999816894531,95.44999694824219,91.91999816894531,93.83000183105469,87.62223815917969,781900,57,0,2.0778978461235997,59.87613384266005
2015-08-11,92.75,93.80000305175781,89.9000015258789,90.56999969482422,84.57791137695312,294200,58,1,-2.3504046416989555,57.236833519550835
2015-08-12,90.5199966430664,90.52999877929688,88.93000030517578,90.08000183105469,84.1203384399414,552900,59,2,-0.48607471092457777,50.7399547612762
2015-08-13,90.29000091552734,91.05999755859375,89.54000091552734,90.12000274658203,84.1576919555664,494200,60,3,-0.18828017191444557,57.50595686815384
2015-08-14,89.98999786376953,91.88999938964844,89.98999786376953,91.13999938964844,85.11022186279297,341400,61,4,1.277921494808587,64.28015869151932
2015-08-17,91.05000305175781,91.62999725341797,90.12999725341797,91.5199966430664,85.46504974365234,159300,62,0,0.5161928342181543,62.4386120229906
2015-08-18,91.0199966430664,91.29000091552734,90.52999877929688,90.83000183105469,84.82070922851562,309500,63,1,-0.20873963856181676,53.56203201128374
2015-08-19,90.83999633789062,90.83999633789062,87.77999877929688,88.05999755859375,82.23397064208984,516800,64,2,-3.0603246272229323,40.852284448351014
2015-08-20,87.19000244140625,87.23999786376953,86.04000091552734,86.80000305175781,81.05734252929688,485100,65,3,-0.44729828962962737,37.00947016428511
2015-08-21,85.75,85.76000213623047,83.70999908447266,83.79000091552734,78.24647521972656,348300,66,4,-2.2857132180439166,28.1213333024715
2015-08-24,79.26000213623047,82.51000213623047,77.47000122070312,81.9000015258789,76.48152923583984,549800,67,0,3.3308091325948475,23.684205134971123
2015-08-25,84.5999984741211,85.38999938964844,83.3499984741211,83.45999908447266,77.93831634521484,595700,68,1,-1.3475170333450581,30.86865086268621
2015-08-26,85.13999938964844,86.19999694824219,83.87000274658203,86.05000305175781,80.3569564819336,413900,69,2,1.0688321219556096,38.44383488889427
2015-08-27,86.94999694824219,88.01000213623047,85.91999816894531,87.87999725341797,82.06588745117188,783500,70,3,1.0695806070348368,41.66666389274371
2015-08-28,87.44000244140625,88.1500015258789,87.02999877929688,87.80999755859375,82.00052642822266,273900,71,4,0.4231417050055919,35.57044942505193
2015-08-31,87.11000061035156,89.7300033569336,85.9000015258789,89.02999877929688,83.13980102539062,439600,72,0,2.2041076288514594,45.908602048100896
2015-09-01,87.58000183105469,88.0,86.33999633789062,86.69000244140625,80.95462799072266,674700,73,1,-1.0162130292772575,41.799704420697054
2015-09-02,87.58999633789062,88.0,86.51000213623047,87.56999969482422,81.77638244628906,293600,74,2,-0.022829825211168053,44.07251159484648
2015-09-03,87.94000244140625,88.79000091552734,87.05999755859375,87.62999725341797,81.83241271972656,473600,75,3,-0.35251896677491734,41.459840573344906
2015-09-04,86.68000030517578,86.7300033569336,84.5,84.80000305175781,79.1896743774414,354900,76,4,-2.168893916473269,35.39130374208905
2015-09-08,86.38999938964844,86.51000213623047,84.58000183105469,85.11000061035156,79.47913360595703,752500,77,1,-1.4816515665472374,37.356307882433015
2015-09-09,86.26000213623047,87.0,84.76000213623047,84.8499984741211,79.23634338378906,314400,78,2,-1.6345972956070098,42.018889506440985
2015-09-10,84.4800033569336,86.4800033569336,84.18000030517578,85.58000183105469,79.91806030273438,325900,79,3,1.302081475391903,46.88457084431504
2015-09-11,85.26000213623047,86.41999816894531,85.26000213623047,86.23999786376953,80.53438568115234,291800,80,4,1.1494202474604753,57.109691600306064
2015-09-14,86.29000091552734,86.29000091552734,84.41000366210938,85.18000030517578,79.54451751708984,314500,81,0,-1.2863606426869567,60.00000930415179
2015-09-15,85.41999816894531,87.27999877929688,85.18000030517578,86.83000183105469,81.08534240722656,373700,82,1,1.6506716135964439,60.21833323694407
2015-09-16,88.41000366210938,89.88999938964844,87.69999694824219,89.01000213623047,83.1211166381836,389800,83,2,0.6786545065807337,59.20398930554863
2015-09-17,88.63999938964844,92.11000061035156,88.5,90.80000305175781,84.7927017211914,548700,84,3,2.436827252913565,59.102270603069925
2015-09-18,90.02999877929688,90.91000366210938,89.19999694824219,89.98999786376953,84.03628540039062,426200,85,4,-0.04443065208231678,56.49583270247573
2015-09-21,90.27999877929688,90.58000183105469,88.81999969482422,90.5,84.51254272460938,251900,86,0,0.24368766468523262,54.573745944359985
2015-09-22,88.66999816894531,89.9000015258789,88.55000305175781,89.6500015258789,83.71878814697266,402400,87,1,1.1052254169063636,60.1508925296267
2015-09-23,89.06999969482422,91.05999755859375,89.05999755859375,90.2699966430664,84.29776000976562,368300,88,2,1.3472515463721413,59.427368869708836
2015-09-24,88.95999908447266,90.1500015258789,88.56999969482422,89.87000274658203,83.9242172241211,460400,89,3,1.0229357817835405,57.6398610678871
2015-09-25,90.8499984741211,91.0199966430664,86.80999755859375,87.25,81.4775619506836,514600,90,4,-3.962574061183466,58.47749988120317
2015-09-28,87.25,87.76000213623047,86.44000244140625,86.55999755859375,80.83321380615234,333000,91,0,-0.7908337437320889,54.88872814973572
2015-09-29,86.87999725341797,88.19999694824219,86.44999694824219,87.94999694824219,82.1312484741211,281900,92,1,1.231583481411902,59.71177522540417
2015-09-30,88.86000061035156,89.9000015258789,88.55999755859375,89.25,83.34524536132812,383300,93,2,0.43889195022468463,61.10102371435693
2015-10-01,89.62000274658203,89.66999816894531,88.30000305175781,88.43000030517578,82.57949829101562,411200,94,3,-1.3278312931670144,56.5608212134621
2015-10-02,87.25,89.79000091552734,86.33000183105469,89.63999938964844,83.7094497680664,284700,95,4,2.7392543147833015,63.24227444701627
2015-10-05,90.52999877929688,91.87999725341797,90.37000274658203,91.61000061035156,85.54911041259766,353900,96,0,1.1929767431982707,63.92773239859932
2015-10-06,91.55000305175781,92.44999694824219,91.38999938964844,91.72000122070312,85.65182495117188,405600,97,1,0.1856888730513706,58.97945119944264
2015-10-07,92.5999984741211,93.5,90.33000183105469,90.62000274658203,84.62461853027344,632500,98,2,-2.1382243630299946,49.374999006589356
2015-10-08,90.62999725341797,93.12999725341797,90.20999908447266,92.5,86.3802261352539,342000,99,3,2.063337529795084,58.11248602468926
2015-10-09,92.44000244140625,94.73999786376953,92.44000244140625,93.51000213623047,87.32340240478516,362200,100,4,1.157507211774944,59.4239303197611
2015-10-12,93.5,94.93000030517578,93.12999725341797,93.75,87.54753112792969,405900,101,0,0.2673796791443861,63.34635529848281
2015-10-13,93.13999938964844,94.5,92.62000274658203,93.51000213623047,87.32340240478516,414200,102,1,0.39725440090903064,60.81444064502525
2015-10-14,93.69999694824219,94.0999984741211,92.37999725341797,93.8499984741211,87.64092254638672,421100,103,2,0.1600870125553655,63.33778892755859
2015-10-15,93.79000091552734,95.37999725341797,93.79000091552734,95.02999877929688,88.74284362792969,483700,104,3,1.3221002789906677,78.85757138410165
2015-10-16,95.4800033569336,97.55000305175781,94.94999694824219,96.9000015258789,90.48912048339844,635200,105,4,1.4872204849395665,85.26605308831833
2015-10-19,95.94000244140625,97.43000030517578,94.98999786376953,96.01000213623047,89.65801239013672,439400,106,0,0.07296194813728452,78.46047827049767
2015-10-20,95.93000030517578,97.20999908447266,95.75,97.11000061035156,90.68521881103516,302200,107,1,1.230063902243228,78.15188188203506
2015-10-21,97.08000183105469,98.19000244140625,96.51000213623047,97.87999725341797,91.404296875,454600,108,2,0.8240578978927937,83.96838543009308
2015-10-22,98.43000030517578,101.66999816894531,98.0,100.3499984741211,93.71088409423828,739800,109,3,1.9506229432007416,85.2999530769312
2015-10-23,100.27999877929688,100.86000061035156,99.80000305175781,100.11000061035156,93.48674774169922,376900,110,4,-0.16952350520013093,81.62205396666451
2015-10-26,99.9000015258789,101.4800033569336,99.9000015258789,101.31999969482422,94.61670684814453,349800,111,0,1.4214195668230012,83.01240696091112
2015-10-27,100.58999633789062,101.98999786376953,100.58999633789062,101.80000305175781,95.06494140625,482400,112,1,1.2029095913302035,90.15807436581986
2015-10-28,101.9800033569336,102.58999633789062,101.0199966430664,101.86000061035156,95.1209716796875,471100,113,2,-0.117672820780379,88.6777177374099
2015-10-29,101.69999694824219,102.0199966430664,99.83999633789062,100.83000183105469,94.15912628173828,413300,114,3,-0.8554524516163564,80.19804971827236
2015-10-30,101.52999877929688,101.52999877929688,98.58999633789062,99.08999633789062,92.53422546386719,716300,115,4,-2.403233005754546,69.60351781313018
2015-11-02,98.62999725341797,98.8499984741211,97.44999694824219,97.79000091552734,91.92562103271484,540800,116,0,-0.8516641602780872,64.57765979119978
2015-11-03,98.2300033569336,102.63999938964844,97.77999877929688,101.95999908447266,95.8455581665039,692500,117,1,3.797206148904997,71.90708540555335
2015-11-04,101.6500015258789,102.72000122070312,100.94999694824219,101.36000061035156,95.28154754638672,234100,118,2,-0.28529356731343825,67.65199223869419
2015-11-05,101.13999938964844,102.08000183105469,100.19000244140625,100.38999938964844,94.36970520019531,206600,119,3,-0.7415463758414509,60.246622658372736
2015-11-06,99.58999633789062,99.97000122070312,98.45999908447266,99.47000122070312,93.5048828125,218800,120,4,-0.12048912702072867,60.140683256062935
2015-11-09,99.1500015258789,99.1500015258789,95.36000061035156,96.5199966430664,90.73179626464844,434300,121,0,-2.652551530345715,48.439968029965655
2015-11-10,96.33999633789062,97.87000274658203,95.97000122070312,97.7300033569336,91.8692398071289,310100,122,1,1.442814066722442,49.61241899438698
2015-11-11,97.77999877929688,98.62999725341797,97.0,97.48999786376953,91.64363098144531,291900,123,2,-0.29658510855774534,41.64719954152358
2015-11-12,97.33999633789062,98.25,96.66999816894531,97.05000305175781,91.23001098632812,255100,124,3,-0.29791791354314423,41.16629253870198
2015-11-13,97.05999755859375,97.41999816894531,95.48999786376953,96.18000030517578,90.41219329833984,248800,125,4,-0.9066528699289589,34.864558115459886
2015-11-16,95.91000366210938,96.91999816894531,95.72000122070312,96.73999786376953,90.93859100341797,127100,126,0,0.8653885621610735,35.169977581393226
2015-11-17,96.75,98.95999908447266,96.12000274658203,98.68000030517578,92.76226806640625,347500,127,1,1.994832356770826,41.6050722959269
2015-11-18,99.05000305175781,99.05000305175781,95.58000183105469,96.8499984741211,91.04200744628906,606900,128,2,-2.2211050074245065,39.91894450063637
2015-11-19,97.41999816894531,99.69000244140625,97.12000274658203,98.75,92.82806396484375,353000,129,3,1.365224652076269,49.145738237511
2015-11-20,99.20999908447266,100.52999877929688,99.20999908447266,99.54000091552734,93.57069396972656,241400,130,4,0.33262960800322094,54.51263196993257
2015-11-23,99.83000183105469,101.4800033569336,99.83000183105469,101.01000213623047,94.95254516601562,315400,131,0,1.1820097000225793,47.15399658254686
2015-11-24,100.61000061035156,101.16000366210938,99.88999938964844,99.94999694824219,93.95609283447266,363300,132,1,-0.6560020456271354,45.88920800324571
2015-11-25,99.94999694824219,101.01000213623047,99.0999984741211,99.76000213623047,93.77749633789062,393800,133,2,-0.1900898627441694,48.07575882564312
2015-11-27,99.80000305175781,99.94999694824219,97.80000305175781,97.91000366210938,92.03844451904297,249700,134,4,-1.893786905665984,45.4913413078797
2015-11-30,99.51000213623047,99.5999984741211,96.33999633789062,96.37999725341797,90.60018920898438,810800,135,0,-3.1454173606864977,49.55919643552065
2015-12-01,97.38999938964844,98.33999633789062,96.76000213623047,98.0999984741211,92.217041015625,395700,136,1,0.7290266854115268,51.128721130285186
2015-12-02,98.02999877929688,98.52999877929688,97.20999908447266,97.5199966430664,91.67182159423828,466400,137,2,-0.5202510890351841,50.08965558755876
2015-12-03,98.16999816894531,98.25,94.02999877929688,94.69000244140625,89.01154327392578,474500,138,3,-3.5448668559106777,43.828453635891336
2015-12-04,95.08999633789062,96.11000061035156,94.2300033569336,94.83999633789062,89.15252685546875,381300,139,4,-0.2629088333452656,46.358685173475415
2015-12-07,94.41999816894531,95.04000091552734,93.16999816894531,93.58999633789062,87.97750091552734,309500,140,0,-0.8790530048195633,41.74960484220665
2015-12-08,92.70999908447266,93.83000183105469,92.18000030517578,93.69999694824219,88.08090209960938,201000,141,1,1.0678436776463407,35.5735725939452
2015-12-09,93.73999786376953,94.33999633789062,92.58999633789062,93.18000030517578,87.59208679199219,382500,142,2,-0.5973944648554275,38.495301344400026
2015-12-10,93.08999633789062,93.87999725341797,92.58999633789062,92.77999877929688,87.21607971191406,292500,143,3,-0.3330084550315693,29.34255196701143
2015-12-11,91.6500015258789,92.08999633789062,90.26000213623047,91.0,85.5428237915039,243400,144,4,-0.7092215112460942,22.3445473282039
2015-12-14,91.20999908447266,91.7300033569336,89.8499984741211,91.55999755859375,86.0692367553711,406500,145,0,0.3837281851049479,17.481038081361007
2015-12-15,92.4800033569336,95.25,92.4800033569336,94.62000274658203,88.94573974609375,477400,146,1,2.314013096851819,33.87780685021224
2015-12-16,95.16000366210938,95.77999877929688,94.33000183105469,94.80000305175781,89.11494445800781,379200,147,2,-0.3783108412120706,34.98789318291293
2015-12-17,94.80000305175781,95.70999908447266,94.04000091552734,94.97000122070312,89.27473449707031,385200,148,3,0.17932295724980563,40.09432895242835
2015-12-18,95.08999633789062,95.13999938964844,93.18000030517578,93.26000213623047,87.66728973388672,337000,149,4,-1.9244865623482599,39.61385685985675
2015-12-21,93.72000122070312,94.91999816894531,93.61000061035156,94.11000061035156,88.46632385253906,241700,150,0,0.41613250594183526,35.90105393582783
2015-12-22,93.97000122070312,96.0199966430664,93.83000183105469,95.0999984741211,89.3969497680664,219700,151,1,1.2025085013716241,41.68955662474337
2015-12-23,95.55000305175781,96.19000244140625,93.12000274658203,94.23999786376953,88.5885238647461,296900,152,2,-1.371015328255587,48.2128475725596
2015-12-24,93.95999908447266,95.25,93.94000244140625,94.58999633789062,88.91752624511719,143600,153,3,0.6704951676846926,49.022673451005424
2015-12-28,94.5,95.51000213623047,94.20999908447266,94.9800033569336,89.28414916992188,169200,154,0,0.5079400602471917,55.82567889139081
2015-12-29,95.66000366210938,96.12999725341797,93.80999755859375,94.3499984741211,88.6919174194336,270300,155,1,-1.36943878093031,52.61044693528254
2015-12-30,93.88999938964844,94.0999984741211,91.87000274658203,91.98999786376953,86.47345733642578,265300,156,2,-2.023646328927753,45.83624307268475
2015-12-31,91.76000213623047,94.13999938964844,91.61000061035156,92.3499984741211,86.81187438964844,262900,157,3,0.6429776854349756,48.49122780717398
2016-01-04,91.81999969482422,93.02999877929688,90.01000213623047,90.83999633789062,85.39241790771484,342900,158,0,-1.0673092574501886,49.427741286234145
2016-01-05,90.9800033569336,91.06999969482422,90.11000061035156,90.87999725341797,85.43001556396484,218300,159,1,-0.1099209714504834,47.47399858635292
2016-01-06,89.45999908447266,90.41999816894531,88.88999938964844,89.11000061035156,83.76617431640625,218800,160,2,-0.3912346050781945,27.36236848390776
2016-01-07,87.83000183105469,88.31999969482422,86.98999786376953,87.08000183105469,81.85790252685547,249900,161,3,-0.8539223321919809,22.467907032427632
2016-01-08,87.76000213623047,87.76000213623047,84.94000244140625,85.25,80.13763427734375,412600,162,4,-2.8600752907163463,19.0051138326497
2016-01-11,85.83000183105469,86.19999694824219,84.91999816894531,85.2699966430664,80.15645599365234,445700,163,0,-0.6524585530017557,21.443880071854792
2016-01-12,85.9000015258789,86.44999694824219,85.13999938964844,86.11000061035156,80.94606018066406,465300,164,1,0.24446924417036442,21.387719194843015
2016-01-13,86.44000244140625,86.80000305175781,84.13999938964844,85.41000366210938,80.28805541992188,330300,165,2,-1.191576527308713,14.609248781053267
2016-01-14,85.36000061035156,87.9800033569336,85.11000061035156,87.5999984741211,82.34671020507812,277000,166,3,2.62417742239085,27.89614680129344
2016-01-15,85.08000183105469,86.4800033569336,84.01000213623047,85.43000030517578,80.30683898925781,475700,167,4,0.4113757247162342,22.8028685429355
2016-01-19,86.73999786376953,88.0999984741211,86.16999816894531,86.97000122070312,81.75450134277344,533000,168,1,0.2651641256607329,27.73762343695995
2016-01-20,85.08999633789062,86.12000274658203,83.01000213623047,85.56999969482422,80.4384536743164,410200,169,2,0.5641125603384811,26.599143522943095
2016-01-21,85.83999633789062,85.91999816894531,83.9800033569336,85.33999633789062,80.22225952148438,706700,170,3,-0.5824790556046344,30.00600533920074
2016-01-22,87.08000183105469,87.87999725341797,86.56999969482422,87.72000122070312,82.45953369140625,420400,171,4,0.7349556456028861,37.587139746360485
2016-01-25,87.3499984741211,88.1500015258789,86.61000061035156,87.91000366210938,82.63814544677734,217000,172,0,0.6411049774135869,41.54647326542454
2016-01-26,88.19000244140625,89.16000366210938,88.19000244140625,89.16000366210938,83.81317138671875,374300,173,1,1.0998993013381586,45.361398310751724
2016-01-27,89.0,90.0,88.5999984741211,89.91999816894531,84.52759552001953,917800,174,2,1.033705807803731,52.31031835424417
2016-01-28,90.91000366210938,92.08000183105469,90.77999877929688,91.87999725341797,86.37004852294922,411700,175,3,1.0669822376356164,63.745692079193645
2016-01-29,92.58999633789062,94.87999725341797,91.27999877929688,94.81999969482422,89.13375091552734,517400,176,4,2.4084711579376084,75.76736632228256
2016-02-01,93.3499984741211,96.05000305175781,92.70999908447266,95.79000091552734,90.04557037353516,307500,177,0,2.613821618950185,76.9467263572854
2016-02-02,93.05000305175781,93.83999633789062,91.62999725341797,93.01000213623047,87.43228149414062,521500,178,1,-0.04298862355232025,66.076425489858
2016-02-03,93.98999786376953,94.04000091552734,92.05000305175781,92.97000122070312,87.39468383789062,560500,179,2,-1.0852182851890269,68.17306838797519
2016-02-04,93.44000244140625,94.19999694824219,90.80999755859375,91.2699966430664,85.796630859375,609200,180,3,-2.322352035147468,59.0349479390881
2016-02-05,91.12000274658203,91.54000091552734,89.26000213623047,89.70999908447266,84.3301773071289,643900,181,4,-1.5474139811329946,60.862934333028676
2016-02-08,88.62000274658203,88.75,87.68000030517578,88.1500015258789,82.86373901367188,320300,182,0,-0.5303556828441303,52.99188584078637
2016-02-09,87.37000274658203,88.44999694824219,86.70999908447266,87.25,82.0177001953125,526200,183,1,-0.13735005472084172,54.370446232045424
2016-02-10,88.05999755859375,90.31999969482422,87.37000274658203,89.4800033569336,84.11398315429688,359200,184,2,1.612543535894373,59.75496063241255
2016-02-11,88.05000305175781,88.2300033569336,83.30999755859375,87.55000305175781,82.29972076416016,548200,185,3,-0.5678591512439657,49.59076039004308
2016-02-12,87.69000244140625,88.98999786376953,87.36000061035156,88.66999816894531,83.35254669189453,455600,186,4,1.1175683661246216,51.75113966294245
2016-02-16,90.91999816894531,92.12000274658203,89.55999755859375,90.80000305175781,85.35481262207031,418800,187,1,-0.1319787941092221,53.631530683476115
2016-02-17,91.7699966430664,93.88999938964844,91.30000305175781,92.4800033569336,86.93407440185547,771000,188,2,0.7736806579918598,55.446817780574136
2016-02-18,93.7699966430664,95.38999938964844,93.69999694824219,95.27999877929688,89.56615447998047,511500,189,3,1.6103254668742961,56.98438983504023
2016-02-19,95.11000061035156,97.13999938964844,95.06999969482422,96.51000213623047,90.7223892211914,504900,190,4,1.4719814077327698,53.73398602907463
2016-02-22,97.70999908447266,97.70999908447266,96.16999816894531,96.44999694824219,90.66598510742188,373300,191,0,-1.2895324409338715,51.51932726471213
2016-02-23,96.06999969482422,96.30999755859375,94.7699966430664,95.2300033569336,89.51915740966797,346600,192,1,-0.8743586349109544,55.50595440832089
2016-02-24,93.91000366210938,94.08999633789062,90.41999816894531,93.91000366210938,88.2783203125,358600,193,2,0.0,52.19216962305672
2016-02-25,93.87000274658203,94.38999938964844,92.48999786376953,94.02999877929688,88.39112091064453,374200,194,3,0.17044426124794843,56.94864831744132
2016-02-26,94.38999938964844,94.38999938964844,93.1500015258789,93.30999755859375,87.71429443359375,270100,195,4,-1.1441909503530856,59.463720056526526
2016-02-29,93.56999969482422,93.9000015258789,93.0,93.58999633789062,87.97750091552734,428400,196,0,0.02137078458013253,65.33256896023039
2016-03-01,94.70999908447266,95.6500015258789,94.44999694824219,95.5199966430664,89.79176330566406,225200,197,1,0.8552397491539576,72.02982984048994
2016-03-02,94.87000274658203,97.0199966430664,94.76000213623047,96.16999816894531,90.40278625488281,177400,198,2,1.3702913299537434,69.45897856623262
2016-03-03,95.87999725341797,96.86000061035156,95.26000213623047,95.9800033569336,90.22418212890625,247000,199,3,0.10430340673801552,77.28157324643554
2016-03-04,96.43000030517578,96.45999908447266,93.5999984741211,95.2699966430664,89.55675506591797,395100,200,4,-1.2029489354332346,71.94148295332627
2016-03-07,95.22000122070312,96.0999984741211,92.48999786376953,92.7300033569336,87.16907501220703,364000,201,0,-2.6149945724093793,56.24595999824203
2016-03-08,92.20999908447266,92.54000091552734,89.87999725341797,89.98999786376953,84.5933837890625,627800,202,1,-2.407549336020931,42.45909654260309
2016-03-09,90.3499984741211,92.58000183105469,90.0199966430664,92.54000091552734,86.99046325683594,983900,203,2,2.42390977132505,41.574423420079754
2016-03-10,92.54000091552734,92.66999816894531,89.61000061035156,91.12999725341797,85.66503143310547,842600,204,3,-1.523669384222781,33.63745716587526
2016-03-11,91.44999694824219,93.58999633789062,91.06999969482422,92.4800033569336,86.93407440185547,424700,205,4,1.1263055692329438,38.80430671279014
2016-03-14,92.22000122070312,92.81999969482422,91.44999694824219,92.41999816894531,86.87767028808594,228100,206,0,0.2168693836422264,41.520812757699034
2016-03-15,91.87999725341797,91.88999938964844,89.08999633789062,89.44000244140625,84.07637786865234,648000,207,1,-2.6556322213222017,37.73999306951743
2016-03-16,89.54000091552734,92.25,88.25,91.91000366210938,86.39825439453125,660400,208,2,2.646864778143021,44.849384458884344
2016-03-17,92.08000183105469,93.48999786376953,91.95999908447266,93.04000091552734,87.46048736572266,1528400,209,3,1.0425706617969377,49.35684498744732
2016-03-18,93.13999938964844,96.12999725341797,92.81999969482422,94.05000305175781,88.409912109375,825900,210,4,0.9770277733226029,51.05894651208373
2016-03-21,94.01000213623047,94.86000061035156,92.4800033569336,92.62999725341797,87.07506561279297,345800,211,0,-1.4679341043017158,43.187184357059614
2016-03-22,92.36000061035156,94.5,92.27999877929688,94.23999786376953,88.5885238647461,513700,212,1,2.0355102219512755,45.64727453302265
2016-03-23,93.47000122070312,93.75,92.13999938964844,92.94000244140625,87.3664779663086,546100,213,2,-0.5670255401467594,43.47079448861966
2016-03-24,91.94999694824219,93.20999908447266,91.94999694824219,92.5199966430664,86.97166442871094,349500,214,3,0.6199018093987263,44.01914415460809
2016-03-28,93.19999694824219,93.26000213623047,91.97000122070312,92.62000274658203,87.06568145751953,435200,215,0,-0.6223113955489246,49.73235904948666
2016-03-29,92.3499984741211,95.73999786376953,92.18000030517578,94.93000030517578,89.23715209960938,493200,216,1,2.7937215741023147,62.27633237422511
2016-03-30,95.48999786376953,96.7699966430664,94.45999908447266,96.5999984741211,90.80699920654297,617500,217,2,1.1624260500404882,60.55091782627523
2016-03-31,96.72000122070312,97.2300033569336,95.7699966430664,96.30999755859375,90.53438568115234,741900,218,3,-0.42390783388618347,64.29358487292987
2016-04-01,94.87000274658203,97.58999633789062,93.72000122070312,97.37999725341797,91.54021453857422,441400,219,4,2.645719863148588,63.733157823160674
2016-04-04,97.54000091552734,97.54000091552734,95.62999725341797,96.37000274658203,90.59078979492188,312900,220,0,-1.199506005703821,60.51092172745076
2016-04-05,95.12999725341797,95.55000305175781,93.6500015258789,93.91000366210938,88.2783203125,385300,221,1,-1.282448887345844,62.233169609710835
2016-04-06,93.66999816894531,94.12000274658203,93.02999877929688,94.0,88.36293029785156,365900,222,2,0.35230259155070165,56.57645191368653
2016-04-07,93.08999633789062,93.12000274658203,90.41999816894531,92.0199966430664,86.50164794921875,1065000,223,3,-1.1494250047453192,46.95339325641959
2016-04-08,93.22000122070312,93.29000091552734,90.9800033569336,91.37999725341797,85.90003967285156,716300,224,4,-1.9738295893483748,41.844821776534744
2016-04-11,91.72000122070312,92.08000183105469,89.87000274658203,89.9800033569336,84.58399963378906,1192900,225,0,-1.897075709345697,41.896038592158945
2016-04-12,90.23999786376953,91.68000030517578,89.56999969482422,90.97000122070312,85.5146255493164,1254400,226,1,0.8089576398656817,39.60585150267175
2016-04-13,91.4000015258789,91.87000274658203,90.70999908447266,91.44000244140625,85.95645141601562,963200,227,2,0.04376467708921972,44.96644089111365
2016-04-14,91.83999633789062,91.91999816894531,91.27999877929688,91.30000305175781,85.82483673095703,759200,228,3,-0.5879718071265083,45.827651725669284
2016-04-15,90.83999633789062,91.77999877929688,90.83999633789062,91.70999908447266,86.21025085449219,740600,229,4,0.9577309353315577,46.95242786813034
2016-04-18,91.44000244140625,92.5,91.2300033569336,91.91000366210938,86.39825439453125,291300,230,0,0.5139995714723344,38.22152765420828
2016-04-19,93.37000274658203,94.75,93.11000061035156,94.4000015258789,88.73893737792969,380800,231,1,1.1031367130752034,41.935485675291694
2016-04-20,94.04000091552734,94.69000244140625,92.51000213623047,94.20999908447266,88.5603256225586,582700,232,2,0.18077218980252496,42.245196829008414
2016-04-21,93.52999877929688,95.01000213623047,93.18000030517578,93.29000091552734,87.69549560546875,376800,233,3,-0.256599879078212,34.727404088311914
2016-04-22,93.38999938964844,94.7300033569336,93.33000183105469,93.69999694824219,88.08090209960938,302200,234,4,0.33193870930479097,39.56212356292527
2016-04-25,93.2699966430664,93.7300033569336,91.79000091552734,93.05000305175781,87.46989440917969,354000,235,0,-0.23586748067599972,46.08377896117757
2016-04-26,93.41999816894531,93.76000213623047,92.87000274658203,93.23999786376953,87.64849853515625,422400,236,1,-0.19267855780756848,46.570380954020415
2016-04-27,93.11000061035156,93.4800033569336,91.16999816894531,91.68000030517578,86.18204498291016,681700,237,2,-1.5358181675457994,48.405266442603335
2016-04-28,91.6500015258789,94.05999755859375,91.12000274658203,93.25,87.65789794921875,361400,238,3,1.745770264574742,58.067329725545235
2016-04-29,94.7699966430664,95.43000030517578,92.37000274658203,93.20999908447266,87.62029266357422,667000,239,4,-1.6460880171487058,65.78691052933034
2016-05-02,92.56999969482422,92.87999725341797,91.86000061035156,92.04000091552734,87.17201232910156,525100,240,0,-0.5725383828930841,55.139297170962514
2016-05-03,91.0199966430664,91.0199966430664,88.91000366210938,89.94999694824219,85.19255828857422,587900,241,1,-1.175565517784194,43.80711748015276
2016-05-04,89.48999786376953,89.6500015258789,88.54000091552734,89.12999725341797,84.41590881347656,500900,242,2,-0.40228027594725324,41.463380960584615
2016-05-05,89.5,89.77999877929688,88.37999725341797,89.12000274658203,84.40645599365234,234300,243,3,-0.42457793677985745,39.480097229986605
2016-05-06,88.68000030517578,90.62999725341797,88.33000183105469,90.43000030517578,85.64714813232422,547200,244,4,1.9733874537412044,44.485819362665815
2016-05-09,90.04000091552734,90.5999984741211,88.61000061035156,88.69999694824219,84.00865936279297,499400,245,0,-1.4882318454686683,27.488099391997807
2016-05-10,89.12000274658203,91.26000213623047,88.55999755859375,91.1500015258789,86.32908630371094,268500,246,1,2.277826208185041,39.745304746593355
2016-05-11,90.9800033569336,91.93000030517578,90.55999755859375,90.88999938964844,86.08282470703125,308400,247,2,-0.09892719714688081,41.584839640786804
2016-05-12,91.66999816894531,92.86000061035156,91.06999969482422,92.58999633789062,87.69290924072266,320200,248,3,1.0035978917003696,46.43086340282057
2016-05-13,91.79000091552734,91.79000091552734,90.25,90.48999786376953,85.70398712158203,490500,249,4,-1.4162795934103745,42.4705695973877
2016-05-16,90.62000274658203,92.9000015258789,90.62000274658203,92.61000061035156,87.71186065673828,477000,250,0,2.1959808027533834,48.33598192482406
2016-05-17,91.94999694824219,92.0999984741211,89.93000030517578,90.0999984741211,85.33460235595703,472400,251,1,-2.0119614306919886,46.02615331241518
2016-05-18,89.63999938964844,89.75,88.36000061035156,88.55999755859375,83.87606048583984,420000,252,2,-1.2048213279878817,38.186395467718256
2016-05-19,87.87000274658203,88.30999755859375,87.0199966430664,87.63999938964844,83.00473022460938,312400,253,3,-0.2617541251215494,36.56536711808777
2016-05-20,88.29000091552734,88.80000305175781,87.62999725341797,87.97000122070312,83.31726837158203,256000,254,4,-0.36244160324607755,39.7687323817243
2016-05-23,87.9000015258789,88.27999877929688,87.19999694824219,87.55999755859375,82.928955078125,247400,255,0,-0.38680769213076394,43.43767570434662
2016-05-24,88.19999694824219,89.36000061035156,88.19999694824219,89.31999969482422,84.59587097167969,371300,256,1,1.269844427817013,50.49608968817107
2016-05-25,89.87999725341797,91.13999938964844,89.55999755859375,90.30999755859375,85.53351593017578,485000,257,2,0.47841601948805934,52.95577265858652
2016-05-26,90.51000213623047,91.43000030517578,90.44999694824219,91.1500015258789,86.32908630371094,401100,258,3,0.7071034963463507,51.83113053858195
2016-05-27,90.73999786376953,91.87999725341797,90.44999694824219,91.62999725341797,86.78369140625,334900,259,4,0.9808236837129058,57.957627670027435
2016-05-31,91.77999877929688,92.2300033569336,89.56999969482422,90.68000030517578,85.8839340209961,716300,260,1,-1.1985165490863148,48.610286460918196
2016-06-01,90.01000213623047,91.0999984741211,89.66000366210938,90.9800033569336,86.1680679321289,362600,261,2,1.0776593686055325,50.265498356867425
2016-06-02,90.58999633789062,91.18000030517578,90.20999908447266,90.7300033569336,85.9312973022461,314700,262,3,0.15455019836931871,44.00002559537551
2016-06-03,91.08999633789062,92.61000061035156,91.08999633789062,92.48999786376953,87.59820556640625,193600,263,4,1.5369432233653058,56.59630447517226
2016-06-06,92.66999816894531,93.94000244140625,92.36000061035156,93.88999938964844,88.92414855957031,470000,264,0,1.3165007497668801,54.43212798782678
2016-06-07,93.68000030517578,95.56999969482422,93.48999786376953,95.31999969482422,90.27853393554688,556100,265,1,1.7506398209926388,69.53593181971331
2016-06-08,96.52999877929688,97.12999725341797,95.51000213623047,96.12000274658203,91.03621673583984,407300,266,2,-0.4247343187605779,79.95247045423906
2016-06-09,95.30000305175781,95.6500015258789,94.3499984741211,94.4000015258789,89.40718841552734,260500,267,3,-0.9443877198934691,75.18628619768083
2016-06-10,93.04000091552734,93.18000030517578,91.05000305175781,91.55999755859375,86.71739959716797,360100,268,4,-1.5907172639403888,61.268030601854996
2016-06-13,90.66000366210938,90.80999755859375,89.1500015258789,89.37999725341797,84.6526870727539,358900,269,0,-1.4118755316423814,55.14124074612872
2016-06-14,88.76000213623047,89.0999984741211,87.77999877929688,88.83999633789062,84.14124298095703,620100,270,1,0.09012415472611224,48.54367943216576
2016-06-15,89.55999755859375,90.20999908447266,89.16000366210938,89.5199966430664,84.78529357910156,254900,271,2,-0.044663819358825574,47.557202745071216
2016-06-16,88.55999755859375,90.45999908447266,88.29000091552734,90.41000366210938,85.62822723388672,322100,272,3,2.0889861726696823,47.71887342784934
2016-06-17,90.55000305175781,90.7699966430664,89.5199966430664,90.22000122070312,85.4482650756836,227800,273,4,-0.3644415460329231,45.57440472341915
2016-06-20,91.45999908447266,91.66000366210938,90.38999938964844,90.45999908447266,85.67557525634766,200200,274,0,-1.0933741635798633,49.27726352662115
2016-06-21,90.94999694824219,91.2300033569336,90.01000213623047,90.25,85.4766845703125,341100,275,1,-0.7696503262562437,47.58756525698634
2016-06-22,90.66999816894531,91.30000305175781,90.30999755859375,91.01000213623047,86.19648742675781,206400,276,2,0.37499059683625546,50.89513592407297
2016-06-23,92.54000091552734,92.7300033569336,91.11000061035156,92.43000030517578,87.54136657714844,394300,277,3,-0.11886817512782866,49.80392978172977
2016-06-24,87.33999633789062,89.98999786376953,87.33999633789062,88.13999938964844,83.47827911376953,390200,278,4,0.9159641462118451,34.19462780418773
2016-06-27,87.55000305175781,87.93000030517578,85.8499984741211,87.27999877929688,82.66375732421875,522500,279,0,-0.3084000720152025,27.18503774208257
2016-06-28,89.70999908447266,90.16999816894531,88.04000091552734,88.8499984741211,84.15071868896484,555900,280,1,-0.9586452113791388,30.233826858102503
2016-06-29,90.2699966430664,92.01000213623047,90.19999694824219,91.19000244140625,86.36695861816406,432100,281,2,1.019171189268575,41.55708535723473
2016-06-30,91.55999755859375,92.91000366210938,90.7300033569336,92.48999786376953,87.59820556640625,745400,282,3,1.0157277522649943,52.66170530637878
2016-07-01,92.48999786376953,92.62999725341797,90.27999877929688,90.37000274658203,85.59033966064453,517500,283,4,-2.2921344644315833,52.84320874474795
2016-07-05,89.94000244140625,91.13999938964844,89.52999877929688,90.4800033569336,85.69451141357422,697600,284,1,0.6004012684780013,54.8292305501026
2016-07-06,89.7699966430664,90.22000122070312,87.9800033569336,88.41999816894531,83.74346160888672,465200,285,2,-1.5038415111997883,47.00436279832436
2016-07-07,89.0999984741211,89.93000030517578,87.54000091552734,87.9000015258789,83.2509765625,585400,286,3,-1.3467979447729483,43.02389540221842
2016-07-08,90.18000030517578,90.18000030517578,88.08000183105469,89.91000366210938,85.15467071533203,302900,287,4,-0.2993974741103522,49.21757295103938
2016-07-11,90.43000030517578,91.87000274658203,89.23999786376953,91.2300033569336,86.40484619140625,506300,288,0,0.8846655413668358,51.842997355094454
2016-07-12,91.72000122070312,92.26000213623047,90.70999908447266,91.08999633789062,86.27224731445312,352300,289,1,-0.6868784064846811,52.01728156193659
2016-07-13,90.94999694824219,91.41000366210938,90.05999755859375,90.70999908447266,85.91236114501953,389300,290,2,-0.26387891349365367,49.26613743658347
2016-07-14,91.02999877929688,92.1500015258789,90.33000183105469,91.0,86.18701934814453,433900,291,3,-0.03295482774816616,46.297255512739824
2016-07-15,90.94999694824219,91.87999725341797,90.47000122070312,91.4000015258789,86.56586456298828,514300,292,4,0.49478239992994943,60.570690370886396
2016-07-18,91.0199966430664,93.72000122070312,90.69000244140625,93.4800033569336,88.53585815429688,550500,293,0,2.702710178636969,68.62981358884458
2016-07-19,92.41999816894531,94.27999877929688,92.41999816894531,93.44999694824219,88.50743103027344,738500,294,1,1.1144760871061976,65.23176917414153
2016-07-20,93.62000274658203,94.2699966430664,93.37999725341797,94.02999877929688,89.05674743652344,503800,295,2,0.43793636048554685,60.644654681550264
2016-07-21,93.5199966430664,94.12999725341797,93.04000091552734,93.94999694824219,88.9809799194336,421600,296,3,0.45979503914754805,56.02308958545129
2016-07-22,93.83000183105469,95.5199966430664,93.83000183105469,95.33000183105469,90.28799438476562,448100,297,4,1.59863579956101,71.79256142552677
2016-07-25,94.73999786376953,96.75,94.73999786376953,95.79000091552734,90.72367095947266,897200,298,0,1.1082996363031894,72.63421005048528
2016-07-26,95.80000305175781,95.87999725341797,93.44000244140625,93.62999725341797,88.67791748046875,796500,299,1,-2.2651416797632606,72.02023752325735
2016-07-27,93.54000091552734,95.16000366210938,91.5,92.11000061035156,87.23829650878906,1310700,300,2,-1.528758061983737,66.40682374586494
2016-07-28,92.41999816894531,92.52999877929688,89.48999786376953,89.9800033569336,85.22096252441406,343400,301,3,-2.6401156247064295,50.27026867799586
2016-07-29,89.98999786376953,90.48999786376953,89.2300033569336,89.5,84.76634979248047,498500,302,4,-0.5445025840664086,42.857142857142854
2016-08-01,89.33000183105469,90.19000244140625,89.19999694824219,89.30000305175781,84.57691955566406,374100,303,0,-0.033581975463981006,42.64588614974912
2016-08-02,89.94000244140625,89.94000244140625,87.27999877929688,88.62999725341797,83.94235229492188,278300,304,1,-1.4565323020106824,41.65329790100174
2016-08-03,87.93000030517578,89.0199966430664,87.77999877929688,89.0199966430664,84.31173706054688,690200,305,2,1.2396182578273685,42.11783386291531
2016-08-04,89.0199966430664,89.02999877929688,88.44999694824219,88.7699966430664,84.074951171875,371200,306,3,-0.28083577783359903,39.40370317089695
2016-08-05,88.97000122070312,89.4000015258789,88.58999633789062,89.38999938964844,84.66216278076172,397800,307,4,0.4720671722859171,31.324216629820356
2016-08-08,89.52999877929688,91.81999969482422,89.52999877929688,91.45999908447266,86.6226806640625,550900,308,0,2.1557023695861766,42.34027770028315
2016-08-09,91.58999633789062,93.83000183105469,91.58999633789062,93.75,88.79156494140625,574800,309,1,2.358340155556693,49.04762399053333
2016-08-10,94.0,95.25,93.95999908447266,94.37000274658203,89.37877655029297,571500,310,2,0.39361994317237414,51.37797059281446
2016-08-11,95.02999877929688,96.25,94.5,95.8499984741211,90.78050231933594,482400,311,3,0.8628850945569644,51.69490387412994
2016-08-12,96.12000274658203,96.98999786376953,95.19000244140625,96.4800033569336,91.3771743774414,514700,312,4,0.3745324594930599,52.22437784318973
2016-08-15,97.0,99.08000183105469,96.63999938964844,98.43000030517578,93.22402954101562,694000,313,0,1.4742271187379252,65.68628135406269
2016-08-16,98.69999694824219,99.1500015258789,98.25,98.54000091552734,93.3282241821289,805400,314,1,-0.16210338162294669,73.14613771022707
2016-08-17,98.04000091552734,98.54000091552734,96.43000030517578,98.19000244140625,92.99673461914062,726300,315,2,0.1530003309650585,83.89757844064354
2016-08-18,98.55000305175781,100.56999969482422,97.7699966430664,100.51000213623047,95.19403839111328,742600,316,3,1.988837162636381,89.46236029872215
2016-08-19,99.58000183105469,100.13999938964844,98.41000366210938,98.66999816894531,93.45133972167969,523600,317,4,-0.9138417808560284,80.0512769316448
2016-08-22,98.18000030517578,98.54000091552734,97.20999908447266,98.04000091552734,92.85466766357422,632800,318,0,-0.14259461113594885,80.25724056383913
2016-08-23,98.66999816894531,98.66999816894531,95.63999938964844,95.75,90.685791015625,505400,319,1,-2.9593576802805055,69.28367218183575
2016-08-24,95.83999633789062,97.33000183105469,94.62999725341797,96.62000274658203,91.50977325439453,424100,320,2,0.8138631453421974,71.72109275516029
2016-08-25,96.05999755859375,96.52999877929688,95.25,95.75,90.685791015625,241400,321,3,-0.32271243646936343,67.35807332878014
2016-08-26,96.27999877929688,96.27999877929688,91.8499984741211,92.62000274658203,87.7213363647461,647300,322,4,-3.801408474365142,52.9927847519227
2016-08-29,92.41000366210938,93.1500015258789,91.93000030517578,92.9800033569336,88.06228637695312,560400,323,0,0.6168160071807538,47.79370647256676
2016-08-30,92.87000274658203,93.26000213623047,91.38999938964844,92.18000030517578,87.30460357666016,481900,324,1,-0.7429766566165452,43.788990825688074
2016-08-31,91.80999755859375,92.30000305175781,90.87000274658203,91.55000305175781,86.70792388916016,481900,325,2,-0.28318757624409274,37.187146066475734
2016-09-01,90.87999725341797,92.4800033569336,90.87999725341797,92.43000030517578,87.54136657714844,304700,326,3,1.7055491842012716,38.10920921297615
2016-09-02,93.4800033569336,94.68000030517578,92.7300033569336,92.8499984741211,87.93916320800781,220900,327,4,-0.6739461491105825,31.99999409337198
2016-09-06,93.52999877929688,94.04000091552734,91.37000274658203,93.94000244140625,88.97151947021484,322200,328,1,0.4383659440398979,36.043696792738366
2016-09-07,93.80000305175781,93.80000305175781,92.20999908447266,92.26000213623047,87.38037109375,332300,329,2,-1.6417919674028059,33.3520534031759
2016-09-08,92.5199966430664,93.0,91.05000305175781,91.0999984741211,86.28172302246094,363500,330,3,-1.5348013623730838,21.741746282676928
2016-09-09,90.02999877929688,90.41999816894531,88.86000061035156,89.8499984741211,85.09783935546875,692100,331,4,-0.1999336972302368,22.54048304598014
2016-09-12,88.91999816894531,91.41999816894531,88.62999725341797,90.94999694824219,86.13966369628906,540400,332,0,2.28294964136182,28.55414029495698
2016-09-13,89.54000091552734,89.88999938964844,87.31999969482422,87.7300033569336,83.08995819091797,925200,333,1,-2.0214401832554296,27.033227194729164
2016-09-14,87.23999786376953,87.97000122070312,86.05999755859375,87.25,82.63536071777344,931900,334,2,0.011465080783334969,22.554180099302812
2016-09-15,87.63999938964844,88.0199966430664,86.63999938964844,86.75,82.16179656982422,655100,335,3,-1.0155173389395977,23.053887291436524
2016-09-16,86.05000305175781,86.70999908447266,85.62999725341797,86.16000366210938,81.6030044555664,446900,336,4,0.12783336019801528,27.189262378507507
2016-09-19,86.77999877929688,86.77999877929688,85.37000274658203,85.87999725341797,81.33779907226562,478900,337,0,-1.0371070967260976,24.78691342263913
2016-09-20,86.20999908447266,87.76000213623047,86.02999877929688,87.51000213623047,82.881591796875,669300,338,1,1.507949269879938,34.33937953746744
2016-09-21,88.0999984741211,90.5999984741211,87.54000091552734,90.5,85.71345520019531,1162800,339,2,2.7241788506771503,46.96003823973521
2016-09-22,91.43000030517578,92.72000122070312,90.98999786376953,91.61000061035156,86.7647476196289,1029400,340,3,0.19687225699986932,47.65714475047749
2016-09-23,91.12999725341797,92.05000305175781,91.05000305175781,91.76000213623047,86.90682220458984,1253900,341,4,0.6913254710856132,46.83692500615488
2016-09-26,91.08999633789062,92.4000015258789,89.93000030517578,90.16000366210938,85.39144134521484,2353100,342,0,-1.0209602735425705,39.34611722427747
2016-09-27,90.66999816894531,93.44000244140625,90.16999816894531,92.58000183105469,87.68344116210938,621400,343,1,2.1065442822117086,50.86579988283432
2016-09-28,92.52999877929688,93.4000015258789,91.23999786376953,92.56999969482422,87.67396545410156,627900,344,2,0.04323021296341878,54.24120330463249
2016-09-29,92.6500015258789,93.1500015258789,91.37999725341797,91.63999938964844,86.79316711425781,661000,345,3,-1.0901264107894826,55.26161284752202
2016-09-30,91.93000030517578,93.20999908447266,91.87999725341797,92.04000091552734,87.17201232910156,887900,346,4,0.11965692373152592,53.341519376363856
2016-10-03,92.38999938964844,93.45999908447266,92.11000061035156,93.30999755859375,88.37483215332031,692300,347,0,0.9957767886384472,69.4289380218309
2016-10-04,93.16000366210938,94.87000274658203,92.16999816894531,94.16000366210938,89.17988586425781,682000,348,1,1.073422027361648,73.45552786254876
2016-10-05,94.81999969482422,95.18000030517578,93.76000213623047,94.55000305175781,89.54925537109375,513800,349,2,-0.28474651332565104,76.67577809853915
2016-10-06,93.66000366210938,94.91000366210938,93.44999694824219,94.30999755859375,89.32194519042969,446100,350,3,0.693993029115525,78.55635158254918
2016-10-07,94.05000305175781,94.11000061035156,92.7699966430664,93.2300033569336,88.29906463623047,493900,351,4,-0.871876308577002,74.38620614239369
2016-10-10,93.6500015258789,97.06999969482422,93.6500015258789,96.31999969482422,91.22563934326172,520600,352,0,2.8510391088541365,76.64851242949848
2016-10-11,96.25,96.45999908447266,94.94999694824219,95.45999908447266,90.4111328125,461400,353,1,-0.8207801719764651,67.22221721837603
2016-10-12,95.54000091552734,96.5,94.94000244140625,96.26000213623047,91.16881561279297,620600,354,2,0.7536123234284986,66.50106535340765
2016-10-13,95.48999786376953,96.16999816894531,94.87000274658203,95.98999786376953,90.91309356689453,559200,355,3,0.5236150499378089,64.8838625227781
2016-10-14,96.63999938964844,97.12000274658203,96.4000015258789,96.55999755859375,91.45294952392578,1074400,356,4,-0.08278335219366051,74.27917315473537
2016-10-17,96.2300033569336,97.08000183105469,95.18000030517578,96.62000274658203,91.50977325439453,934500,357,0,0.4052783706157248,68.66910966781154
2016-10-18,97.86000061035156,98.05999755859375,97.41000366210938,97.80000305175781,92.62736511230469,410200,358,1,-0.06130958330221592,71.80983166354343
2016-10-19,98.2300033569336,98.79000091552734,97.62999725341797,98.3499984741211,93.14825439453125,471900,359,2,0.12215729724804891,78.89747770161532
2016-10-20,97.97000122070312,98.58999633789062,97.47000122070312,97.88999938964844,92.71259307861328,393700,360,3,-0.08165951827893148,75.06424836118464
2016-10-21,97.58000183105469,98.5199966430664,97.25,98.37000274658203,93.16722106933594,461500,361,4,0.8095930525755746,73.25367357027906
2016-10-24,98.9800033569336,99.08999633789062,97.12999725341797,98.6500015258789,93.43240356445312,551500,362,0,-0.33340252562394923,71.77495443455558
2016-10-25,98.62999725341797,98.62999725341797,97.31999969482422,97.4000015258789,92.24851989746094,497800,363,1,-1.2470807683170992,62.757372402370095
2016-10-26,96.55999755859375,97.08000183105469,95.2300033569336,95.36000061035156,90.31640625,539300,364,2,-1.2427474923184523,54.047814005143515
2016-10-27,95.94999694824219,96.66000366210938,95.30000305175781,96.44999694824219,91.34874725341797,417500,365,3,0.5211047586272555,62.40367010224444
2016-10-28,96.58000183105469,97.0,93.31999969482422,95.20999908447266,90.78601837158203,960700,366,4,-1.4185159666682878,45.013476534652376
2016-10-31,95.47000122070312,96.05999755859375,94.91999816894531,95.66999816894531,91.22463989257812,586200,367,0,0.2094866928720851,50.97856019931698
2016-11-01,96.13999938964844,96.48999786376953,91.13999938964844,91.13999938964844,86.90512084960938,650700,368,1,-5.200748940860045,32.29597831690059
2016-11-02,90.58000183105469,91.37999725341797,89.56999969482422,90.04000091552734,85.85623931884766,381500,369,2,-0.5961590909818293,30.542839892420005
2016-11-03,90.4800033569336,91.62000274658203,89.56999969482422,89.62000274658203,85.45575714111328,462800,370,3,-0.9504869346201872,27.08058590153641
2016-11-04,89.62999725341797,91.69000244140625,88.58999633789062,90.37000274658203,86.17091369628906,539500,371,4,0.825622577084073,30.25898514989869
2016-11-07,92.75,95.69999694824219,92.75,94.63999938964844,90.24250030517578,679900,372,0,2.0377351909956154,41.649031404745394
2016-11-08,94.27999877929688,96.80000305175781,93.4800033569336,96.26000213623047,91.7872314453125,491400,373,1,2.1001308682328856,44.77239279913042
2016-11-09,88.79000091552734,90.61000061035156,86.81999969482422,89.26000213623047,85.11248779296875,1667500,374,2,0.5293402588769869,33.73539364439303
2016-11-10,88.5,88.58000183105469,82.5199966430664,82.9800033569336,79.12428283691406,2392800,375,3,-6.2372843424479125,26.198568231310688
2016-11-11,81.81999969482422,82.37000274658203,77.9000015258789,81.61000061035156,77.81794738769531,2331300,376,4,-0.2566598450940094,24.506275076048567
2016-11-14,81.80000305175781,82.73999786376953,81.16000366210938,81.66000366210938,77.86563110351562,1901800,377,0,-0.17114839171810114,25.574175986156277
2016-11-15,83.63999938964844,84.69999694824219,80.87000274658203,80.9000015258789,77.14093780517578,705100,378,1,-3.2759419939793144,26.632188899303074
2016-11-16,80.69999694824219,81.61000061035156,78.62999725341797,79.13999938964844,75.46271514892578,825400,379,2,-1.9330825496737924,22.619428623286524
2016-11-17,79.04000091552734,80.63999938964844,79.04000091552734,79.70999908447266,76.00623321533203,1112800,380,3,0.8476697383409171,24.951521045685624
2016-11-18,79.47000122070312,80.04000091552734,77.37000274658203,78.18000030517578,74.54732513427734,974100,381,4,-1.6232551852425003,22.680417531160515
2016-11-21,79.31999969482422,79.9000015258789,78.95999908447266,79.37999725341797,75.69156646728516,362400,382,0,0.07563988757512963,29.49790444369664
2016-11-22,79.9000015258789,80.86000061035156,79.13999938964844,79.38999938964844,75.70110321044922,941900,383,1,-0.6383005337807002,30.699528824810713
2016-11-23,78.68000030517578,81.05000305175781,78.26000213623047,80.72000122070312,76.96930694580078,789600,384,2,2.592782038147945,34.38596641514657
2016-11-25,80.56999969482422,80.56999969482422,79.62999725341797,80.12999725341797,76.40670776367188,200200,385,4,-0.5461120057997371,31.93366036878443
2016-11-28,80.33999633789062,80.93000030517578,79.94999694824219,80.5199966430664,76.7785873413086,572400,386,0,0.2240481869313804,21.136560779507818
2016-11-29,80.2699966430664,80.41000366210938,79.06999969482422,79.11000061035156,75.4341049194336,420900,387,1,-1.4451178288607092,14.639183236605234
2016-11-30,79.80000305175781,80.68000030517578,77.83000183105469,78.05000305175781,74.4233627319336,577300,388,2,-2.192982372275054,19.388323571238985
2016-12-01,78.31999969482422,78.36000061035156,75.5199966430664,76.0199966430664,72.4876937866211,975500,389,3,-2.936673979468629,25.248931831476256
2016-12-02,76.33000183105469,77.55999755859375,75.6500015258789,76.80999755859375,73.24097442626953,806200,390,4,0.6288428088885301,32.195848888305306
2016-12-05,76.9800033569336,78.0999984741211,76.66000366210938,77.55000305175781,73.94659423828125,605200,391,0,0.740451636746875,35.49754158204526
2016-12-06,77.83999633789062,78.30999755859375,76.18000030517578,76.30999755859375,72.76420593261719,587200,392,1,-1.9655689250747121,34.33447539770452
2016-12-07,76.83000183105469,77.19000244140625,76.16999816894531,76.62999725341797,73.06934356689453,624300,393,2,-0.26032093306013193,40.49962372860407
2016-12-08,76.56999969482422,78.0199966430664,76.08000183105469,77.5999984741211,73.99427795410156,648700,394,3,1.3451727613974285,42.248353599881604
2016-12-09,77.69000244140625,79.81999969482422,77.1500015258789,79.31999969482422,75.63435363769531,776900,395,4,2.09807852000945,54.13042709072776
2016-12-12,79.58999633789062,79.76000213623047,78.25,79.0199966430664,75.34829711914062,411800,396,0,-0.7161700226801737,48.60465143787201
2016-12-13,79.61000061035156,80.75,78.0,79.11000061035156,75.4341049194336,653200,397,1,-0.6280617964660395,48.92142444857458
2016-12-14,79.12000274658203,79.31999969482422,77.22000122070312,77.44999694824219,73.85124206542969,402200,398,2,-2.1107251521322645,37.71601286733938
2016-12-15,77.2699966430664,78.33999633789062,76.5,77.94000244140625,74.3184814453125,498500,399,3,0.8670969683547414,41.71086334404681
2016-12-16,77.31999969482422,77.87999725341797,76.30000305175781,76.5199966430664,72.96444702148438,458800,400,4,-1.0346650994766726,35.95509169716095
2016-12-19,76.2300033569336,76.77999877929688,74.7699966430664,75.68000030517578,72.16348266601562,603500,401,0,-0.7215046930832747,37.45431165686903
2016-12-20,75.9000015258789,76.91000366210938,74.29000091552734,75.48999786376953,71.9823226928711,660900,402,1,-0.54018926728161,40.000011920890586
2016-12-21,75.5999984741211,75.95999908447266,74.86000061035156,75.54000091552734,72.02998352050781,623600,403,2,-0.07936185159354014,47.78191289828544
2016-12-22,74.97000122070312,75.69000244140625,74.41999816894531,75.63999938964844,72.1253433227539,436200,404,3,0.8936883527224548,44.225103256301566
2016-12-23,75.9800033569336,76.55999755859375,75.56999969482422,75.80999755859375,72.28744506835938,278500,405,4,-0.22375071180400496,40.89957958648165
2016-12-27,75.69999694824219,76.30999755859375,75.69999694824219,76.08999633789062,72.55442810058594,215900,406,1,0.5151907600671191,48.72092631265181
2016-12-28,76.02999877929688,76.13999938964844,75.6500015258789,76.08000183105469,72.5448989868164,312800,407,2,0.06576752934452923,46.6827843830556
2016-12-29,76.5,77.26000213623047,76.0199966430664,76.86000061035156,73.28865814208984,315000,408,3,0.47058903313930145,45.432119696520154
2016-12-30,76.94999694824219,77.44999694824219,75.93000030517578,76.20999908447266,72.66886138916016,243000,409,4,-0.9616606798142802,27.880551919933836
2017-01-03,76.41999816894531,77.47000122070312,76.0,76.44999694824219,72.89771270751953,636500,410,1,0.039255142653304986,31.563870648541496
2017-01-04,76.80000305175781,76.80000305175781,74.2699966430664,75.12000274658203,71.62950134277344,631800,411,2,-2.1875003104408486,25.700375708228137
2017-01-05,75.62000274658203,76.13999938964844,75.37000274658203,75.97000122070312,72.44001007080078,527300,412,3,0.4628384837461752,40.000020620002225
2017-01-06,76.37999725341797,76.72000122070312,75.05999755859375,75.30000305175781,71.8011474609375,326600,413,4,-1.4139751773974085,32.58572515611098
2017-01-09,75.16999816894531,75.63999938964844,74.04000091552734,74.19000244140625,70.74271392822266,425600,414,0,-1.3037059350946234,33.9752395604534
2017-01-10,74.2300033569336,75.12000274658203,73.44999694824219,74.56999969482422,71.10505676269531,557200,415,1,0.45803088039180206,41.85019460048085
2017-01-11,74.86000061035156,74.86000061035156,73.8499984741211,74.31999969482422,70.86668395996094,792100,416,2,-0.7213477305965665,41.48470451834725
2017-01-12,74.69999694824219,75.7300033569336,74.69000244140625,74.77999877929688,71.30530548095703,541200,417,3,0.10709750244048966,44.78018782206264
2017-01-13,74.81999969482422,75.81999969482422,74.01000213623047,75.31999969482422,71.82022094726562,325200,418,4,0.6682705186305871,47.92745729948324
2017-01-17,75.11000061035156,77.0999984741211,74.86000061035156,76.19000244140625,72.64979553222656,545900,419,1,1.4378935192097986,52.256565641921526
2017-01-18,76.01000213623047,76.38999938964844,74.54000091552734,75.13999938964844,71.64857482910156,479200,420,2,-1.1445898199328397,44.831347806234696
2017-01-19,75.1500015258789,76.13999938964844,74.83999633789062,75.19000244140625,71.69625091552734,592900,421,3,0.05322809676000517,45.17876597172742
2017-01-20,75.5199966430664,75.5199966430664,74.54000091552734,75.12999725341797,71.6390380859375,564100,422,4,-0.5164187062821401,39.83547048967073
2017-01-23,74.97000122070312,76.26000213623047,74.56999969482422,76.06999969482422,72.53536987304688,390900,423,0,1.46725150888396,49.20454919830697
2017-01-24,76.0999984741211,77.4000015258789,75.80999755859375,77.33000183105469,73.73682403564453,673400,424,1,1.6162987931620965,54.480673250834414
2017-01-25,77.75,79.29000091552734,77.62999725341797,78.63999938964844,74.98594665527344,919100,425,2,1.1446937487439746,67.95914697234036
2017-01-26,78.0999984741211,78.68000030517578,76.81999969482422,77.5,73.8989028930664,775200,426,3,-0.7682438999277452,57.581749359933106
2017-01-27,77.81999969482422,78.01000213623047,76.72000122070312,76.73999786376953,73.17422485351562,701500,427,4,-1.387820400012818,57.07265525756661
2017-01-30,75.9800033569336,76.62000274658203,74.91999816894531,75.69000244140625,72.17302703857422,755400,428,0,-0.38168057740797234,57.41105959516001
2017-01-31,75.98999786376953,76.44999694824219,75.05000305175781,75.2300033569336,71.7343978881836,471400,429,1,-1.0001243955795491,53.23530819725102
2017-02-01,75.5999984741211,77.41000366210938,74.30000305175781,76.95999908447266,73.3840103149414,608200,430,2,1.7989426425942368,61.30135957285871
2017-02-02,77.19999694824219,78.0999984741211,76.75,77.88999938964844,74.27079010009766,423700,431,3,0.8937855811948392,62.798346777383856
2017-02-03,78.16000366210938,78.97000122070312,77.62999725341797,78.83999633789062,75.17664337158203,552100,432,4,0.870000823849626,64.0127197018706
2017-02-06,78.41999816894531,78.55000305175781,76.33000183105469,76.87000274658203,73.2981948852539,331400,433,0,-1.9765308066241327,52.48902087360502
2017-02-07,76.66000366210938,77.47000122070312,76.51000213623047,76.88999938964844,73.31725311279297,845100,434,1,0.3000205016331581,56.927955018550975
2017-02-08,77.30000305175781,79.51000213623047,77.02999877929688,78.87999725341797,75.21479034423828,494600,435,2,2.043976894285815,62.66300190028156
2017-02-09,79.19999694824219,80.6500015258789,79.08000183105469,79.80000305175781,76.09204864501953,407200,436,3,0.7575834932263215,65.1328915235515
2017-02-10,80.0999984741211,81.69999694824219,79.62999725341797,80.4000015258789,76.66417694091797,480200,437,4,0.37453565227563157,64.34727389105676
2017-02-13,81.0199966430664,81.13999938964844,78.69999694824219,79.22000122070312,75.53899383544922,368700,438,0,-2.2216681028674468,56.29580946920485
2017-02-14,79.1500015258789,79.94000244140625,78.48999786376953,79.54000091552734,75.84412384033203,426900,439,1,0.49273453206557516,53.209710131599074
2017-02-15,78.80000305175781,80.01000213623047,78.80000305175781,79.56999969482422,75.87273406982422,302300,440,2,0.9771530624949953,58.01705181081673
2017-02-16,79.37000274658203,80.41999816894531,78.5,80.23999786376953,76.51160430908203,429600,441,3,1.0961258499200044,63.65057071783092
2017-02-17,79.27999877929688,80.0999984741211,79.05000305175781,79.9000015258789,76.1874008178711,333700,442,4,0.7820418215545466,67.38235685093798
2017-02-21,79.77999877929688,82.13999938964844,79.66000366210938,82.13999938964844,78.32332611083984,462600,443,1,2.9581356812003134,74.87403787899177
2017-02-22,81.94000244140625,83.19999694824219,81.4000015258789,82.41000366210938,78.58078002929688,450800,444,2,0.5735919046856441,71.92281228536548
2017-02-23,83.18000030517578,83.83999633789062,81.94999694824219,83.3499984741211,79.47708129882812,467500,445,3,0.20437384986968787,71.94537001091054
2017-02-24,82.56999969482422,83.04000091552734,81.93000030517578,82.5199966430664,78.68565368652344,398600,446,4,-0.060558377065067504,64.9350850412279
2017-02-27,83.12000274658203,83.18000030517578,81.26000213623047,82.66999816894531,78.82868194580078,475700,447,0,-0.5413914374000961,77.61904588902493
2017-02-28,82.52999877929688,82.56999969482422,80.38999938964844,80.54000091552734,76.79766845703125,462000,448,1,-2.41124184321293,64.47265486741728
2017-03-01,81.81999969482422,83.61000061035156,81.2699966430664,83.0199966430664,79.16242980957031,430100,449,2,1.466630350425313,65.80153543128242
2017-03-02,83.11000061035156,83.31999969482422,81.5999984741211,82.1500015258789,78.33285522460938,375400,450,3,-1.15509454629108,59.003839257474624
2017-03-03,83.41000366210938,84.62999725341797,82.58000183105469,84.33000183105469,80.41156768798828,424600,451,4,1.1029830098943316,63.43132310968871
2017-03-06,84.0,85.62000274658203,82.87000274658203,85.43000030517578,81.46044158935547,668000,452,0,1.7023813156854528,71.3402321331659
2017-03-07,85.20999908447266,85.83000183105469,84.37000274658203,85.62999725341797,81.65115356445312,442400,453,1,0.4928977508014576,71.10189143719407
2017-03-08,85.2300033569336,86.18000030517578,84.58999633789062,85.83999633789062,81.85139465332031,493400,454,2,0.7157021669968122,71.45792677545577
2017-03-09,85.72000122070312,87.29000091552734,85.22000122070312,85.68000030517578,81.6988296508789,464900,455,3,-0.046664623142445016,69.29082220125187
2017-03-10,87.58999633789062,87.58999633789062,85.80000305175781,86.0999984741211,82.09931182861328,284400,456,4,-1.7011050645802661,71.86180120714647
2017-03-13,86.22000122070312,87.0,86.13999938964844,86.41000366210938,82.39492797851562,255100,457,0,0.22036933277220783,67.42861057653383
2017-03-14,86.0999984741211,86.4800033569336,84.0,84.94000244140625,80.99321746826172,575500,458,1,-1.3472660316753649,59.40521272709534
2017-03-15,85.55000305175781,88.25,84.98999786376953,87.80999755859375,83.72985076904297,476500,459,2,2.641723467231949,64.49936380299471
2017-03-16,88.9800033569336,90.58000183105469,88.16000366210938,88.72000122070312,84.59757232666016,358900,460,3,-0.29220288426771157,70.05178222546611
2017-03-17,88.94000244140625,90.98999786376953,87.95999908447266,89.8499984741211,85.6750717163086,431600,461,4,1.023157193316182,71.8370110556747
2017-03-20,89.8499984741211,90.31999969482422,88.69000244140625,88.87999725341797,84.75012969970703,337700,462,0,-1.079578449834373,77.29059336581489
2017-03-21,89.31999969482422,90.97000122070312,88.80000305175781,89.87000274658203,85.69414520263672,513600,463,1,0.6157669655586506,74.83687251104021
2017-03-22,90.3499984741211,90.3499984741211,88.05999755859375,88.5,84.3877944946289,427800,464,2,-2.047591040802277,72.2183277371986
2017-03-23,88.5199966430664,90.19000244140625,88.5199966430664,89.66999816894531,85.50343322753906,401900,465,3,1.299143209998066,70.10540974678221
2017-03-24,89.97000122070312,91.30999755859375,89.43000030517578,91.04000091552734,86.80977630615234,361600,466,4,1.189284961994641,70.70110460094615
2017-03-27,90.6500015258789,91.62999725341797,90.08000183105469,91.38999938964844,87.14350891113281,316500,467,0,0.816324160301618,71.02189858254808
2017-03-28,91.43000030517578,92.69000244140625,90.8499984741211,91.51000213623047,87.2579345703125,416700,468,1,0.08750063522657836,70.83028054965241
2017-03-29,91.5199966430664,91.94999694824219,90.08999633789062,90.58999633789062,86.38067626953125,422900,469,2,-1.0161716993968395,67.08416799088084
2017-03-30,90.30999755859375,90.80000305175781,89.30000305175781,90.52999877929688,86.3234634399414,263200,470,3,0.24360671758449914,65.81011707648064
2017-03-31,89.87999725341797,90.4000015258789,88.47000122070312,88.5199966430664,84.4068603515625,497900,471,4,-1.5131293412448787,56.71543938424869
2017-04-03,88.62999725341797,91.0199966430664,88.4800033569336,91.0199966430664,86.79070281982422,370600,472,0,2.6966032536532403,68.16006402488074
2017-04-04,90.25,90.98999786376953,89.97000122070312,90.8499984741211,86.62859344482422,339400,473,1,0.664818253873789,60.82620161466929
2017-04-05,90.94999694824219,92.08999633789062,90.56999969482422,91.6500015258789,87.39141845703125,418100,474,2,0.7696587148156464,60.51685940953043
2017-04-06,91.2300033569336,92.45999908447266,91.0199966430664,92.13999938964844,87.85865783691406,434600,475,3,0.9974745141184682,58.61549333533875
2017-04-07,92.6500015258789,92.81999969482422,91.8499984741211,92.37000274658203,88.07797241210938,292100,476,4,-0.30221130565083465,63.90438406863162
2017-04-10,92.23999786376953,92.94999694824219,91.66999816894531,92.75,88.44032287597656,172800,477,0,0.5529077927600268,62.060279833687005
2017-04-11,93.0,93.0,91.01000213623047,92.36000061035156,88.06844329833984,217500,478,1,-0.68817138671875,67.609481048345
2017-04-12,92.47000122070312,92.47000122070312,90.75,91.27999877929688,87.03861236572266,293300,479,2,-1.2869064839374333,57.40569951023124
2017-04-13,91.43000030517578,92.41000366210938,90.36000061035156,91.36000061035156,87.11490631103516,226600,480,3,-0.07656096969328452,51.67014289571074
2017-04-17,91.91999816894531,92.68000030517578,91.37999725341797,92.52999877929688,88.23053741455078,280000,481,0,0.6636212168220412,55.48076147159153
2017-04-18,92.31999969482422,92.54000091552734,91.12000274658203,91.94999694824219,87.67749786376953,291700,482,1,-0.4007828724058915,52.02575726600925
2017-04-19,91.66999816894531,91.9000015258789,90.33000183105469,90.52999877929688,86.3234634399414,367800,483,2,-1.243590501166425,49.73592625277204
2017-04-20,91.0999984741211,91.0999984741211,89.72000122070312,90.80999755859375,86.5904541015625,427000,484,3,-0.3183325141434823,51.20897553982241
2017-04-21,90.0999984741211,90.76000213623047,89.6500015258789,90.68000030517578,86.46649932861328,410700,485,4,0.6437312329381273,61.134042998337264
2017-04-24,92.0,93.37999725341797,91.56999969482422,92.29000091552734,88.00169372558594,561200,486,0,0.31521838644277267,57.20774474688763
2017-04-25,92.1500015258789,92.22000122070312,89.94000244140625,90.16999816894531,85.98020935058594,354900,487,1,-2.148674253008598,46.840147908121125
2017-04-26,89.41000366210938,90.11000061035156,86.7699966430664,87.73999786376953,83.6631088256836,541000,488,2,-1.8678064309794573,34.221130529771884
2017-04-27,88.02999877929688,89.06999969482422,87.33999633789062,88.4800033569336,84.36872863769531,435000,489,3,0.5111945744370017,35.52217563170325
2017-04-28,88.43000030517578,90.30999755859375,87.61000061035156,90.04000091552734,85.85623931884766,487000,490,4,1.8206497849093894,41.660695678388
2017-05-01,90.25,91.2300033569336,89.02999877929688,90.4000015258789,86.19950866699219,217400,491,0,0.1662066768741255,41.57706916495074
2017-05-02,90.19999694824219,90.5199966430664,89.55000305175781,90.01000213623047,86.4714126586914,659600,492,1,-0.21063727099762675,41.57706916495074
2017-05-03,90.04000091552734,90.3499984741211,89.3499984741211,89.95999908447266,86.42337799072266,547200,493,2,-0.08885143296448739,44.891644340462165
2017-05-04,89.77999877929688,90.0,88.37999725341797,88.91999816894531,85.42426300048828,345600,494,3,-0.9578977746097728,41.21036893716195
2017-05-05,89.25,89.55999755859375,88.56999969482422,89.44999694824219,85.93342590332031,267600,495,4,0.22408621651786031,38.36857797134253
2017-05-08,89.5,89.61000061035156,88.69999694824219,89.04000091552734,85.53954315185547,195700,496,0,-0.513965457511345,38.867650724325514
2017-05-09,89.27999877929688,90.80000305175781,88.95999908447266,90.12999725341797,86.58668518066406,187500,497,1,0.952059235823155,48.43013503551502
2017-05-10,90.4000015258789,91.20999908447266,90.1500015258789,90.16999816894531,86.62512969970703,381400,498,2,-0.25442848788863603,47.44000244140626
2017-05-11,90.11000061035156,91.26000213623047,89.76000213623047,91.19000244140625,87.60501098632812,359100,499,3,1.19853714764111,51.90441325200635
2017-05-12,91.0999984741211,91.97000122070312,90.70999908447266,91.43000030517578,87.83558654785156,440800,500,4,0.362241313481948,46.42262768440976
2017-05-15,91.8499984741211,92.68000030517578,91.37000274658203,92.58999633789062,88.9499740600586,305900,501,0,0.8056590920663131,60.940319634451214
2017-05-16,92.7699966430664,94.0199966430664,92.69999694824219,93.62000274658203,89.93949890136719,662000,502,1,0.916251087930986,80.43479634421035
2017-05-17,92.83999633789062,92.83999633789062,90.79000091552734,91.43000030517578,87.83558654785156,338800,503,2,-1.5187377082428677,63.276313169117095
2017-05-18,89.54000091552734,91.3499984741211,88.73999786376953,89.7699966430664,86.2408447265625,373000,504,3,0.256863664493423,48.79569977363647
2017-05-19,90.55000305175781,92.4000015258789,90.55000305175781,91.44000244140625,87.84519958496094,340300,505,4,0.9828816782476713,54.15335434055465
2017-05-22,91.63999938964844,93.54000091552734,91.63999938964844,92.31999969482422,88.69060516357422,250800,506,0,0.742034384226109,58.87777027153821
2017-05-23,92.80999755859375,93.4000015258789,92.31999969482422,92.9000015258789,89.24779510498047,229000,507,1,0.09697658620055893,60.856722991171544
2017-05-24,93.33000183105469,96.44000244140625,92.80999755859375,95.81999969482422,92.0530014038086,500300,508,2,2.667950085629389,72.37353739069857
2017-05-25,95.98999786376953,97.18000030517578,95.29000091552734,95.58999633789062,91.83203887939453,251500,509,3,-0.4167116728626241,70.30421685227141
2017-05-26,95.77999877929688,95.77999877929688,94.56999969482422,94.97000122070312,91.23641967773438,372400,510,4,-0.8456854968856287,69.34115018152772
2017-05-30,94.33000183105469,95.06999969482422,93.08999633789062,93.7699966430664,90.0835952758789,153300,511,1,-0.5936660416812622,61.78754927723429
2017-05-31,93.43000030517578,94.91999816894531,93.43000030517578,94.33999633789062,90.63117980957031,761600,512,2,0.9739869739296525,63.05571028777645
2017-06-01,94.45999908447266,95.88999938964844,94.0199966430664,94.80000305175781,91.0730972290039,299600,513,3,0.35994491909860926,61.713160862689875
2017-06-02,95.08000183105469,95.37000274658203,93.83999633789062,94.19999694824219,90.49668884277344,520900,514,4,-0.9255415080619778,58.78247264525699
2017-06-05,94.43000030517578,97.55999755859375,94.25,97.30000305175781,93.4748306274414,486600,515,0,3.039291260517696,63.29756299299096
2017-06-06,97.13999938964844,97.41000366210938,96.26000213623047,96.29000091552734,92.50452423095703,235000,516,1,-0.8750241707451312,57.54661728199122
2017-06-07,96.23999786376953,96.75,94.80000305175781,96.5199966430664,92.72547912597656,360300,517,2,0.29093805643389814,66.17923663500126
2017-06-08,96.55999755859375,96.55999755859375,95.29000091552734,95.55000305175781,91.79361724853516,328100,518,3,-1.0459761105762855,69.21542617275183
2017-06-09,95.61000061035156,95.79000091552734,94.5,94.88999938964844,91.15956115722656,229600,519,4,-0.7530605753653496,62.295058789238595
2017-06-12,94.88999938964844,95.0,94.08000183105469,94.63999938964844,90.91939544677734,314700,520,0,-0.2634629588028736,58.656704435918
2017-06-13,94.0,95.01000213623047,93.02999877929688,94.7300033569336,91.00584411621094,402600,521,1,0.7765993158868056,57.08752575138493
2017-06-14,95.58000183105469,96.56999969482422,94.55999755859375,95.75,91.98575592041016,246300,522,2,0.17785955815925458,49.682109063443065
2017-06-15,94.69999694824219,95.86000061035156,94.37000274658203,95.37000274658203,91.62069702148438,184800,523,3,0.7075035057350965,49.014366627585424
2017-06-16,95.4000015258789,97.80000305175781,94.9800033569336,97.27999877929688,93.45559692382812,458100,524,4,1.9706469846417995,59.27708953284865
2017-06-19,97.77999877929688,98.19000244140625,95.86000061035156,96.51000213623047,92.71587371826172,309300,525,0,-1.2988307004717425,61.39768934792185
2017-06-20,96.5,96.97000122070312,95.88999938964844,96.30999755859375,92.52372741699219,159100,526,1,-0.19689372166450392,58.454934216988974
2017-06-21,96.61000061035156,97.18000030517578,95.68000030517578,95.95999908447266,92.18749237060547,206000,527,2,-0.6728097730798077,55.025978945781716
2017-06-22,96.30999755859375,97.2699966430664,95.63999938964844,96.55999755859375,92.763916015625,148600,528,3,0.25957845118613765,60.22531188639203
2017-06-23,96.61000061035156,97.83999633789062,96.0999984741211,97.01000213623047,93.19622039794922,211500,529,4,0.4140373909034434,48.36894721981688
2017-06-26,97.69000244140625,98.43000030517578,97.08000183105469,98.30000305175781,94.43550872802734,370200,530,0,0.6244248081756831,60.95967399072658
2017-06-27,98.30000305175781,98.31999969482422,96.26000213623047,96.9800033569336,93.16740417480469,380800,531,1,-1.342827725172302,52.24174931848501
2017-06-28,97.31999969482422,98.01000213623047,96.55000305175781,97.37000274658203,93.54206848144531,220500,532,2,0.05138003690363657,59.400824573585425
2017-06-29,96.94999694824219,97.58999633789062,96.5,96.86000061035156,93.05211639404297,291800,533,3,-0.09282758197369789,60.33578947031341
2017-06-30,96.87000274658203,98.58999633789062,96.73999786376953,98.33999633789062,94.47393035888672,268200,534,4,1.5174910185087764,67.19330314663051
2017-07-03,98.8499984741211,99.62999725341797,96.16000366210938,96.2300033569336,92.44689178466797,148200,535,0,-2.650475627345017,55.86855216829105
2017-07-05,96.08999633789062,97.08000183105469,95.66000366210938,96.91000366210938,93.10015106201172,338600,536,2,0.8533742902177677,54.66239894414959
2017-07-06,96.23999786376953,97.0,95.91999816894531,96.68000030517578,92.87918090820312,178700,537,3,0.4571929043775347,55.32952918726107
2017-07-07,96.87000274658203,97.61000061035156,96.52999877929688,96.94000244140625,93.12897491455078,232400,538,4,0.07226147707184438,48.40227275660653
2017-07-10,97.52999877929688,98.61000061035156,97.37999725341797,97.93000030517578,94.08004760742188,185000,539,0,0.410131785999579,56.53774442513288
2017-07-11,97.91999816894531,99.0999984741211,97.69999694824219,98.02999877929688,94.17610931396484,222100,540,1,0.1123372267243905,57.99257480852054
2017-07-12,100.55999755859375,100.69000244140625,98.88999938964844,99.91000366210938,95.98221588134766,350400,541,2,-0.6463742166517461,66.0699930162179
2017-07-13,100.25,100.7300033569336,99.41000366210938,100.19999694824219,96.26081085205078,467400,542,3,-0.04987835586813816,65.19198951499195
2017-07-14,100.69000244140625,103.3499984741211,99.5,102.9000015258789,98.85466766357422,425200,543,4,2.1948545345986004,70.69571735095333
2017-07-17,102.91000366210938,103.41999816894531,101.61000061035156,103.2300033569336,99.17169189453125,203800,544,0,0.3109510090728351,68.5757405890216
2017-07-18,103.0199966430664,103.31999969482422,102.43000030517578,102.76000213623047,98.72017669677734,262800,545,1,-0.2523728550843818,73.26891961123253
2017-07-19,103.1500015258789,103.56999969482422,102.0999984741211,102.87000274658203,98.82585144042969,309500,546,2,-0.2714481581724715,72.65238993623737
2017-07-20,102.87000274658203,103.2300033569336,102.37000274658203,103.18000030517578,99.12366485595703,192900,547,3,0.30134883864776363,76.46567186304911
2017-07-21,103.27999877929688,103.66999816894531,102.61000061035156,103.30999755859375,99.24855041503906,254200,548,4,0.02904606860132386,73.46554740024149
2017-07-24,103.31999969482422,103.81999969482422,102.20999908447266,102.72000122070312,98.68174743652344,330500,549,0,-0.580718617782916,85.77727718928722
2017-07-25,101.18000030517578,102.0,99.72000122070312,100.5,96.54901123046875,893600,550,1,-0.6720698785578016,66.91798365396923
2017-07-26,100.88999938964844,101.76000213623047,100.19000244140625,101.02999877929688,97.05817413330078,516600,551,2,0.13876438744711006,69.93583893649978
2017-07-27,101.16000366210938,102.08999633789062,100.44000244140625,101.01000213623047,97.03897094726562,423700,552,3,-0.14828145556413652,69.07218042854782
2017-07-28,100.68000030517578,101.45999908447266,99.9800033569336,101.36000061035156,97.37520599365234,366900,553,4,0.6754075318976982,67.09872049692277
2017-07-31,101.45999908447266,102.02999877929688,100.61000061035156,100.87999725341797,96.91407775878906,286500,554,0,-0.5716556635997905,63.68875869483803
2017-08-01,101.18000030517578,101.88999938964844,99.80999755859375,99.97000122070312,96.03984832763672,303300,555,1,-1.1958876070597868,50.3177841104712
2017-08-02,99.5199966430664,100.61000061035156,99.0,99.93000030517578,96.00141906738281,321900,556,2,0.41198118563032793,48.531029404317465
2017-08-03,100.16999816894531,100.87999725341797,99.18000030517578,99.58000183105469,95.6651840209961,352600,557,3,-0.5889950570784119,25.73095631941338
2017-08-04,99.88999938964844,100.58999633789062,98.52999877929688,98.98999786376953,95.09838104248047,259800,558,4,-0.9009926232637189,20.14076788343131
2017-08-07,98.93000030517578,99.94000244140625,98.76000213623047,99.70999908447266,95.79007720947266,203900,559,0,0.7884350317302724,29.251654075554967
2017-08-08,99.72000122070312,100.55000305175781,98.55999755859375,99.5,95.58832550048828,184200,560,1,-0.2206189510730261,27.38249947515834
2017-08-09,98.55999755859375,99.62999725341797,98.16000366210938,99.5199966430664,95.60752868652344,224900,561,2,0.974025069249751,24.441273812593636
2017-08-10,99.4000015258789,99.73999786376953,98.8499984741211,98.91999816894531,95.0311279296875,200500,562,3,-0.4829007540896546,21.231943908375143
2017-08-11,98.33000183105469,100.05000305175781,98.30999755859375,99.98999786376953,96.0590591430664,268000,563,4,1.6881887539949014,33.16889198705918
2017-08-14,100.51000213623047,101.66999816894531,100.0,101.11000061035156,97.13502502441406,261300,564,0,0.5969539959892245,54.35093500969728
2017-08-15,101.0999984741211,101.66999816894531,100.58999633789062,101.66000366210938,97.66341400146484,148700,565,1,0.553912162651149,54.480832092516465
2017-08-16,102.02999877929688,102.05999755859375,100.7699966430664,100.95999908447266,96.99092864990234,333200,566,2,-1.0487108768262865,49.67572627616603
2017-08-17,100.47000122070312,101.9800033569336,100.1500015258789,100.33999633789062,96.39530181884766,289400,567,3,-0.12939671666463148,43.609004585278925
2017-08-18,100.3499984741211,101.13999938964844,99.86000061035156,101.01000213623047,97.03897094726562,264800,568,4,0.6577017161386145,50.7956222101862
2017-08-21,101.06999969482422,102.36000061035156,100.83000183105469,101.12000274658203,97.14464569091797,217700,569,0,0.049473683495393495,57.80189088439684
2017-08-22,101.12000274658203,102.3499984741211,100.81999969482422,100.91999816894531,96.95250701904297,178000,570,1,-0.19778933168934643,56.573672078826725
2017-08-23,100.70999908447266,100.94999694824219,100.2699966430664,100.79000091552734,96.82762145996094,260600,571,2,0.07943782323698301,58.27630437754856
2017-08-24,100.87999725341797,101.62000274658203,100.29000091552734,100.51000213623047,96.55863189697266,244900,572,3,-0.36676757262199544,60.857149708012805
2017-08-25,101.12999725341797,101.1500015258789,100.0999984741211,100.31999969482422,96.37609100341797,351200,573,4,-0.8009468808389375,54.714057624776245
2017-08-28,100.33999633789062,101.18000030517578,99.62000274658203,100.22000122070312,96.28002166748047,191300,574,0,-0.11958852059693603,55.66037283174588
2017-08-29,99.94999694824219,100.6500015258789,99.61000061035156,100.41999816894531,96.47216033935547,253500,575,1,0.4702363532302245,56.88072859371008
2017-08-30,100.33000183105469,100.63999938964844,99.63999938964844,100.44999694824219,96.5009765625,177900,576,2,0.11960043356677996,62.81402475648625
2017-08-31,100.8499984741211,100.8499984741211,99.79000091552734,100.05999755859375,96.12631225585938,290200,577,3,-0.7833425160934104,50.66162080150222
2017-09-01,100.5,100.81999969482422,99.62000274658203,99.69999694824219,95.78046417236328,228800,578,4,-0.7960229370724492,34.437093900208495
2017-09-05,99.4800033569336,99.63999938964844,96.4000015258789,96.94999694824219,93.13858032226562,306400,579,1,-2.5432311251677,15.007436663658737
2017-09-06,97.20999908447266,99.0,96.98999786376953,98.87999725341797,94.99270629882812,298900,580,2,1.7179283866612716,36.93467288519305
2017-09-07,98.9800033569336,99.54000091552734,97.5,98.62999725341797,94.75253295898438,455700,581,3,-0.35361294367051155,38.73518978485923
2017-09-08,98.51000213623047,98.91000366210938,96.48999786376953,98.1500015258789,94.2914047241211,482700,582,4,-0.3654457441323755,30.675655612970814
2017-09-11,98.69999694824219,99.16000366210938,98.05000305175781,98.62000274658203,94.74293518066406,287500,583,0,-0.08104782586985104,33.89174117457364
2017-09-12,98.36000061035156,99.5,97.97000122070312,98.79000091552734,94.90625,248400,584,1,0.43716988868189866,36.222506255027454
2017-09-13,98.6500015258789,99.7300033569336,98.29000091552734,99.37999725341797,95.4730453491211,539200,585,2,0.7399855207782968,41.39190556303901
2017-09-14,99.66999816894531,99.9800033569336,98.45999908447266,99.38999938964844,95.48265838623047,422800,586,3,-0.28092583971183194,42.92926714376127
2017-09-15,99.45999908447266,99.4800033569336,97.05999755859375,97.45999908447266,93.62852478027344,361800,587,4,-2.0108586551477625,35.196666440259236
2017-09-18,97.61000061035156,98.95999908447266,96.2300033569336,98.80000305175781,94.91585540771484,591100,588,0,1.219139877026132,43.486243284029214
2017-09-19,98.72000122070312,99.12999725341797,97.20999908447266,97.29000091552734,93.4652099609375,226400,589,1,-1.4485416202323576,37.18264746883414
2017-09-20,97.16999816894531,98.23999786376953,96.43000030517578,97.66000366210938,93.82066345214844,286600,590,2,0.5042765281441097,38.884491602804694
2017-09-21,97.45999908447266,99.7699966430664,96.91999816894531,99.3499984741211,95.44422149658203,298700,591,3,1.9392565230893277,47.43682612745663
2017-09-22,99.38999938964844,100.33999633789062,99.2300033569336,99.6500015258789,95.73242950439453,258200,592,4,0.2615978849251688,49.81872581927465
2017-09-25,99.33999633789062,99.47000122070312,97.16000366210938,97.91000366210938,94.06084442138672,191300,593,0,-1.4394933848369984,53.75589517043759
2017-09-26,98.01000213623047,98.01000213623047,96.23999786376953,97.0199966430664,93.20582580566406,298900,594,1,-1.0101065927822228,42.07836567267963
2017-09-27,96.51000213623047,97.08000183105469,94.6500015258789,95.7699966430664,92.00496673583984,256100,595,2,-0.7667655960876374,38.775512648380875
2017-09-28,95.44999694824219,96.33999633789062,94.94000244140625,96.01000213623047,92.23553466796875,269500,596,3,0.586700058557299,41.44001289060927
2017-09-29,96.23999786376953,96.95999908447266,95.36000061035156,95.52999877929688,91.77439880371094,209000,597,4,-0.7377380509480891,37.64988141217396
2017-10-02,98.5999984741211,98.5999984741211,95.20999908447266,96.0,92.2259292602539,370900,598,0,-2.636915328962708,39.11008406614514
2017-10-03,96.37000274658203,97.63999938964844,96.16999816894531,96.95999908447266,93.14818572998047,203900,599,1,0.6122199035752951,40.81944647045612
2017-10-04,96.94000244140625,97.19999694824219,95.83000183105469,95.87999725341797,92.11064147949219,255500,600,2,-1.0934651962991038,37.68422281222778
2017-10-05,96.79000091552734,98.62000274658203,95.69000244140625,96.05000305175781,92.27396392822266,759700,601,3,-0.7645395771980201,44.35551309546861
2017-10-06,95.76000213623047,96.44999694824219,94.19000244140625,94.5999984741211,90.88096618652344,322800,602,4,-1.21136553491209,33.333353516870304
2017-10-09,94.54000091552734,95.30999755859375,94.0999984741211,94.3499984741211,90.64077758789062,285000,603,0,-0.20097571352470922,37.037056971393206
2017-10-10,95.19000244140625,95.54000091552734,93.97000122070312,94.31999969482422,90.61197662353516,222600,604,1,-0.913964412510182,34.81819537451578
2017-10-11,94.4000015258789,95.38999938964844,94.20999908447266,94.80999755859375,91.08269500732422,461700,605,2,0.43431782424543375,26.83679133427637
2017-10-12,94.33999633789062,95.12999725341797,94.0199966430664,94.83000183105469,91.1019287109375,374600,606,3,0.5194037653012407,24.68494777646258
2017-10-13,94.88999938964844,95.13999938964844,93.36000061035156,94.0199966430664,90.32376098632812,237600,607,4,-0.9168539911245221,27.357442360111307
2017-10-16,93.8499984741211,93.94000244140625,92.76000213623047,93.0999984741211,89.43993377685547,353800,608,0,-0.7991475889121191,27.262259214546432
2017-10-17,93.12000274658203,93.95999908447266,92.3499984741211,93.02999877929688,89.37268829345703,896100,609,1,-0.09665374208599475,31.586098552163236
2017-10-18,92.51000213623047,92.91000366210938,91.11000061035156,92.0,88.3831787109375,595100,610,2,-0.5512940487012785,25.63795221210225
2017-10-19,91.05999755859375,92.02999877929688,91.05999755859375,91.4000015258789,87.80677032470703,387200,611,3,0.37338455567865747,25.269518197675012
2017-10-20,91.3499984741211,91.54000091552734,90.48999786376953,90.70999908447266,87.1438980102539,397800,612,4,-0.7006014234688163,19.13657126527545
2017-10-23,90.69999694824219,90.87000274658203,88.25,88.69999694824219,85.2129135131836,576200,613,0,-2.205071739022546,7.068676318387844
2017-10-24,89.13999938964844,89.20999908447266,88.41999816894531,89.0,85.5011215209961,644200,614,1,-0.1570556322717409,11.086073019360839
2017-10-25,88.94000244140625,90.36000061035156,88.8499984741211,89.19000244140625,85.68364715576172,589300,615,2,0.2810883664689623,11.286747610436578
2017-10-26,89.66999816894531,90.31999969482422,89.0199966430664,89.06999969482422,85.56836700439453,714100,616,3,-0.6691184190621313,13.280289045101497
2017-10-27,88.87999725341797,91.87999725341797,88.16000366210938,91.36000061035156,87.76834106445312,677300,617,4,2.7902828910564725,34.378300983528675
2017-10-30,91.16999816894531,91.16999816894531,88.22000122070312,88.33999633789062,84.86705780029297,367700,618,0,-3.1040933288278283,26.1942929063147
2017-10-31,88.63999938964844,89.0999984741211,87.6500015258789,87.75,84.30026245117188,623400,619,1,-1.004060690181341,22.11695494807077
2017-11-01,87.79000091552734,87.95999908447266,86.58999633789062,86.94000244140625,83.52210235595703,455700,620,2,-0.9682178667921093,20.669173870623737
2017-11-02,86.75,87.56999969482422,85.94999694824219,86.08999633789062,82.70551300048828,309700,621,3,-0.7608111378782367,20.60788513276208
2017-11-03,85.6500015258789,86.87999725341797,84.31999969482422,85.77999877929688,83.05825805664062,458000,622,4,0.15177729258848416,21.583879721053492
2017-11-06,85.70999908447266,88.26000213623047,85.70999908447266,87.75,84.96574401855469,539800,623,0,2.3801200995426264,32.138045452152184
2017-11-07,87.33000183105469,88.0,86.47000122070312,86.7300033569336,83.97811126708984,474600,624,1,-0.6870473623507123,32.15980908449923
2017-11-08,87.0,87.8499984741211,86.48999786376953,86.63999938964844,83.8909683227539,536800,625,2,-0.4137938050017942,33.30997079325812
2017-11-09,86.19000244140625,87.47000122070312,86.19000244140625,86.81999969482422,84.06525421142578,1123300,626,3,0.730940057515661,35.854563371622675
2017-11-10,87.04000091552734,87.23999786376953,85.0999984741211,86.02999877929688,83.30032348632812,367600,627,4,-1.1603884715151613,39.34558987392333
2017-11-13,85.61000061035156,87.69999694824219,85.4000015258789,86.98999786376953,84.22986602783203,1354600,628,0,1.611957999742275,42.380589076728285
2017-11-14,86.54000091552734,88.27999877929688,86.54000091552734,87.80000305175781,85.01415252685547,666000,629,1,1.4559765691017024,44.967421797397506
2017-11-15,87.25,88.0999984741211,86.86000061035156,86.91000366210938,84.15240478515625,458600,630,2,-0.38968061649354846,42.5926110042171
2017-11-16,88.12000274658203,88.20999908447266,86.62999725341797,86.83000183105469,84.07493591308594,328300,631,3,-1.4639138394459295,31.689591836986438
2017-11-17,86.55999755859375,88.19999694824219,84.68000030517578,87.56999969482422,84.79145050048828,826100,632,4,1.166823203231715,46.184359066839974
2017-11-20,86.9000015258789,87.37000274658203,85.81999969482422,86.47000122070312,83.72636413574219,261300,633,0,-0.49482197655397187,43.962273385520284
2017-11-21,86.80999755859375,89.33000183105469,86.52999877929688,88.8499984741211,86.03084564208984,1301100,634,1,2.3499608027870433,57.84714512204831
2017-11-22,88.80000305175781,90.19999694824219,88.61000061035156,90.05999755859375,87.20244598388672,870100,635,2,1.4189126841600785,65.84198566428712
2017-11-24,90.01000213623047,90.72000122070312,88.98999786376953,90.43000030517578,87.56070709228516,360200,636,4,0.4666127752220639,68.46703757187778
2017-11-27,90.5,91.5999984741211,90.2300033569336,91.30999755859375,88.41278839111328,561300,637,0,0.8950249266229227,65.47825025475544
2017-11-28,91.83000183105469,91.83000183105469,90.4000015258789,90.83999633789062,87.95769500732422,564500,638,1,-1.0780850195183933,68.76708339168599
2017-11-29,90.94000244140625,91.08000183105469,88.58999633789062,90.44000244140625,87.57039642333984,749900,639,2,-0.5498130487979203,66.87391165888594
2017-11-30,90.0199966430664,90.83000183105469,89.66999816894531,89.97000122070312,87.11530303955078,373300,640,3,-0.055538129557497484,63.63637564643456
2017-12-01,90.2300033569336,92.8499984741211,89.9000015258789,92.68000030517578,89.73931884765625,766700,641,4,2.715279682025984,74.68450144686693
2017-12-04,93.0,94.0199966430664,92.01000213623047,93.23999786376953,90.28155517578125,943400,642,0,0.25806221910702476,73.90973142413506
2017-12-05,93.26000213623047,94.45999908447266,93.05999755859375,93.98999786376953,91.00775146484375,747300,643,1,0.7827532820262162,73.78939683154033
2017-12-06,93.37999725341797,93.79000091552734,91.83999633789062,92.08999633789062,89.16803741455078,1199600,644,2,-1.381453152141876,68.47359748545406
2017-12-07,91.37000274658203,92.80999755859375,91.37000274658203,91.4800033569336,88.57740020751953,1160300,645,3,0.1203902889842956,65.9794084720478
2017-12-08,91.87999725341797,93.79000091552734,90.94999694824219,93.44000244140625,90.47520446777344,1062600,646,4,1.697872479997553,68.61131793229134
2017-12-11,93.94000244140625,94.87000274658203,92.51000213623047,94.44000244140625,91.44347381591797,1050100,647,0,0.5322546167825237,75.43079104297394
2017-12-12,94.16999816894531,94.56999969482422,93.22000122070312,94.30000305175781,91.30791473388672,460300,648,1,0.13805339847119402,70.2904342738007
2017-12-13,94.29000091552734,96.86000061035156,93.51000213623047,96.5199966430664,93.45747375488281,700600,649,2,2.3650394589951107,72.36844955584074
2017-12-14,96.54000091552734,97.66999816894531,95.93000030517578,96.08999633789062,93.04113006591797,580400,650,3,-0.46613276711119367,69.51725850691987
2017-12-15,96.56999969482422,96.70999908447266,93.58999633789062,93.73999786376953,90.76568603515625,437600,651,4,-2.9305186289716456,57.608026305920504
2017-12-18,94.66999816894531,96.29000091552734,93.70999908447266,95.5999984741211,92.56666564941406,558700,652,0,0.982360117421921,63.709701165549724
2017-12-19,95.91999816894531,95.98999786376953,93.5199966430664,93.5999984741211,90.630126953125,372300,653,1,-2.4186819632106005,58.33332998004525
2017-12-20,93.12999725341797,95.36000061035156,91.73999786376953,92.66000366210938,89.71995544433594,378100,654,2,-0.5046640235902511,56.922299454279724
2017-12-21,92.80000305175781,93.83000183105469,92.37999725341797,92.69999694824219,89.7586898803711,370100,655,3,-0.10776519421000774,50.059655957424624
2017-12-22,92.2699966430664,93.05999755859375,90.7300033569336,91.04000091552734,88.15135955810547,181600,656,4,-1.3330397445413644,43.84098367238487
2017-12-26,91.23999786376953,92.31999969482422,90.22000122070312,90.4800033569336,87.609130859375,190200,657,1,-0.8329619954295597,40.067909075757825
2017-12-27,91.18000030517578,91.98999786376953,91.11000061035156,91.9000015258789,88.98406982421875,195800,658,2,0.7896481885208528,49.44736705452831
2017-12-28,92.13999938964844,93.06999969482422,90.97000122070312,91.72000122070312,88.80978393554688,216200,659,3,-0.4558261034593558,50.71598529290597
2017-12-29,91.93000030517578,94.19000244140625,91.68000030517578,93.9000015258789,90.92060852050781,232900,660,4,2.1429361624751397,51.35453421752975
2018-01-02,94.58999633789062,96.9000015258789,93.88999938964844,96.33999633789062,93.28318786621094,357600,661,1,1.850089933134913,55.157430057547764
2018-01-03,96.5,97.66999816894531,95.27999877929688,95.38999938964844,92.36332702636719,420400,662,2,-1.150259699846179,52.834108970010035
2018-01-04,95.87999725341797,96.70999908447266,94.93000030517578,95.0999984741211,92.08253479003906,230200,663,3,-0.813515646266949,45.895952533624516
2018-01-05,95.0,96.80999755859375,95.0,95.94999694824219,92.90557098388672,398900,664,4,0.9999967876233473,49.6049672090492
2018-01-08,96.06999969482422,97.51000213623047,95.69000244140625,97.12000274658203,94.03844451904297,263000,665,0,1.0929562351340127,60.21768250606109
2018-01-09,96.5,98.0,95.27999877929688,96.11000061035156,93.06048583984375,382000,666,1,-0.4041444452315468,51.625247931332446
2018-01-10,96.12000274658203,96.27999877929688,93.22000122070312,93.4800033569336,90.51394653320312,464300,667,2,-2.7465660780396917,49.632367378308174
2018-01-11,94.54000091552734,94.87999725341797,92.12000274658203,93.41999816894531,90.45584106445312,525000,668,3,-1.1846866254875188,52.46112415071032
2018-01-12,93.48999786376953,95.79000091552734,93.47000122070312,95.33000183105469,92.30524444580078,458200,669,4,1.9681292216589208,57.596780051268134
2018-01-16,95.80999755859375,99.0199966430664,95.31999969482422,97.5,94.40638732910156,640100,670,1,1.7639103271792855,68.12569920062612
2018-01-17,97.98999786376953,98.19000244140625,96.47000122070312,96.62000274658203,93.55430603027344,548000,671,2,-1.3980968946362582,66.92392391466181
2018-01-18,96.69000244140625,97.05000305175781,96.02999877929688,96.68000030517578,93.61239624023438,437300,672,3,-0.010344540260542878,64.24314400187689
2018-01-19,96.73999786376953,97.36000061035156,96.5199966430664,96.6500015258789,93.5833511352539,397900,673,4,-0.09302908815168598,64.82261310705422
2018-01-22,96.16999816894531,97.0,95.77999877929688,96.04000091552734,92.99271392822266,443800,674,0,-0.13517443682342645,57.104912804010645
2018-01-23,95.55999755859375,97.01000213623047,94.7699966430664,96.66999816894531,93.60272216796875,409900,675,1,1.161574548671318,51.24528992850825
2018-01-24,97.47000122070312,100.05000305175781,96.66999816894531,99.54000091552734,96.38166046142578,341900,676,2,2.123730038883531,63.67831225988414
2018-01-25,99.55999755859375,100.16999816894531,97.38999938964844,99.31999969482422,96.16863250732422,387700,677,3,-0.2410585271743204,63.97350832765761
2018-01-26,99.95999908447266,100.11000061035156,98.73999786376953,100.0,96.82706451416016,316200,678,4,0.04001692266277779,63.563298390418346
2018-01-29,99.05000305175781,99.30999755859375,95.52999877929688,96.80999755859375,93.73827362060547,723700,679,0,-2.261489575112441,49.08553066588167
2018-01-30,96.05000305175781,97.8499984741211,96.0,96.77999877929688,93.709228515625,210200,680,1,0.760016350177195,52.09767726278174
2018-01-31,97.48999786376953,98.19000244140625,96.41999816894531,97.54000091552734,94.44511413574219,412500,681,2,0.05129044297209617,64.3971482309552
2018-02-01,97.47000122070312,99.88999938964844,97.20999908447266,98.76000213623047,95.62641143798828,256100,682,3,1.3234850716851598,67.49673400964623
2018-02-02,97.75,98.62000274658203,96.5199966430664,98.02999877929688,94.91956329345703,297500,683,4,0.2864437639865658,59.58805609771693
2018-02-05,97.66000366210938,97.66000366210938,94.33000183105469,95.31999969482422,92.29556274414062,339100,684,0,-2.3960719634839034,42.54446000126286
2018-02-06,94.38999938964844,97.08000183105469,94.38999938964844,96.18000030517578,93.1282730102539,537700,685,1,1.8963883113698232,48.49314295389131
2018-02-07,95.62000274658203,96.45999908447266,93.41000366210938,93.48999786376953,90.52362060546875,704300,686,2,-2.227572496998953,40.742889125440804
2018-02-08,93.93000030517578,93.93000030517578,90.16999816894531,90.2300033569336,87.3670654296875,772500,687,3,-3.9391003260098034,34.310860062929436
2018-02-09,91.12999725341797,91.83999633789062,87.9000015258789,90.04000091552734,87.1830825805664,937700,688,4,-1.1960895103063751,35.02994650289109
2018-02-12,90.68000030517578,92.16999816894531,88.72000122070312,90.22000122070312,87.35736846923828,514000,689,0,-0.5072773300888511,33.53753667676389
2018-02-13,90.05000305175781,90.5999984741211,89.7699966430664,90.25,87.38642883300781,573600,690,1,0.22209543749514005,22.26866661474125
2018-02-14,89.97000122070312,91.31999969482422,89.69999694824219,90.61000061035156,87.73500061035156,981100,691,2,0.7113475391408164,24.215525562978172
2018-02-15,90.58999633789062,92.33000183105469,90.47000122070312,90.75,87.87055969238281,1216000,692,3,0.17662398562483528,21.71254878611012
2018-02-16,90.48999786376953,94.06999969482422,90.4000015258789,92.62000274658203,89.68123626708984,379200,693,4,2.353856705819757,36.06123411368351
2018-02-20,91.79000091552734,92.5199966430664,91.05999755859375,91.94000244140625,89.0228042602539,450600,694,1,0.1634181549000635,34.56634601816846
2018-02-21,92.58000183105469,93.19999694824219,91.51000213623047,92.20999908447266,89.28423309326172,681400,695,2,-0.39965731179961717,32.455559662960624
2018-02-22,92.55000305175781,94.45999908447266,92.06999969482422,94.19000244140625,91.20140838623047,407200,696,3,1.7720144090446865,35.67398625944047
2018-02-23,94.51000213623047,94.9800033569336,93.3499984741211,93.91999816894531,90.93997192382812,294700,697,4,-0.6242767473803479,36.73337910640071
2018-02-26,93.80000305175781,93.80000305175781,91.98999786376953,93.25,90.29124450683594,333800,698,0,-0.5863571789590738,42.304836467245515
2018-02-27,92.9000015258789,93.66999816894531,92.38999938964844,92.8499984741211,89.9039306640625,728300,699,1,-0.053824597348239855,37.18244640925253
2018-02-28,92.8499984741211,93.66000366210938,90.66000366210938,92.30000305175781,89.37137603759766,1086100,700,2,-0.5923483375355976,44.5161521688227
2018-03-01,92.91000366210938,93.0,90.45999908447266,91.8499984741211,88.93565368652344,576500,701,3,-1.140894571313611,60.074585792640114
2018-03-02,91.25,92.55000305175781,90.29000091552734,92.08000183105469,89.15836334228516,340600,702,4,0.909591047731162,62.62375326113744
2018-03-05,91.2699966430664,92.13999938964844,90.70999908447266,91.61000061035156,88.7032699584961,228700,703,0,0.37252545172630214,58.30345081553295
2018-03-06,92.16000366210938,93.91999816894531,91.70999908447266,92.91999816894531,89.9717025756836,292500,704,1,0.8246467845447913,63.834174278924074
2018-03-07,92.7300033569336,92.7300033569336,91.44999694824219,92.47000122070312,89.5359878540039,497900,705,2,-0.2803862038370464,59.54825236832252
2018-03-08,92.8499984741211,94.88999938964844,92.58000183105469,94.2699966430664,91.27886199951172,321200,706,3,1.5293464644924981,65.43857970139624
2018-03-09,94.70999908447266,95.66000366210938,93.20999908447266,93.58999633789062,90.62044525146484,301000,707,4,-1.1825601915412265,54.75021389954754
2018-03-12,93.9000015258789,94.68000030517578,93.52999877929688,93.97000122070312,90.98838806152344,303500,708,0,0.07454706462910465,60.24216967274451
2018-03-13,93.83000183105469,94.68000030517578,92.94999694824219,93.2699966430664,90.31059265136719,191200,709,1,-0.5968295609719787,55.12570778418725
2018-03-14,93.33999633789062,93.94000244140625,92.48999786376953,93.26000213623047,90.30091857910156,171600,710,2,-0.08570195500177125,44.444444444444436
2018-03-15,93.05000305175781,93.41000366210938,92.30000305175781,92.41999816894531,89.4875717163086,232000,711,3,-0.6770605718971034,41.610740546039196
2018-03-16,92.41999816894531,92.87999725341797,89.97000122070312,89.97000122070312,87.11530303955078,467200,712,4,-2.6509381051529,34.70149997295552
2018-03-19,89.11000061035156,89.79000091552734,87.27999877929688,88.3499984741211,85.54669952392578,444500,713,0,-0.8528808562730306,31.155782747603823
2018-03-20,88.05000305175781,89.19999694824219,87.05000305175781,88.37000274658203,85.56607818603516,732100,714,1,0.36342951020242875,32.77828038565515
2018-03-21,88.2300033569336,93.05999755859375,88.2300033569336,92.83000183105469,89.88455963134766,661200,715,2,5.213644224302971,53.177701000083616
2018-03-22,91.98999786376953,93.01000213623047,90.01000213623047,91.58999633789062,88.68389892578125,393700,716,3,-0.4348315416544346,48.508809322809135
2018-03-23,91.9800033569336,91.9800033569336,87.44999694824219,87.62999725341797,84.84954833984375,586200,717,4,-4.72929543896099,40.01003464249671
2018-03-26,88.72000122070312,89.88999938964844,86.12000274658203,89.25,86.41815948486328,552000,718,0,0.59738364743529,40.929322353246434
2018-03-27,89.1500015258789,90.05000305175781,88.18000030517578,89.23999786376953,86.4084701538086,374100,719,1,0.10094933970865583,41.83931097255617
2018-03-28,89.41000366210938,90.70999908447266,88.80999755859375,90.44000244140625,87.57039642333984,565800,720,2,1.1519950085108643,40.02087246921311
2018-03-29,91.33000183105469,91.9800033569336,90.69999694824219,91.43000030517578,88.52897644042969,195400,721,3,0.10949137426501387,44.4615551348308
2018-04-02,90.98999786376953,91.36000061035156,87.9800033569336,88.33000183105469,85.52735137939453,261400,722,0,-2.9233938841249363,37.30874165900409
2018-04-03,88.75,90.9000015258789,87.69000244140625,90.80000305175781,87.9189682006836,311500,723,1,2.309862593529921,44.85203784864549
2018-04-04,89.26000213623047,94.97000122070312,88.56999969482422,94.66000366210938,91.65650177001953,702400,724,2,6.049743890479986,52.514368820133036
2018-04-05,94.77999877929688,96.62999725341797,93.11000061035156,95.37000274658203,92.3439712524414,555000,725,3,0.622498390888393,55.322993595552
2018-04-06,94.72000122070312,94.79000091552734,91.9800033569336,93.81999969482422,90.84314727783203,574700,726,4,-0.9501705176099495,57.18014833626111
2018-04-09,94.45999908447266,95.19999694824219,93.05000305175781,93.68000030517578,90.70758819580078,558500,727,0,-0.8257450633673447,60.521117716086714
2018-04-10,94.5199966430664,95.97000122070312,92.93000030517578,95.51000213623047,92.47952270507812,425400,728,1,1.0474032250578746,63.15400798808983
2018-04-11,95.19999694824219,97.33000183105469,94.55999755859375,96.56999969482422,93.50588989257812,540600,729,2,1.439078561448759,57.87699198914017
2018-04-12,97.3499984741211,97.3499984741211,96.27999877929688,96.76000213623047,93.68986511230469,343400,730,3,-0.6060568537630373,61.39269172249729
2018-04-13,96.9000015258789,97.83000183105469,95.97000122070312,97.68000030517578,94.58067321777344,287100,731,4,0.8049522879404414,75.57251493458136
2018-04-16,97.6500015258789,98.12999725341797,96.62000274658203,97.19999694824219,94.11589813232422,277200,732,0,-0.4608341736865862,71.47485887070182
2018-04-17,97.94000244140625,98.81999969482422,97.12999725341797,98.62999725341797,95.50052642822266,506200,733,1,0.7045076524523353,73.55744016880364
2018-04-18,99.62999725341797,100.0199966430664,97.80999755859375,98.41999816894531,95.29719543457031,500200,734,2,-1.2144927409712847,71.06651187671802
2018-04-19,98.29000091552734,98.33000183105469,96.12000274658203,96.93000030517578,93.8544692993164,550800,735,3,-1.383661204276898,64.14608875841824
2018-04-20,96.62000274658203,96.97000122070312,95.52999877929688,96.44999694824219,93.38969421386719,771600,736,4,-0.1759530050788105,74.13790600880328
2018-04-23,96.12000274658203,96.54000091552734,92.94999694824219,93.08000183105469,90.12664031982422,645300,737,0,-3.162714137183531,56.43340469026899
2018-04-24,93.3499984741211,94.98999786376953,91.2300033569336,91.87999725341797,88.9646987915039,552600,738,1,-1.5747201336169803,40.77023422638422
2018-04-25,91.66000366210938,92.66999816894531,90.2699966430664,91.62000274658203,88.71295928955078,265300,739,2,-0.04364053450707228,37.16632497146158
2018-04-26,92.2699966430664,95.0199966430664,91.56999969482422,94.58999633789062,91.58871459960938,736900,740,3,2.5143597910801008,52.4017375800956
2018-04-27,94.58999633789062,95.94999694824219,94.48999786376953,95.80000305175781,92.76033020019531,420200,741,4,1.2792121373436327,56.198838993437384
2018-04-30,96.44999694824219,96.88999938964844,94.94000244140625,96.66000366210938,93.5930404663086,784100,742,0,0.21773636133952667,53.564791449779136
2018-05-01,96.2300033569336,96.55000305175781,94.06999969482422,95.30999755859375,92.2858657836914,297800,743,1,-0.9560488062412165,46.163210440650815
2018-05-02,94.12999725341797,94.45999908447266,91.06999969482422,91.37000274658203,89.17864227294922,522100,744,2,-2.9321094097192524,36.638572436890115
2018-05-03,91.72000122070312,92.6500015258789,89.98999786376953,90.08999633789062,87.92933654785156,578500,745,3,-1.7771531412110075,31.514852416042316
2018-05-04,89.44000244140625,90.86000061035156,88.98999786376953,90.45999908447266,88.29046630859375,432600,746,4,1.140425553694091,33.49658190518855
2018-05-07,90.5999984741211,90.69999694824219,88.68000030517578,88.94999694824219,86.8166732788086,294200,747,0,-1.821193767845608,26.390251944843598
2018-05-08,88.73999786376953,89.16999816894531,87.73999786376953,87.91000366210938,85.80162811279297,374900,748,1,-0.9353101438365319,25.36335301309194
2018-05-09,88.25,88.45999908447266,86.25,86.58999633789062,84.51327514648438,383900,749,2,-1.8810239797273365,25.567111413979163
2018-05-10,87.27999877929688,88.3499984741211,85.91999816894531,86.26000213623047,84.19120025634766,996700,750,3,-1.1686487824612013,25.749657839301946
2018-05-11,86.58000183105469,87.70999908447266,85.75,86.62000274658203,84.54257202148438,474700,751,4,0.046201102658094406,32.05556570452978
2018-05-14,87.19000244140625,88.5999984741211,85.0999984741211,85.33000183105469,83.28350067138672,593500,752,0,-2.1332728045299953,31.896091802388185
2018-05-15,84.29000091552734,85.0199966430664,82.97000122070312,84.77999877929688,82.74669647216797,509400,753,1,0.5813238325392822,31.39282015520287
2018-05-16,85.47000122070312,86.08000183105469,84.66999816894531,85.27999877929688,83.23469543457031,667600,754,2,-0.22230307557340456,20.741714372304415
2018-05-17,84.91999816894531,85.2300033569336,84.02999877929688,84.56999969482422,82.5417251586914,484500,755,3,-0.4121508262691975,13.562637481242135
2018-05-18,84.12000274658203,84.12000274658203,82.2699966430664,82.83999633789062,80.85321044921875,484700,756,4,-1.5216433272684515,7.555296660408814
2018-05-21,83.48999786376953,83.70999908447266,82.87000274658203,83.58000183105469,81.57546997070312,388700,757,0,0.10780209556600084,12.571838940552126
2018-05-22,84.30999755859375,84.41000366210938,83.08000183105469,84.12000274658203,82.10252380371094,360300,758,1,-0.22535264798184684,20.456444745115206
2018-05-23,83.43000030517578,85.8499984741211,83.43000030517578,84.94000244140625,82.9028549194336,450000,759,2,1.8099030692881213,28.196493195569403
2018-05-24,84.66999816894531,84.75,83.33999633789062,83.80999755859375,81.7999496459961,407000,760,3,-1.015708785815217,23.548155867677195
2018-05-25,83.80000305175781,84.80000305175781,83.25,83.27999877929688,81.28266143798828,368500,761,4,-0.6205301354699988,25.539290355112087
2018-05-29,82.91000366210938,84.04000091552734,81.33999633789062,81.94999694824219,79.98456573486328,480100,762,1,-1.1578900874007814,24.91583918702132
2018-05-30,82.48999786376953,84.48999786376953,82.48999786376953,83.94999694824219,81.93659210205078,408200,763,2,1.7699104403952282,39.49045901452135
2018-05-31,83.73999786376953,83.8499984741211,82.26000213623047,83.31999969482422,81.32170104980469,486300,764,3,-0.5015502503696978,38.56921145618028
2018-06-01,83.52999877929688,84.5999984741211,82.70999908447266,83.04000091552734,81.04841613769531,366300,765,4,-0.5866130383459067,35.993748440393475
2018-06-04,83.68000030517578,84.93000030517578,83.36000061035156,83.81999969482422,81.8097152709961,275500,766,0,0.16730328529859229,43.84677802960351
2018-06-05,83.18000030517578,83.61000061035156,81.04000091552734,81.1500015258789,79.20375061035156,466900,767,1,-2.440489026026804,37.38709005279072
2018-06-06,81.47000122070312,82.5,81.29000091552734,81.56999969482422,79.6136703491211,205900,768,2,0.12274269378025338,37.03704493557136
2018-06-07,81.0,82.75,80.86000061035156,82.4000015258789,80.42377471923828,552800,769,3,1.728396945529509,42.48095296002369
2018-06-08,82.91999816894531,84.93000030517578,81.93000030517578,84.75,82.71741485595703,333100,770,4,2.20694871136653,56.34552582993095
2018-06-11,84.5,84.9000015258789,82.5,83.05000305175781,81.05818176269531,366100,771,0,-1.7159727198132413,48.344787754078936
2018-06-12,83.25,84.41000366210938,83.23999786376953,83.93000030517578,81.91707611083984,450700,772,1,0.816817183394325,49.41895245321335
2018-06-13,84.37999725341797,85.91000366210938,83.93000030517578,84.33999633789062,82.3172378540039,482300,773,2,-0.047405684794243896,48.1179216248996
2018-06-14,84.56999969482422,85.06999969482422,83.7699966430664,83.93000030517578,81.91707611083984,614100,774,3,-0.756768821045184,50.39422771820124
2018-06-15,84.18000030517578,84.94999694824219,81.95999908447266,82.25,80.27737426757812,536200,775,4,-2.2927064601793723,46.8540010793952
2018-06-18,81.86000061035156,82.9000015258789,81.19000244140625,82.54000091552734,80.56041717529297,412500,776,0,0.8306869046001308,51.92434695926157
2018-06-19,81.80000305175781,83.20999908447266,81.16000366210938,82.05000305175781,80.08216857910156,608500,777,1,0.3056234604805752,43.125915032030264
2018-06-20,82.23999786376953,83.37000274658203,81.77999877929688,82.75,80.76537322998047,441000,778,2,0.620138800435388,47.948161774197004
2018-06-21,83.1500015258789,83.62999725341797,82.5199966430664,83.29000091552734,81.29241943359375,352800,779,3,0.1683696777863064,50.88339355981077
2018-06-22,83.45999908447266,85.26000213623047,83.16999816894531,85.05000305175781,83.01021575927734,430300,780,4,1.9051090159680761,54.06478790711794
2018-06-25,84.91999816894531,86.7300033569336,83.77999877929688,85.87000274658203,83.81055450439453,458500,781,0,1.1187053675469016,67.77111098599707
2018-06-26,86.05999755859375,87.63999938964844,85.33999633789062,86.5,84.4254379272461,704700,782,1,0.5112740575046848,68.27281935617782
2018-06-27,86.19000244140625,86.19000244140625,83.58000183105469,84.68000030517578,82.64908599853516,575600,783,2,-1.7519458097904117,57.872934581015
2018-06-28,84.91000366210938,87.91000366210938,84.55000305175781,87.0199966430664,84.93296813964844,522700,784,3,2.484975727187022,57.84381493497079
2018-06-29,87.52999877929688,89.1500015258789,87.0999984741211,87.79000091552734,85.68450927734375,597900,785,4,0.2970434592213911,67.50370341570721
2018-07-02,87.5999984741211,88.83000183105469,85.7699966430664,86.16999816894531,84.10335540771484,743400,786,0,-1.6324204681330334,57.84313463592325
2018-07-03,86.51000213623047,88.68000030517578,85.91000366210938,88.2300033569336,86.11394500732422,211100,787,1,1.9882108175128366,62.20968909140283
2018-07-05,88.58999633789062,93.5199966430664,88.31999969482422,93.18000030517578,90.94523620605469,889900,788,3,5.181176382238961,72.59403871125483
2018-07-06,93.18000030517578,96.75,91.66999816894531,95.72000122070312,93.42431640625,828600,789,4,2.725907820571516,81.57524628312956
2018-07-09,95.75,96.20999908447266,94.3499984741211,94.62999725341797,92.36045837402344,366800,790,0,-1.169715662226667,77.31584652130024
2018-07-10,94.55999755859375,94.91999816894531,92.55999755859375,94.44999694824219,92.18476867675781,807600,791,1,-0.11632890565950182,78.41427528468611
2018-07-11,93.94999694824219,95.31999969482422,93.66000366210938,94.4800033569336,92.21405792236328,389600,792,2,0.5641366960164929,77.73048238296644
2018-07-12,94.79000091552734,96.06999969482422,94.69999694824219,95.04000091552734,92.76061248779297,567600,793,3,0.26374089839158454,77.75151758904079
2018-07-13,95.11000061035156,95.58999633789062,94.37000274658203,95.5199966430664,93.2291030883789,383200,794,4,0.4310756283080197,76.31973327431326
2018-07-16,95.4000015258789,95.73999786376953,94.2699966430664,95.56999969482422,93.27790832519531,280600,795,0,0.17819514279482362,75.36608704049084
2018-07-17,95.38999938964844,96.26000213623047,94.8499984741211,95.51000213623047,93.21934509277344,292500,796,1,0.1258022301602546,74.28570605995672
2018-07-18,95.30999755859375,96.36000061035156,94.95999908447266,95.9000015258789,93.59999084472656,327700,797,2,0.6190368087276799,82.76867529370031
2018-07-19,95.0,96.30999755859375,94.62999725341797,95.08000183105469,92.79966735839844,185500,798,3,0.08421245374177211,75.83332722004181
2018-07-20,95.61000061035156,95.94999694824219,94.5999984741211,95.5999984741211,93.30718994140625,276800,799,4,-0.010461391242144735,75.43972134579484
2018-07-23,95.18000030517578,96.05000305175781,94.66999816894531,95.87000274658203,93.57072448730469,138800,800,0,0.7249447774678508,84.64285461270217
2018-07-24,96.3499984741211,97.98999786376953,96.02999877929688,97.30999755859375,94.9761734008789,317300,801,1,0.996366476051902,83.93122595500024
2018-07-25,97.3499984741211,98.44999694824219,96.69000244140625,98.43000030517578,96.0693130493164,585300,802,2,1.1094009737881994,77.48690221116559
2018-07-26,98.5199966430664,99.12000274658203,97.25,97.62000274658203,95.27874755859375,404500,803,3,-0.9135139333642184,62.14834782625663
2018-07-27,98.0,99.1500015258789,97.29000091552734,98.37000274658203,96.01075744628906,252600,804,4,0.37755382304289764,75.00005099865567
2018-07-30,98.58999633789062,98.58999633789062,97.62000274658203,97.93000030517578,95.58131408691406,240100,805,0,-0.6694350920278813,72.48064804528747
2018-07-31,97.87999725341797,98.63999938964844,97.20999908447266,98.13999938964844,95.7862777709961,465000,806,1,0.26563357532316534,73.10606316028779
2018-08-01,98.0,98.91999816894531,97.30000305175781,97.5,95.16162109375,211300,807,2,-0.5102040816326481,65.37500894070524
2018-08-02,96.5199966430664,97.58999633789062,96.43000030517578,97.31999969482422,94.9859390258789,378800,808,3,0.8288469535657317,61.68833613738464
2018-08-03,97.72000122070312,98.38999938964844,97.37999725341797,97.77999877929688,95.43490600585938,349600,809,4,0.06139741899739981,63.62516027857192
2018-08-06,98.2699966430664,98.33999633789062,97.47000122070312,97.95999908447266,95.61058807373047,428400,810,0,-0.31545493963911486,64.88455783788595
2018-08-07,98.45999908447266,100.7699966430664,98.33000183105469,100.44000244140625,98.0311050415039,493100,811,1,2.010972349527318,71.9961291171563
2018-08-08,100.66000366210938,101.01000213623047,100.12000274658203,100.95999908447266,98.53863525390625,222100,812,2,0.2980284238517372,79.34131348979435
2018-08-09,100.9800033569336,101.12000274658203,98.95999908447266,99.29000091552734,96.90869140625,590800,813,3,-1.6736010944984892,66.51747111143288
2018-08-10,97.61000061035156,97.61000061035156,94.41999816894531,95.5999984741211,93.30718994140625,1077800,814,4,-2.0592174200000035,49.074693830594974
2018-08-13,95.45999908447266,96.38999938964844,94.73999786376953,95.29000091552734,93.00463104248047,487700,815,0,-0.17808314537577363,42.49629724939336
2018-08-14,96.06999969482422,97.58999633789062,95.66999816894531,96.0,93.69760131835938,903500,816,1,-0.0728632195759138,40.689650737303765
2018-08-15,95.13999938964844,95.38999938964844,93.98999786376953,94.66999816894531,92.39949035644531,336700,817,2,-0.4940101153230181,39.13041767140979
2018-08-16,95.38999938964844,96.11000061035156,94.75,95.61000061035156,93.31695556640625,298300,818,3,0.23063342290681188,39.970924027099876
2018-08-17,95.38999938964844,97.19000244140625,95.1500015258789,96.44999694824219,94.13679504394531,617400,819,4,1.1112250397065981,44.7739979816582
2018-08-20,96.2699966430664,97.43000030517578,96.2699966430664,96.98999786376953,94.66385650634766,254700,820,0,0.7478978350571985,46.03174018143114
2018-08-21,97.37000274658203,98.30999755859375,96.33000183105469,97.47000122070312,95.1323471069336,299400,821,1,0.1026994672900905,49.89532876670028
2018-08-22,97.41999816894531,98.66000366210938,96.79000091552734,98.25,95.89363861083984,336200,822,2,0.8519830082682756,53.11453545266633
2018-08-23,98.18000030517578,98.30000305175781,96.6500015258789,96.97000122070312,94.64433288574219,357300,823,3,-1.232429293859827,47.428579179067455
2018-08-24,97.5199966430664,98.2300033569336,96.47000122070312,97.06999969482422,94.74193572998047,231200,824,4,-0.46144069291678136,47.16018030106655
2018-08-27,97.9000015258789,99.5999984741211,97.9000015258789,98.9800033569336,96.60612487792969,167700,825,0,1.1031683495624778,45.16556545692752
2018-08-28,98.69999694824219,99.52999877929688,96.16000366210938,96.87999725341797,94.55648040771484,178500,826,1,-1.843971379025089,37.76978450172485
2018-08-29,96.87999725341797,97.83000183105469,96.69999694824219,97.62999725341797,95.28849792480469,212500,827,2,0.774153614020201,44.73349418307437
2018-08-30,96.88999938964844,97.05999755859375,95.5,96.95999908447266,94.63457489013672,212200,828,3,0.07224656338649105,55.337519717245414
2018-08-31,96.68000030517578,97.55999755859375,95.12000274658203,95.87999725341797,93.5804672241211,337300,829,4,-0.8274752267610208,52.18355259591232
2018-09-04,95.43000030517578,96.0999984741211,94.0199966430664,94.26000213623047,91.99932861328125,448700,830,1,-1.2260276277939575,43.96672273193588
2018-09-05,93.80999755859375,94.23999786376953,93.18000030517578,94.02999877929688,91.77484130859375,185500,831,2,0.23451788341184443,47.59760120970513
2018-09-06,93.91000366210938,95.95999908447266,93.91000366210938,94.8499984741211,92.57518005371094,468900,832,3,1.0009528009325308,47.12120502776925
2018-09-07,94.30000305175781,95.44000244140625,94.16999816894531,95.31999969482422,93.0339126586914,273500,833,4,1.0816506999544506,45.59627271943413
2018-09-10,95.80999755859375,95.86000061035156,94.1500015258789,94.77999877929688,92.50685119628906,410800,834,0,-1.0750431119330384,41.38738326232194
2018-09-11,94.12999725341797,95.1500015258789,92.5199966430664,94.93000030517578,92.65325927734375,288100,835,1,0.8498917190064681,39.840002539060954
2018-09-12,95.25,95.4800033569336,94.62999725341797,94.93000030517578,92.65325927734375,492500,836,2,-0.33595768485482624,35.83618947183409
2018-09-13,95.44000244140625,98.05999755859375,95.44000244140625,97.80000305175781,95.45442199707031,211300,837,3,2.472758329821345,53.11796029967269
2018-09-14,97.8499984741211,98.41000366210938,97.19000244140625,97.83999633789062,95.49346160888672,354400,838,4,-0.010221907395446816,52.905646036603805
2018-09-17,97.76000213623047,98.43000030517578,97.41999816894531,98.3499984741211,95.9912338256836,336500,839,0,0.6035150623958208,47.341752918483344
2018-09-18,98.97000122070312,99.43000030517578,97.47000122070312,98.45999908447266,96.09859466552734,173700,840,1,-0.515309821097365,58.01217917469456
2018-09-19,98.29000091552734,99.12000274658203,96.66999816894531,97.19999694824219,94.86881256103516,241800,841,2,-1.1089672979268106,47.92671074596624
2018-09-20,98.0,98.44000244140625,96.91000366210938,97.55999755859375,95.22018432617188,241600,842,3,-0.4489820830676061,52.98209823409185
2018-09-21,97.54000091552734,97.79000091552734,95.91999816894531,96.56999969482422,94.25392150878906,531100,843,4,-0.9944650518746379,53.460392963510536
2018-09-24,96.16999816894531,96.5199966430664,94.30000305175781,95.0,92.7215805053711,215200,844,0,-1.2165937311238495,53.72982576226605
2018-09-25,95.4000015258789,95.83000183105469,94.80000305175781,95.79000091552734,93.49263763427734,152000,845,1,0.4088043851263823,58.39695406712846
2018-09-26,96.0,97.2300033569336,95.94000244140625,96.76000213623047,94.43937683105469,174900,846,2,0.7916688919067383,58.98402062447606
2018-09-27,96.72000122070312,97.58000183105469,96.16000366210938,97.37000274658203,95.03473663330078,247900,847,3,0.6720445798958252,59.51718773686888
2018-09-28,97.33999633789062,99.16999816894531,97.04000091552734,98.97000122070312,96.59636688232422,296100,848,4,1.674547918775704,67.70922144072355
2018-10-01,99.61000061035156,100.1500015258789,99.41999816894531,99.8499984741211,97.45526123046875,303100,849,0,0.24093751862159785,69.58598377902936
2018-10-02,100.0,100.1500015258789,98.8499984741211,98.91000366210938,96.53781127929688,382700,850,1,-1.0899963378906197,64.74076150442703
2018-10-03,99.77999877929688,99.77999877929688,96.58999633789062,97.37000274658203,95.03473663330078,419300,851,2,-2.415309743634597,48.23335809597246
2018-10-04,97.06999969482422,97.80000305175781,96.41000366210938,97.19000244140625,94.85906219482422,534100,852,3,0.12362495823561304,47.35989429164993
2018-10-05,97.70999908447266,98.9800033569336,97.02999877929688,97.69000244140625,95.3470687866211,534200,853,4,-0.02046529859152102,47.31708829941974
2018-10-08,97.58999633789062,98.19000244140625,96.62000274658203,97.20999908447266,94.87857818603516,934600,854,0,-0.3893813584153527,45.067086895624804
2018-10-09,96.5,98.51000213623047,95.68000030517578,97.80000305175781,95.45442199707031,312400,855,1,1.3471534215106828,52.5000254313151
2018-10-10,97.5999984741211,97.81999969482422,96.44999694824219,96.44999694824219,94.13679504394531,543200,856,2,-1.1782802703463435,45.727482136417514
2018-10-11,96.5199966430664,96.80999755859375,94.4800033569336,95.5199966430664,93.2291030883789,498600,857,3,-1.0360547397219921,45.939665864587475
2018-10-12,96.66999816894531,97.41999816894531,94.58999633789062,95.4800033569336,93.19007110595703,233800,858,4,-1.2309866913745249,52.105277599498336
2018-10-15,95.0199966430664,96.91999816894531,94.94000244140625,95.55999755859375,93.26815032958984,152600,859,0,0.5683023938169551,48.92421202732881
2018-10-16,96.47000122070312,98.94000244140625,95.97000122070312,98.4000015258789,96.0400390625,258700,860,1,2.0006222460393186,56.528661259676454
2018-10-17,97.69999694824219,98.9000015258789,97.36000061035156,98.33000183105469,95.97171783447266,361500,861,2,0.6448361335632979,53.993341732863215
2018-10-18,97.8499984741211,98.25,94.77999877929688,96.33000183105469,94.01969146728516,352900,862,3,-1.553394651782658,39.37198156659382
2018-10-19,96.93000030517578,97.93000030517578,94.81999969482422,95.51000213623047,93.21934509277344,281200,863,4,-1.4649728303668286,32.44338137711799
2018-10-22,95.91000366210938,96.2699966430664,92.1500015258789,92.63999938964844,90.41818237304688,217300,864,0,-3.409450680432824,28.061579694824403
2018-10-23,91.66999816894531,92.7699966430664,90.97000122070312,92.3499984741211,90.1351318359375,259900,865,1,0.7417915553162402,30.751529973437556
2018-10-24,92.38999938964844,93.5,91.36000061035156,91.41999816894531,89.22743225097656,423000,866,2,-1.0498985032051045,29.07904025706452
2018-10-25,91.12999725341797,93.19000244140625,90.83000183105469,91.88999938964844,89.68616485595703,414900,867,3,0.8339758138223408,28.924422472986635
2018-10-26,91.79000091552734,92.6500015258789,89.91999816894531,92.1500015258789,89.93993377685547,558800,868,4,0.3922002470430952,31.314644145880237
2018-10-29,91.70999908447266,91.70999908447266,86.37999725341797,86.95999908447266,84.87440490722656,790000,869,0,-5.17936980418553,20.121279567572472
2018-10-30,87.06999969482422,87.38999938964844,84.9000015258789,85.19000244140625,83.1468505859375,558800,870,1,-2.159179120256416,19.66595908407791
2018-10-31,85.4000015258789,86.91000366210938,84.2699966430664,85.06999969482422,83.02973937988281,550400,871,2,-0.38641899901452614,20.56338887819102
2018-11-01,85.7300033569336,88.58999633789062,85.62000274658203,87.91999816894531,85.8113784790039,502100,872,3,2.5545255176227633,31.614778014732593
2018-11-02,87.62000274658203,89.72000122070312,86.9000015258789,87.55000305175781,86.13025665283203,563000,873,4,-0.07989008517458318,30.79138570255543
2018-11-05,87.68000030517578,90.75,87.68000030517578,90.63999938964844,89.1701431274414,418900,874,0,3.3759113528400997,31.61136801562327
2018-11-06,90.2699966430664,91.69000244140625,89.16000366210938,90.25,88.78646850585938,312900,875,1,-0.022152037011224923,31.139116429129615
2018-11-07,91.44000244140625,93.61000061035156,90.52999877929688,93.04000091552734,91.5312271118164,344000,876,2,1.749779561900544,42.59342401813192
2018-11-08,92.44999694824219,92.76000213623047,87.81999969482422,89.05000305175781,87.60592651367188,1126000,877,3,-3.6776571213818943,37.27344408281472
2018-11-09,88.55999755859375,90.4800033569336,85.69999694824219,90.16999816894531,88.707763671875,1054600,878,4,1.8179772524116622,44.77358801251441
2018-11-12,89.01000213623047,89.6500015258789,87.91999816894531,88.29000091552734,86.8582534790039,448700,879,0,-0.8088992286520269,41.95083303233207
2018-11-13,88.04000091552734,88.87999725341797,85.68000030517578,86.54000091552734,85.13663482666016,773700,880,1,-1.7037709954583313,40.629800419734124
2018-11-14,86.91999816894531,87.33999633789062,85.1500015258789,85.69000244140625,84.3004150390625,1602300,881,2,-1.415089454038343,38.26646298499532
2018-11-15,85.44000244140625,85.6500015258789,82.5999984741211,83.69000244140625,82.33284759521484,728200,882,3,-2.0482209152558606,34.97868455168472
2018-11-16,83.68000030517578,86.6500015258789,83.18000030517578,86.33999633789062,84.93986511230469,445700,883,4,3.178771538018643,48.790001134583314
2018-11-19,85.88999938964844,87.2300033569336,85.2699966430664,87.0,85.58917999267578,234700,884,0,1.2923514009074877,53.6923686068359
2018-11-20,86.05999755859375,86.7699966430664,84.02999877929688,84.68000030517578,83.30679321289062,763200,885,1,-1.6035292732589301,49.26993684535252
2018-11-21,85.5,87.83000183105469,85.5,86.80000305175781,85.39241790771484,345500,886,2,1.5204714055646829,47.84450354276693
2018-11-23,86.20999908447266,87.33999633789062,86.20999908447266,87.08000183105469,85.66787719726562,119000,887,4,1.0091668667454146,49.09231072076458
2018-11-26,87.12999725341797,87.12999725341797,82.16999816894531,82.68000030517578,81.3392333984375,982500,888,0,-5.1073075731878586,35.367642995806364
2018-11-27,82.94000244140625,84.72000122070312,82.27999877929688,82.94999694824219,81.60485076904297,918100,889,1,0.01205028519621898,36.521405702552634
2018-11-28,83.11000061035156,85.69999694824219,82.87999725341797,85.62000274658203,84.23155975341797,1222200,890,2,3.0200963997079278,36.238871437869655
2018-11-29,85.55999755859375,87.44999694824219,83.54000091552734,87.22000122070312,85.80561065673828,661400,891,3,1.940163288308372,46.27594134710869
2018-11-30,86.55999755859375,87.48999786376953,85.61000061035156,86.75,85.34323120117188,1053000,892,4,0.2195037508840425,42.851173848781045
2018-12-03,88.38999938964844,90.08999633789062,85.13999938964844,85.2300033569336,83.8478775024414,592700,893,0,-3.5750605889074305,43.505946783348485
2018-12-04,85.02999877929688,85.80999755859375,83.01000213623047,83.2300033569336,81.88031005859375,534900,894,1,-2.1168945645116732,43.049143431350174
2018-12-06,82.18000030517578,84.23999786376953,80.87999725341797,83.38999938964844,82.0377197265625,494000,895,3,1.4723765879524509,45.025943906778814
2018-12-07,83.38999938964844,83.68000030517578,82.41999816894531,82.5,81.16214752197266,357300,896,4,-1.0672735293950852,47.296677104947356
2018-12-10,82.48999786376953,83.01000213623047,81.0,81.51000213623047,80.18820190429688,354000,897,0,-1.1880176420388633,38.13269148938164
2018-12-11,82.36000061035156,84.06999969482422,80.86000061035156,80.98999786376953,79.67662811279297,445100,898,1,-1.6634321714779632,35.131117247679754
2018-12-12,82.2300033569336,85.27999877929688,81.79000091552734,84.54000091552734,83.16905975341797,662300,899,2,2.809190641239301,49.67350892325912
2018-12-13,84.63999938964844,85.13999938964844,83.30999755859375,84.61000061035156,83.23793029785156,625500,900,3,-0.03544279243052895,44.35275268091187
2018-12-14,83.97000122070312,84.95999908447266,83.41999816894531,83.6500015258789,82.29349517822266,270300,901,4,-0.38108811500805473,41.454906932409344
2018-12-17,83.3499984741211,83.95999908447266,81.30000305175781,81.52999877929688,80.20787811279297,356800,902,0,-2.183562961179064,46.76784298286581
2018-12-18,82.0199966430664,83.20999908447266,81.41000366210938,82.54000091552734,81.20149993896484,282800,903,1,0.63399694433528,48.893697002385984
2018-12-19,82.69999694824219,84.95999908447266,81.86000061035156,83.55999755859375,82.2049560546875,410600,904,2,1.039904041217543,43.8980879052834
2018-12-20,84.41000366210938,85.94000244140625,83.4800033569336,85.33000183105469,83.94625854492188,426200,905,3,1.089916039605976,44.45748078780084
2018-12-21,85.19999694824219,85.47000122070312,83.31999969482422,83.5199966430664,82.16560363769531,532800,906,4,-1.971831414731573,41.2180475146396
2018-12-24,82.83000183105469,84.87000274658203,82.4000015258789,83.12999725341797,81.78192901611328,187100,907,0,0.36218207863276675,43.91655586517108
2018-12-26,83.16000366210938,85.30000305175781,82.66999816894531,84.95999908447266,83.58226013183594,179600,908,2,2.1644965645707614,55.061423503876306
2018-12-27,84.08000183105469,85.2300033569336,83.79000091552734,85.05999755859375,83.68062591552734,493800,909,3,1.1655515059433519,54.903102737351034
2018-12-28,85.0999984741211,86.55999755859375,84.48999786376953,85.13999938964844,83.75933837890625,373000,910,4,0.047004601932520984,58.13809095997629
2018-12-31,85.44000244140625,86.05999755859375,84.8499984741211,86.05000305175781,84.65458679199219,220100,911,0,0.7139520048233816,64.06441960666602
2019-01-02,85.7300033569336,87.45999908447266,85.54000091552734,87.27999877929688,85.86463165283203,346300,912,2,1.8079964559314599,68.66467593210976
2019-01-03,86.95999908447266,88.43000030517578,86.95999908447266,87.9000015258789,86.4745864868164,396500,913,3,1.0809595806149153,62.06895606744554
2019-01-04,88.52999877929688,89.68000030517578,88.43000030517578,89.4000015258789,87.95025634765625,239600,914,4,0.9827208387870101,65.60259488647122
2019-01-07,89.70999908447266,91.3499984741211,89.25,90.8499984741211,89.3767318725586,361400,915,0,1.2707606747102806,72.72724645527222
2019-01-08,91.4000015258789,91.75,90.70999908447266,91.5,90.01619720458984,216200,916,1,0.10940751909371826,84.69030626926593
2019-01-09,90.97000122070312,93.19999694824219,90.97000122070312,93.12000274658203,91.60993194580078,611500,917,2,2.3634181565665546,85.31373188147454
2019-01-10,92.79000091552734,93.58999633789062,92.55000305175781,93.06999969482422,91.56073760986328,908400,918,3,0.3017553362800074,83.94000831009393
2019-01-11,93.05000305175781,93.81999969482422,92.80000305175781,93.3499984741211,91.83619689941406,577500,919,4,0.3224023777800511,82.02871013995538
2019-01-14,93.04000091552734,94.77999877929688,91.93000030517578,93.31999969482422,91.80667877197266,528500,920,0,0.3009445147696077,95.62382699895007
2019-01-15,92.87000274658203,94.83000183105469,92.76000213623047,94.30999755859375,92.78063201904297,241200,921,1,1.5505489064548517,99.2945167278117
2019-01-16,94.2300033569336,94.68000030517578,93.58999633789062,94.19999694824219,92.67240905761719,293000,922,2,-0.031843794569064166,98.02492321040388
2019-01-17,94.0999984741211,94.41999816894531,93.36000061035156,93.7300033569336,92.21004486083984,282300,923,3,-0.3931935421755073,93.39343169322954
2019-01-18,94.16000366210938,94.29000091552734,93.2300033569336,93.41000366210938,91.89523315429688,535100,924,4,-0.7965165365661608,90.42037011901263
2019-01-22,92.83000183105469,93.48999786376953,91.56999969482422,92.18000030517578,90.68516540527344,720300,925,1,-0.7002063051359975,79.05213229014274
2019-01-23,92.48999786376953,92.95999908447266,91.87000274658203,92.76000213623047,91.25576782226562,393700,926,2,0.2919280773026278,77.67678036517822
2019-01-24,93.02999877929688,93.02999877929688,91.0999984741211,91.93000030517578,90.4392318725586,335600,927,3,-1.1824126502793075,69.93075438180779
2019-01-25,92.22000122070312,93.36000061035156,90.86000061035156,91.55999755859375,90.07522583007812,467700,928,4,-0.7156838574853608,62.02669947248449
2019-01-28,90.58000183105469,91.91999816894531,90.58000183105469,91.05000305175781,89.57349395751953,564600,929,0,0.5188796767522152,51.24380942078288
2019-01-29,91.66999816894531,92.0999984741211,90.9000015258789,91.69000244140625,90.203125,588100,930,1,0.021822049591491144,51.183078893462095
2019-01-30,91.56999969482422,92.77999877929688,89.66999816894531,90.33000183105469,88.86517333984375,493300,931,2,-1.3541529626537874,32.04631839823885
2019-01-31,90.33000183105469,92.01000213623047,89.12999725341797,91.0199966430664,89.54398345947266,466300,932,3,0.7638600664508166,37.81209346883011
2019-02-01,91.0199966430664,91.69000244140625,89.83999633789062,89.88999938964844,88.43231201171875,352500,933,4,-1.241482416055495,31.317473068446304
2019-02-04,89.37999725341797,91.41999816894531,89.37999725341797,90.66000366210938,89.1898193359375,179700,934,0,1.4320949295424823,36.70000968933845
2019-02-05,90.87999725341797,92.5,90.83999633789062,91.47000122070312,89.98668670654297,237400,935,1,0.649212131510013,35.53972182987523
2019-02-06,90.37999725341797,93.11000061035156,90.37999725341797,92.05000305175781,90.55728149414062,361000,936,2,1.8477603995243452,39.552986883957495
2019-02-07,91.69000244140625,93.06999969482422,91.0,93.05000305175781,91.54106903076172,388700,937,3,1.4832594330234095,46.857669480799245
2019-02-08,92.80999755859375,93.11000061035156,92.33999633789062,93.02999877929688,91.52139282226562,308700,938,4,0.23704474355172866,48.193893876035446
2019-02-11,93.04000091552734,93.9000015258789,92.5199966430664,92.8499984741211,91.34429931640625,602500,939,0,-0.20421586364638422,53.537476676774745
2019-02-12,92.95999908447266,93.58999633789062,92.37999725341797,92.83999633789062,91.33447265625,278400,940,1,-0.12909073554635553,50.44940555025498
2019-02-13,92.69999694824219,92.80000305175781,91.70999908447266,91.94000244140625,90.4490737915039,663200,941,2,-0.8198430764353448,50.05575330756178
2019-02-14,91.44999694824219,93.48999786376953,91.44000244140625,93.13999938964844,91.62960052490234,271900,942,3,1.8480071053066816,58.06124387312145
2019-02-15,93.75,93.75,91.87000274658203,92.72000122070312,91.21641540527344,188500,943,4,-1.0986653645833289,58.59938021918617
2019-02-19,92.5199966430664,93.38999938964844,91.79000091552734,91.9000015258789,90.40971374511719,350300,944,1,-0.6701201250356559,51.06167471906602
2019-02-20,92.0,92.44999694824219,91.52999877929688,91.62000274658203,90.1342544555664,650200,945,2,-0.4130404928456177,57.321239444621014
2019-02-21,91.4800033569336,92.43000030517578,91.16999816894531,92.30000305175781,90.80323028564453,256400,946,3,0.8963704249384197,57.27276746893838
2019-02-22,92.45999908447266,93.75,91.88999938964844,92.3499984741211,90.8524169921875,223800,947,4,-0.11897102686651007,65.93264978381717
2019-02-25,92.33000183105469,93.0999984741211,91.1500015258789,91.27999877929688,89.79975891113281,402000,948,0,-1.1372284533028632,53.86531151183985
2019-02-26,90.98999786376953,91.27999877929688,90.08999633789062,91.01000213623047,89.53414916992188,517700,949,1,0.02198513345488262,46.925134917081195
2019-02-27,90.93000030517578,91.31999969482422,90.0999984741211,91.2300033569336,89.75057983398438,344800,950,2,0.3299274725073742,44.24156505731165
2019-02-28,91.93000030517578,92.12000274658203,90.41999816894531,90.62999725341797,89.1603012084961,822000,951,3,-1.4141227536628387,31.99398730476622
2019-03-01,91.33000183105469,92.0,89.70999908447266,90.27999877929688,88.81597900390625,370500,952,4,-1.1496803139237288,30.496420130381708
2019-03-04,90.2300033569336,90.55000305175781,89.0,89.80000305175781,88.3437728881836,267300,953,0,-0.4765602229612864,29.251684439217456
2019-03-05,89.81999969482422,90.12999725341797,88.94000244140625,89.31999969482422,87.87155151367188,326900,954,1,-0.556668895233603,27.493582807876436
2019-03-06,89.08999633789062,89.3499984741211,88.08000183105469,88.27999877929688,86.84841918945312,255400,955,2,-0.9091902479394842,27.01000256869338
2019-03-07,88.37000274658203,88.62000274658203,87.2300033569336,87.33999633789062,85.92365264892578,332100,956,3,-1.165561136899751,12.337627594242889
2019-03-08,86.8499984741211,87.45999908447266,86.05000305175781,87.12999725341797,85.7170639038086,295400,957,4,0.32239353392771175,12.683540977194326
2019-03-11,87.5,89.73999786376953,87.5,89.5199966430664,88.06829833984375,149500,958,0,2.308567592075894,36.865311676850425
2019-03-12,89.75,89.98999786376953,87.12000274658203,87.44000244140625,86.02204132080078,300200,959,1,-2.5738134357590536,30.755050613267414
2019-03-13,87.5,88.0,87.30999755859375,87.62000274658203,86.19912719726562,218400,960,2,0.1371459960937571,27.413110637342086
2019-03-14,87.41999816894531,88.2300033569336,87.04000091552734,87.51000213623047,86.09090423583984,117600,961,3,0.10295581007817578,26.77544535317074
2019-03-15,88.04000091552734,89.27999877929688,87.5999984741211,88.9800033569336,87.53707122802734,353000,962,4,1.067699263551991,39.37155504974972
2019-03-18,89.44999694824219,90.08000183105469,88.5999984741211,89.63999938964844,88.18636322021484,357400,963,0,0.21241190373231245,43.88937172849698
2019-03-19,89.68000030517578,90.87999725341797,89.55000305175781,89.94000244140625,88.48149871826172,269200,964,1,0.28992209561296,44.286976036675156
2019-03-20,90.0,92.98999786376953,89.44000244140625,92.4000015258789,90.90160369873047,450900,965,2,2.6666683620876652,56.73005739163934
2019-03-21,91.93000030517578,93.08000183105469,91.93000030517578,92.47000122070312,90.97046661376953,209200,966,3,0.5874044530998823,58.50817122098813
2019-03-22,91.7300033569336,91.8499984741211,90.55999755859375,91.4000015258789,89.9178237915039,396700,967,4,-0.359753427426146,55.9435311402318
2019-03-25,91.19000244140625,92.88999938964844,91.19000244140625,92.45999908447266,90.96063232421875,269600,968,0,1.3926928490680002,61.182339356065754
2019-03-26,92.70999908447266,93.04000091552734,92.0,92.95999908447266,91.45252227783203,215500,969,1,0.26965807622563176,67.333344259386
2019-03-27,92.38999938964844,92.8499984741211,91.18000030517578,91.86000061035156,90.370361328125,267400,970,2,-0.5736538400240021,66.54468561394337
2019-03-28,91.80999755859375,92.9000015258789,90.61000061035156,92.37999725341797,90.88192749023438,283100,971,3,0.620847086354015,68.79028373511939
2019-03-29,92.62000274658203,92.98999786376953,91.83000183105469,92.27999877929688,90.7835464477539,310900,972,4,-0.36709561347718633,61.81509276454209
2019-04-01,92.88999938964844,94.20999908447266,92.29000091552734,93.76000213623047,92.23954772949219,493300,973,0,0.936594630529175,78.51986914342098
2019-04-02,93.72000122070312,94.98999786376953,92.5,92.80999755859375,91.3049545288086,334800,974,1,-0.9709812742814461,71.89871510678256
2019-04-03,92.83999633789062,93.91999816894531,92.44999694824219,92.83000183105469,91.32463836669922,281000,975,2,-0.0107653029191912,72.61904221273161
2019-04-04,92.6500015258789,93.2300033569336,92.37999725341797,93.0999984741211,91.59024810791016,351300,976,3,0.4856955648473438,69.50755714822414
2019-04-05,93.80000305175781,95.80999755859375,93.31999969482422,95.76000213623047,94.20712280273438,851800,977,4,2.0895511947810474,74.36305819536952
2019-04-08,95.80000305175781,96.27999877929688,94.72000122070312,95.98999786376953,94.43338012695312,523400,978,0,0.19832443210787698,74.21936131755818
2019-04-09,95.93000030517578,96.19999694824219,94.73999786376953,95.29000091552734,93.74474334716797,440300,979,1,-0.6671524941232687,63.46691770916139
2019-04-10,96.02999877929688,96.12000274658203,95.29000091552734,95.76000213623047,94.20712280273438,352900,980,2,-0.2811586446928249,64.77988197399151
2019-04-11,95.9000015258789,96.43000030517578,95.12000274658203,96.12000274658203,94.561279296875,249400,981,3,0.22940690010704312,72.64876223668699
2019-04-12,96.11000061035156,96.48999786376953,95.77999877929688,96.13999938964844,94.5809555053711,224400,982,4,0.031212963381932468,69.61621206144186
2019-04-15,96.16000366210938,96.83000183105469,95.37000274658203,96.38999938964844,94.826904296875,209300,983,0,0.23918023999585092,68.78423514252265
2019-04-16,96.36000061035156,97.05000305175781,95.91000366210938,96.77999877929688,95.21057891845703,413000,984,1,0.43586360137506386,79.2161474992434
2019-04-17,97.08000183105469,97.63999938964844,95.80999755859375,96.41000366210938,94.8465805053711,444300,985,2,-0.6901505524395168,74.3652239694086
2019-04-18,96.63999938964844,96.95999908447266,95.5199966430664,96.04000091552734,94.48257446289062,267400,986,3,-0.620859352142511,72.01406166944356
2019-04-22,95.83999633789062,96.79000091552734,95.6500015258789,95.7699966430664,94.21694946289062,159000,987,0,-0.07303808169757398,63.71073673078965
2019-04-23,95.8499984741211,96.69000244140625,94.94999694824219,95.88999938964844,94.33500671386719,278200,988,1,0.04173282854891269,73.69232177734375
2019-04-24,95.70999908447266,95.70999908447266,94.30000305175781,95.05000305175781,93.50863647460938,207200,989,2,-0.6895789771477645,65.16395920145584
2019-04-25,95.0199966430664,95.2699966430664,93.80000305175781,94.91999816894531,93.3807373046875,323300,990,3,-0.1052393997620582,62.67409204364694
2019-04-26,94.94000244140625,95.77999877929688,94.68000030517578,95.55000305175781,94.00051879882812,277100,991,4,0.6425116859755997,47.96117454123649
2019-04-29,96.58999633789062,97.54000091552734,95.66999816894531,96.62999725341797,95.0630111694336,360600,992,0,0.04141310388645625,55.33332824707031
2019-04-30,96.16000366210938,97.6500015258789,94.7699966430664,97.58999633789062,96.00743865966797,518500,993,1,1.487097151957295,68.37056419718931
2019-05-01,97.33000183105469,98.38999938964844,96.72000122070312,97.63999938964844,96.05662536621094,362300,994,2,0.3185015439862493,66.09585596130958
2019-05-02,97.4800033569336,99.44000244140625,97.0199966430664,99.02999877929688,97.42408752441406,374200,995,3,1.5900650071664524,71.17900196009839
2019-05-03,98.7699966430664,99.48999786376953,98.11000061035156,99.16000366210938,98.3178939819336,829900,996,4,0.3948638577485841,71.63323437725438
2019-05-06,97.95999908447266,98.80000305175781,97.88999938964844,98.4800033569336,97.64366149902344,276800,997,0,0.5308332761544188,64.10256938259656
2019-05-07,97.33000183105469,98.12999725341797,97.33000183105469,98.06999969482422,97.23714447021484,321500,998,1,0.7602978011384653,58.68101085671863
2019-05-08,98.33000183105469,98.51000213623047,97.68000030517578,97.80000305175781,96.96943664550781,298200,999,2,-0.5390000706066211,59.48155626795454
2019-05-09,96.9800033569336,97.36000061035156,96.30999755859375,96.95999908447266,96.13656616210938,283500,1000,3,-0.02062721361981712,55.8974103156997
2019-05-10,97.33000183105469,99.0999984741211,96.41999816894531,98.62000274658203,97.78247833251953,325000,1001,4,1.3253887714566481,65.50598810846172
2019-05-13,96.9800033569336,97.98999786376953,96.4000015258789,97.72000122070312,96.8901138305664,269000,1002,0,0.763041697416722,59.17752661100865
2019-05-14,98.30000305175781,100.3499984741211,98.05000305175781,99.56999969482422,98.72440338134766,395800,1003,1,1.2919599223183198,70.58282777678569
2019-05-15,99.0,99.76000213623047,97.62000274658203,99.19000244140625,98.3476333618164,340500,1004,2,0.19192165798611605,69.01157655882713
2019-05-16,99.29000091552734,100.2300033569336,98.58999633789062,98.7300033569336,97.89154052734375,326800,1005,3,-0.5640019673986862,64.3761248350472
2019-05-17,97.93000030517578,98.55999755859375,96.66000366210938,98.19999694824219,97.36603546142578,379200,1006,4,0.27570370900136254,57.46906325563365
2019-05-20,98.08000183105469,99.61000061035156,97.61000061035156,98.63999938964844,97.80229949951172,262200,1007,0,0.5709599797503628,55.25525961271166
2019-05-21,98.91999816894531,99.27999877929688,97.54000091552734,98.9800033569336,98.13941955566406,281700,1008,1,0.06066032056106785,56.5175152865878
2019-05-22,99.0,99.69000244140625,98.61000061035156,99.43000030517578,98.5855941772461,203000,1009,2,0.43434374260180597,52.14133138378472
2019-05-23,98.69000244140625,99.1500015258789,97.77999877929688,98.0999984741211,97.26688385009766,297700,1010,3,-0.5978355990369444,44.9715201074773
2019-05-24,99.18000030517578,99.18000030517578,96.86000061035156,97.76000213623047,96.92977905273438,398300,1011,4,-1.431738419616857,46.47058647534362
2019-05-28,97.8499984741211,97.8499984741211,95.22000122070312,95.23999786376953,94.4311752319336,338400,1012,1,-2.6673486469617536,38.50528479118041
2019-05-29,95.20999908447266,96.30999755859375,94.29000091552734,95.91999816894531,95.10540008544922,505600,1013,2,0.7457190329796415,42.61005327373776
2019-05-30,95.9000015258789,96.83000183105469,95.54000091552734,95.88999938964844,95.07565307617188,252000,1014,3,-0.010429756070196028,45.507982030262596
2019-05-31,92.30999755859375,93.5,91.31999969482422,93.05999755859375,92.26969146728516,539000,1015,4,0.8124797094961833,28.74617291065273
2019-06-03,93.5999984741211,95.08999633789062,92.55999755859375,94.68000030517578,93.87593078613281,374200,1016,0,1.1538481289113278,38.98551245442408
2019-06-04,95.69000244140625,97.5,94.93000030517578,95.8499984741211,95.03599548339844,334300,1017,1,0.1672024544181694,35.823177291404264
2019-06-05,96.37000274658203,97.2300033569336,96.1500015258789,96.94000244140625,96.11674499511719,215600,1018,2,0.5914700410698526,41.865519813231764
2019-06-06,96.91000366210938,96.91000366210938,94.62999725341797,96.3499984741211,95.53174591064453,145200,1019,3,-0.577861074013386,41.47564062766427
2019-06-07,96.66000366210938,96.91000366210938,96.0,96.52999877929688,95.71022033691406,118500,1020,4,-0.13449708037147623,43.86481917066728
2019-06-10,96.83999633789062,98.41999816894531,96.77999877929688,97.62000274658203,96.79096984863281,315000,1021,0,0.8054589407147761,46.42357854548393
2019-06-11,98.54000091552734,98.54000091552734,96.66999816894531,97.47000122070312,96.64224243164062,284200,1022,1,-1.0858531407377026,44.633971103766704
2019-06-12,97.26000213623047,99.23999786376953,97.08000183105469,98.55000305175781,97.71307373046875,205800,1023,2,1.3263426765305342,47.006816102256586
2019-06-13,99.05000305175781,99.05000305175781,97.19999694824219,98.1500015258789,97.31646728515625,150200,1024,3,-0.9086335165569004,50.181564926775636
2019-06-14,97.75,98.5999984741211,97.58000183105469,97.9800033569336,97.14791107177734,141100,1025,4,0.23529755185023316,50.80882674682007
2019-06-17,98.19000244140625,98.95999908447266,97.05000305175781,97.18000030517578,96.35470581054688,193100,1026,0,-1.0286201355715119,58.164979597184065
2019-06-18,97.62999725341797,98.55000305175781,96.98999786376953,97.75,96.91986083984375,380200,1027,1,0.1229158557390253,57.773996577473554
2019-06-19,97.80999755859375,98.5,96.94000244140625,97.58999633789062,96.76121520996094,318600,1028,2,-0.22492713034916179,57.14282966610247
2019-06-20,98.5999984741211,99.43000030517578,98.26000213623047,98.6500015258789,97.81221771240234,230700,1029,3,0.05071303502193203,77.59125687340286
2019-06-21,98.33000183105469,98.6500015258789,96.55000305175781,96.9000015258789,96.07707977294922,277500,1030,4,-1.454286869263699,60.8186930120568
2019-06-24,97.16999816894531,97.5,96.26000213623047,97.06999969482422,96.24563598632812,227500,1031,0,-0.10291085314958481,56.58746179133745
2019-06-25,96.76000213623047,97.83999633789062,96.55000305175781,97.58000183105469,96.75130462646484,217700,1032,1,0.847457293014231,53.686622578025286
2019-06-26,97.98999786376953,98.0,96.38999938964844,96.77999877929688,95.95809936523438,292700,1033,2,-1.2348189721922975,52.41844334995662
2019-06-27,96.83999633789062,96.83999633789062,95.37000274658203,95.91999816894531,95.10540008544922,230200,1034,3,-0.9500187977447783,46.812961489585945
2019-06-28,96.52999877929688,97.0,95.0199966430664,96.75,95.92835235595703,312000,1035,4,0.22790968971846404,45.32760023699421
2019-07-01,97.0,98.44999694824219,96.69999694824219,97.9800033569336,97.14791107177734,227300,1036,0,1.010312739106789,52.454287982224066
2019-07-02,98.18000030517578,98.83000183105469,97.4000015258789,97.61000061035156,96.78105163574219,186500,1037,1,-0.5805659941459318,45.144627122117306
2019-07-03,97.7300033569336,98.97000122070312,97.62000274658203,98.45999908447266,97.62383270263672,221100,1038,2,0.7469515015495753,51.530093495671665
2019-07-05,97.94000244140625,98.37999725341797,96.83999633789062,97.44000244140625,96.61249542236328,211900,1039,4,-0.5105166301166197,47.540983606557376
2019-07-08,97.58000183105469,98.88999938964844,96.91999816894531,97.9000015258789,97.06858825683594,270800,1040,0,0.32793573357197126,53.38345972488327
2019-07-09,98.0,98.20999908447266,95.80999755859375,96.19999694824219,95.38301849365234,473100,1041,1,-1.8367378079161334,43.41546100394109
2019-07-10,96.12999725341797,97.1500015258789,95.7300033569336,96.9000015258789,96.07707977294922,263400,1042,2,0.8010031150121222,47.19742621470481
2019-07-11,97.33999633789062,97.63999938964844,96.73999786376953,97.2300033569336,96.40428161621094,295100,1043,3,-0.11299875189558772,43.86875616016698
2019-07-12,97.66999816894531,97.7699966430664,96.05999755859375,97.41999816894531,96.59265899658203,221600,1044,4,-0.2559639650730472,52.59479054595791
2019-07-15,97.41999816894531,98.5199966430664,97.41999816894531,98.12999725341797,97.296630859375,305900,1045,0,0.7288021944338086,55.01892174244756
2019-07-16,98.0,98.30999755859375,96.5,96.79000091552734,95.968017578125,181400,1046,1,-1.2346929433394438,46.53204377220075
2019-07-17,96.5999984741211,97.16999816894531,95.37999725341797,95.44999694824219,94.63938903808594,248500,1047,2,-1.1904777888655849,44.42581330059027
2019-07-18,95.5999984741211,95.61000061035156,93.61000061035156,94.02999877929688,93.23145294189453,333700,1048,3,-1.6422591212166382,42.43395292867221
2019-07-19,94.5999984741211,94.9800033569336,93.55999755859375,94.12000274658203,93.32069396972656,165600,1049,4,-0.50739506900771,38.80852959261657
2019-07-22,94.4800033569336,94.69999694824219,92.04000091552734,92.22000122070312,91.43682861328125,452200,1050,0,-2.392042819571527,26.811596428560463
2019-07-23,93.0,93.01000213623047,91.37000274658203,91.94999694824219,91.16911315917969,436400,1051,1,-1.1290355395245255,27.02921957285325
2019-07-24,91.72000122070312,92.7699966430664,91.31999969482422,92.0,91.21868896484375,192600,1052,2,0.3052755948215857,21.961838496745926
2019-07-25,92.27999877929688,94.37000274658203,90.55999755859375,91.08999633789062,90.31641387939453,367900,1053,3,-1.2895561954355261,22.173551386996223
2019-07-26,92.25,93.76000213623047,90.97000122070312,91.5999984741211,90.82209014892578,377400,1054,4,-0.7046087001397305,22.513128391945074
2019-07-29,91.5199966430664,93.43000030517578,90.54000091552734,93.25,92.45807647705078,392400,1055,0,1.890300940111178,37.07277801775152
2019-07-30,93.2300033569336,93.2300033569336,91.0999984741211,91.13999938964844,90.36599731445312,223800,1056,1,-2.241771846004892,27.535119276101028
2019-07-31,91.61000061035156,91.9800033569336,89.23999786376953,90.69999694824219,89.92973327636719,514700,1057,2,-0.9933453291632754,24.748652171424553
2019-08-01,90.58999633789062,91.77999877929688,89.4800033569336,89.62000274658203,88.8589096069336,384300,1058,3,-1.0707513307436578,21.780076039917915
2019-08-02,89.43000030517578,89.43000030517578,87.95999908447266,88.47000122070312,87.71867370605469,337700,1059,4,-1.073464252707934,16.12908748593567
2019-08-05,87.25,87.25,85.68000030517578,85.87999725341797,85.15066528320312,266000,1060,0,-1.570203721010921,14.829187428981825
2019-08-06,86.33999633789062,87.26000213623047,86.05999755859375,86.97000122070312,86.23141479492188,355900,1061,1,0.7296790705746403,22.21500058495262
2019-08-07,86.83000183105469,88.70999908447266,85.9000015258789,88.3499984741211,87.59968566894531,531800,1062,2,1.7505431429379215,31.340370210519822
2019-08-08,89.02999877929688,89.30000305175781,88.04000091552734,89.12999725341797,88.37306213378906,470900,1063,3,0.11231997696528051,34.318040355660756
2019-08-09,89.41000366210938,90.25,88.8499984741211,89.77999877929688,89.01754760742188,253900,1064,4,0.41381847895427537,41.67803788463079
2019-08-12,89.06999969482422,90.23999786376953,87.23999786376953,88.05999755859375,87.31214904785156,283900,1065,0,-1.1339420003266931,37.92676735626348
2019-08-13,87.9000015258789,88.55999755859375,86.75,87.37999725341797,86.63792419433594,456000,1066,1,-0.5915861927577315,36.20071945954396
2019-08-14,86.02999877929688,86.87999725341797,84.9800033569336,85.05999755859375,84.33763122558594,372600,1067,2,-1.1275150929521582,33.38844149413315
2019-08-15,85.62000274658203,87.16000366210938,84.8499984741211,86.4000015258789,85.66625213623047,377300,1068,3,0.9110006473668442,36.30138583168391
2019-08-16,86.79000091552734,88.9000015258789,86.79000091552734,88.70999908447266,87.95663452148438,327000,1069,4,2.2122342996793387,38.441956993382554
2019-08-19,89.22000122070312,89.22000122070312,87.6500015258789,87.77999877929688,87.03453063964844,213000,1070,0,-1.6139906093972423,40.899243260221766
2019-08-20,87.77999877929688,88.91000366210938,87.41999816894531,88.16999816894531,87.42121887207031,206300,1071,1,0.4442918604145918,43.128739065641795
2019-08-21,88.94000244140625,89.23999786376953,88.20999908447266,88.83999633789062,88.08552551269531,415100,1072,2,-0.11244220909653047,47.833316449772965
2019-08-22,88.58000183105469,89.30999755859375,88.3499984741211,88.66999816894531,87.9169692993164,169800,1073,3,0.10159893433088207,50.58753495310747
2019-08-23,88.80999755859375,89.16999816894531,87.91999816894531,88.20999908447266,87.46087646484375,271700,1074,4,-0.6755978950739538,57.8240494511857
2019-08-26,88.7300033569336,89.4000015258789,88.1500015258789,88.80000305175781,88.04586791992188,197200,1075,0,0.07889067077191392,56.358588980799794
2019-08-27,88.98999786376953,90.04000091552734,88.16999816894531,88.56999969482422,87.81782531738281,265500,1076,1,-0.4719610956596121,50.830819975175665
2019-08-28,88.33999633789062,89.25,88.08999633789062,89.20999908447266,88.45238494873047,165800,1077,2,0.984834483413799,50.30535035794074
2019-08-29,89.0999984741211,89.66000366210938,88.6500015258789,89.2699966430664,88.51187133789062,282400,1078,3,0.19079480567520957,47.96162250542931
2019-08-30,89.31999969482422,91.56999969482422,89.0,91.36000061035156,90.5841293334961,382700,1079,4,2.283924006378557,62.810565996607046
2019-09-03,90.7300033569336,90.7300033569336,89.66000366210938,89.95999908447266,89.19601440429688,215800,1080,1,-0.8486765611941283,59.485296592579296
2019-09-04,90.3499984741211,92.2699966430664,90.3499984741211,91.88999938964844,91.10962677001953,375800,1081,2,1.704483609890084,75.85162134658455
2019-09-05,92.4000015258789,93.37000274658203,91.93000030517578,92.22000122070312,91.43682861328125,305100,1082,3,-0.19480552186502686,73.85244881584963
2019-09-06,93.37999725341797,93.66000366210938,92.87000274658203,93.44999694824219,92.6563720703125,305600,1083,4,0.07496219413485328,71.31293477075116
2019-09-09,93.12999725341797,93.81999969482422,92.77999877929688,93.26000213623047,92.4679946899414,178600,1084,0,0.13959506780478748,76.39694030327954
2019-09-10,92.87000274658203,94.22000122070312,92.47000122070312,92.95999908447266,92.17053985595703,301300,1085,1,0.09690571253260227,73.27502667322098
2019-09-11,92.77999877929688,93.44000244140625,92.02999877929688,92.80000305175781,92.01190185546875,195800,1086,2,0.021560975128398496,70.24543562444028
2019-09-12,93.3499984741211,94.2300033569336,92.36000061035156,92.9000015258789,92.11105346679688,357400,1087,3,-0.4820535142985971,71.7816877228023
2019-09-13,92.6500015258789,94.44000244140625,92.6500015258789,93.61000061035156,92.81501770019531,480900,1088,4,1.0361565770773407,77.10844388679386
2019-09-16,93.41999816894531,93.9800033569336,92.5,92.93000030517578,92.14079284667969,255600,1089,0,-0.5245106758441587,70.54725937599875
2019-09-17,92.20999908447266,95.69000244140625,90.19999694824219,95.61000061035156,94.79803466796875,665600,1090,1,3.6872373491341204,78.1600208496221
2019-09-18,95.91000366210938,95.91000366210938,94.41000366210938,94.94999694824219,94.14363861083984,376200,1091,2,-1.0009453416864544,72.92332029876522
2019-09-19,95.06999969482422,95.25,94.1500015258789,94.7300033569336,93.9255142211914,169900,1092,3,-0.35762736823605756,71.53000736465638
2019-09-20,95.12000274658203,95.12000274658203,94.41999816894531,94.48999786376953,93.68754577636719,387600,1093,4,-0.6623263925790157,64.45059524103053
2019-09-23,94.94000244140625,95.01000213623047,93.54000091552734,94.94000244140625,94.13372802734375,275800,1094,0,0.0,75.20245314446201
2019-09-24,95.08000183105469,96.37999725341797,94.87999725341797,96.12000274658203,95.30370330810547,414300,1095,1,1.0938166759560053,73.16541418098467
2019-09-25,96.19000244140625,96.37000274658203,95.18000030517578,96.31999969482422,95.50200653076172,608100,1096,2,0.13514632510500668,72.7777886096434
2019-09-26,95.95999908447266,96.79000091552734,94.2699966430664,94.33999633789062,93.538818359375,709100,1097,3,-1.6882062964131084,54.56409943409455
2019-09-27,93.91999816894531,93.9800033569336,90.5999984741211,91.33999633789062,90.56429290771484,448700,1098,4,-2.7470207424980186,42.35666797265325
2019-09-30,90.94000244140625,91.94000244140625,90.51000213623047,91.58000183105469,90.80226135253906,407700,1099,0,0.7037600313028358,44.48001435545999
2019-10-01,91.13999938964844,91.61000061035156,89.66999816894531,89.9800033569336,89.21585083007812,383200,1100,1,-1.272762826951035,39.88523078354482
2019-10-02,89.25,90.16999816894531,88.44999694824219,88.94000244140625,88.18468475341797,304700,1101,2,-0.34733620010504174,36.69356265250445
2019-10-03,89.08000183105469,90.1500015258789,88.62000274658203,89.91999816894531,89.15635681152344,192200,1102,3,0.9429684784736825,37.82178148017214
2019-10-04,90.44999694824219,93.55999755859375,90.31999969482422,93.27999877929688,92.48782348632812,340400,1103,4,3.1288025721814883,50.981487067905
2019-10-07,93.27999877929688,93.33999633789062,91.5199966430664,91.55000305175781,90.77251434326172,228200,1104,0,-1.8546266618552187,37.97394435967342
2019-10-08,91.62999725341797,92.62000274658203,91.11000061035156,91.11000061035156,90.33625030517578,396500,1105,1,-0.5674960805993168,38.47540368006008
2019-10-09,91.6500015258789,91.87000274658203,90.58999633789062,90.62000274658203,89.85041809082031,225000,1106,2,-1.1238393476797004,37.861787701944536
2019-10-10,90.25,91.48999786376953,90.20999908447266,91.2699966430664,90.49488830566406,282900,1107,3,1.1301901862231567,40.715104092418656
2019-10-11,92.0999984741211,92.94000244140625,91.36000061035156,91.5999984741211,90.82209014892578,396900,1108,4,-0.5428881740323743,40.30195931962789
2019-10-14,91.55000305175781,92.05000305175781,90.77999877929688,90.9000015258789,90.12803649902344,328600,1109,0,-0.7099961815527522,34.40858940889932
2019-10-15,91.0199966430664,91.48999786376953,90.62000274658203,91.44999694824219,90.6733627319336,523500,1110,1,0.4724239958632692,35.7518842474104
2019-10-16,91.55000305175781,92.08999633789062,91.37999725341797,91.69999694824219,90.92123413085938,449600,1111,2,0.1638382211736067,41.40624379117691
2019-10-17,92.06999969482422,92.6500015258789,91.4000015258789,91.44999694824219,90.6733627319336,355400,1112,3,-0.6734036587782044,50.436164703149046
2019-10-18,90.94000244140625,92.02999877929688,89.9800033569336,91.7300033569336,90.95098876953125,502500,1113,4,0.8687056238384727,50.59289205028289
2019-10-21,91.91000366210938,92.33999633789062,91.77999877929688,91.80000305175781,91.02039337158203,684300,1114,0,-0.11968295720665711,58.18346107323473
2019-10-22,91.7699966430664,92.26000213623047,91.7699966430664,92.05999755859375,91.27818298339844,538300,1115,1,0.3160084190209522,65.08704461506903
2019-10-23,92.47000122070312,92.73999786376953,91.87999725341797,92.22000122070312,91.43682861328125,310400,1116,2,-0.27035795036198795,62.079861901388355
2019-10-24,92.58000183105469,93.41999816894531,92.20999908447266,93.29000091552734,92.49774169921875,294300,1117,3,0.7669032949127574,50.069171180468715
2019-10-25,93.25,93.54000091552734,91.3499984741211,91.52999877929688,90.752685546875,903400,1118,4,-1.8445053305127357,49.862229424264015
2019-10-28,91.0199966430664,91.06999969482422,88.4000015258789,89.68000030517578,88.91839599609375,1079700,1119,0,-1.4721999421131615,41.75316109831722
2019-10-29,91.02999877929688,91.0999984741211,89.62999725341797,90.70999908447266,89.93964385986328,439900,1120,1,-0.3515321312922981,50.48857992067411
2019-10-30,90.41000366210938,90.58999633789062,89.94000244140625,90.37999725341797,89.6124496459961,310100,1121,2,-0.033189257245858084,44.99437879216978
2019-10-31,90.12999725341797,90.36000061035156,88.6500015258789,89.0199966430664,88.26399993896484,484100,1122,3,-1.2315551361114285,36.99595611251513
2019-11-01,88.30000305175781,89.52999877929688,88.30000305175781,89.0999984741211,89.0999984741211,328800,1123,4,0.9059970495067349,40.322567413472036
2019-11-04,89.55000305175781,90.66999816894531,89.55000305175781,89.83000183105469,89.83000183105469,197800,1124,0,0.31267310972065143,41.45573185767494
2019-11-05,89.70999908447266,89.86000061035156,89.02999877929688,89.12999725341797,89.12999725341797,362600,1125,1,-0.6465297480479859,37.059437730639
2019-11-06,89.37999725341797,89.37999725341797,88.36000061035156,88.91999816894531,88.91999816894531,634000,1126,2,-0.5146555142180542,37.20932744171121
2019-11-07,89.12999725341797,92.47000122070312,88.83999633789062,92.19000244140625,92.19000244140625,617200,1127,3,3.4331934054569135,51.78570899693107
2019-11-08,91.98999786376953,92.83999633789062,91.58000183105469,92.77999877929688,92.77999877929688,286200,1128,4,0.8587900139940041,53.6566979775286
2019-11-11,93.0,93.1500015258789,92.3499984741211,92.5999984741211,92.5999984741211,418300,1129,0,-0.43010916761172524,52.027028188060925
2019-11-12,92.4000015258789,92.86000061035156,91.98999786376953,92.01000213623047,92.01000213623047,575600,1130,1,-0.4220772545541651,49.23636738926703
2019-11-13,91.5,91.73999786376953,90.94000244140625,91.58000183105469,91.58000183105469,339300,1131,2,0.08743369514172539,43.4782684602425
2019-11-14,91.38999938964844,92.19999694824219,90.83000183105469,91.69000244140625,91.69000244140625,252100,1132,3,0.3282668276194167,50.69809584804066
2019-11-15,91.83000183105469,93.06999969482422,91.83000183105469,93.0199966430664,93.0199966430664,254500,1133,4,1.295867133054207,65.26506212306336
2019-11-18,92.58000183105469,93.08999633789062,92.47000122070312,92.5199966430664,92.5199966430664,298000,1134,0,-0.06481441650625364,58.6935490963458
2019-11-19,92.72000122070312,92.72000122070312,92.18000030517578,92.56999969482422,92.56999969482422,567400,1135,1,-0.161779037860299,60.80948364162197
2019-11-20,92.5199966430664,92.79000091552734,91.80999755859375,92.62999725341797,92.62999725341797,336800,1136,2,0.11889387628918335,70.4416753213763
2019-11-21,92.7699966430664,92.83999633789062,91.83000183105469,92.29000091552734,92.29000091552734,648400,1137,3,-0.5174040583248551,67.54677517365482
2019-11-22,92.69000244140625,93.0,92.01000213623047,92.2699966430664,92.2699966430664,567100,1138,4,-0.45312955796430465,64.5584463707104
2019-11-25,92.29000091552734,92.68000030517578,91.47000122070312,91.54000091552734,91.54000091552734,401700,1139,0,-0.8126557509588461,64.32822226697657
2019-11-26,91.56999969482422,91.56999969482422,89.69999694824219,89.98999786376953,89.98999786376953,607700,1140,1,-1.7254579407233406,55.48718221590656
2019-11-27,90.05000305175781,90.22000122070312,88.81999969482422,89.41000366210938,89.41000366210938,382900,1141,2,-0.7107155668618748,30.311574015038374
2019-11-29,89.9000015258789,91.83999633789062,89.11000061035156,90.93000030517578,90.93000030517578,306000,1142,4,1.1457160865568694,38.42301313041709
2019-12-02,90.9000015258789,90.9000015258789,89.8499984741211,90.04000091552734,90.04000091552734,425900,1143,0,-0.946095265033331,35.287339387752965
2019-12-03,89.62999725341797,89.68000030517578,88.11000061035156,88.33000183105469,88.33000183105469,440600,1144,1,-1.450402166908138,31.262697873166942
2019-12-04,88.58000183105469,89.44999694824219,88.5199966430664,89.44000244140625,89.44000244140625,579700,1145,2,0.9708744553785564,39.80951190695904
2019-12-05,89.7300033569336,91.25,89.58000183105469,90.7699966430664,90.7699966430664,514400,1146,3,1.159025127855906,46.07505333099851
2019-12-06,91.0999984741211,92.11000061035156,90.87999725341797,91.3499984741211,91.3499984741211,402800,1147,4,0.2744237148050166,42.38833041927645
2019-12-09,91.55000305175781,92.33999633789062,91.27999877929688,91.80000305175781,91.80000305175781,443800,1148,0,0.2730748133985994,46.70332319107388
2019-12-10,91.66000366210938,93.0199966430664,91.55999755859375,92.62000274658203,92.62000274658203,367400,1149,1,1.047347857427039,50.21387128564249
2019-12-11,93.11000061035156,93.76000213623047,92.7699966430664,93.62999725341797,93.62999725341797,292900,1150,2,0.558475609126563,53.955701168795734
2019-12-12,93.62999725341797,94.68000030517578,93.62999725341797,94.0999984741211,94.0999984741211,205700,1151,3,0.5019771809146034,57.08691901244363
2019-12-13,94.02999877929688,95.69000244140625,93.91999816894531,95.31999969482422,95.31999969482422,623900,1152,4,1.3719035757462583,60.91627099723987
2019-12-16,95.47000122070312,95.47000122070312,94.5199966430664,94.83999633789062,94.83999633789062,313500,1153,0,-0.6598982662167185,62.02622800222654
2019-12-17,95.19000244140625,95.3499984741211,94.52999877929688,94.86000061035156,94.86000061035156,396200,1154,1,-0.34667698559817106,69.97540943078684
2019-12-18,94.83999633789062,96.8499984741211,94.66999816894531,96.83000183105469,96.83000183105469,471300,1155,2,2.098276644881114,77.31957720350705
2019-12-19,96.44999694824219,96.47000122070312,95.12000274658203,95.29000091552734,95.29000091552734,234700,1156,3,-1.2026916219990413,66.02940681484141
2019-12-20,95.54000091552734,95.7699966430664,93.69999694824219,94.51000213623047,94.51000213623047,811900,1157,4,-1.0780811905241272,66.5678257987673
2019-12-23,95.16999816894531,95.16999816894531,93.9800033569336,94.33999633789062,94.33999633789062,499900,1158,0,-0.8721255091139857,75.14639484342838
2019-12-24,94.20999908447266,94.20999908447266,93.91000366210938,94.08000183105469,94.08000183105469,95700,1159,1,-0.13798668366550304,70.9008866588769
2019-12-26,94.43000030517578,95.20999908447266,93.69999694824219,94.30999755859375,94.30999755859375,188700,1160,3,-0.1270811672076766,67.69999107361521
2019-12-27,94.61000061035156,95.5,94.44000244140625,94.73999786376953,94.73999786376953,142300,1161,4,0.13740328990521355,67.20810806624014
2019-12-30,95.04000091552734,95.04000091552734,93.75,94.55999755859375,94.55999755859375,264600,1162,0,-0.5050540323123798,64.40497901518711
2019-12-31,94.12000274658203,94.91999816894531,93.9800033569336,94.51000213623047,94.51000213623047,140700,1163,1,0.4143639803098065,60.72644672758637
2020-01-02,95.2300033569336,96.44999694824219,95.2300033569336,96.25,96.25,253500,1164,3,1.0710874799020331,63.731669261780176
2020-01-03,95.37000274658203,96.9000015258789,95.37000274658203,96.66000366210938,96.66000366210938,275100,1165,4,1.3526275331616988,63.50213228625027
2020-01-06,96.33000183105469,97.37000274658203,96.19999694824219,97.19000244140625,97.19000244140625,251500,1166,0,0.892765072152546,60.63710211496515
2020-01-07,97.52999877929688,97.83999633789062,97.12000274658203,97.5999984741211,97.5999984741211,291600,1167,1,0.07177247585394841,65.82571195339767
2020-01-08,97.80000305175781,98.05000305175781,97.02999877929688,97.58000183105469,97.58000183105469,227100,1168,2,-0.22495011639896978,65.59636238282474
2020-01-09,97.66999816894531,97.72000122070312,96.77999877929688,96.91000366210938,96.91000366210938,482000,1169,3,-0.7781248296138354,50.539097138250696
2020-01-10,97.0,97.63999938964844,96.30999755859375,96.5,96.5,305400,1170,4,-0.5154639175257714,59.61845662697512
2020-01-13,96.5,96.61000061035156,95.4000015258789,96.31999969482422,96.31999969482422,289600,1171,0,-0.18652881365366358,65.90511103542784
2020-01-14,96.18000030517578,96.18000030517578,93.44000244140625,94.72000122070312,94.72000122070312,1065300,1172,1,-1.5179861508007209,52.668581164343195
2020-01-15,94.69000244140625,94.77999877929688,93.69000244140625,94.0199966430664,94.0199966430664,649700,1173,2,-0.7075781825588656,49.60313976241872
2020-01-16,94.16000366210938,94.68000030517578,93.6500015258789,94.62000274658203,94.62000274658203,583100,1174,3,0.4885291701170136,51.954635410202606
2020-01-17,94.98999786376953,95.1500015258789,94.38999938964844,94.52999877929688,94.52999877929688,1074200,1175,4,-0.48426054828674125,48.61660754475356
2020-01-21,94.47000122070312,95.13999938964844,92.87999725341797,93.11000061035156,93.11000061035156,762600,1176,1,-1.4396110858242661,41.78937345662479
2020-01-22,93.5199966430664,94.0,93.01000213623047,93.87999725341797,93.87999725341797,680100,1177,2,0.38494506338100365,46.70154617020495
2020-01-23,93.51000213623047,94.19000244140625,92.55999755859375,93.87000274658203,93.87000274658203,671800,1178,3,0.38498620695901486,34.78262566305979
2020-01-24,94.0,94.1500015258789,93.12000274658203,93.62000274658203,93.62000274658203,300800,1179,4,-0.40425239725315754,30.156641710100786
2020-01-27,92.33999633789062,92.56999969482422,90.77999877929688,91.04000091552734,91.04000091552734,320300,1180,0,-1.4078356875890874,18.331606046629673
2020-01-28,91.1500015258789,92.9000015258789,91.1500015258789,92.66000366210938,92.66000366210938,407300,1181,1,1.6566122994542853,27.380988145799606
2020-01-29,93.05999755859375,94.2699966430664,92.30000305175781,93.12999725341797,93.12999725341797,466300,1182,2,0.07521996202519698,30.43094325999857
2020-01-30,92.45999908447266,93.38999938964844,91.63999938964844,92.2300033569336,92.2300033569336,364700,1183,3,-0.24875160049367961,29.82758223797795
2020-01-31,92.08999633789062,92.08999633789062,89.87000274658203,90.16999816894531,90.16999816894531,396900,1184,4,-2.0849150236694314,26.113200637529488
2020-02-03,90.5,91.5999984741211,90.5,91.33999633789062,91.33999633789062,236700,1185,0,0.9281727490504155,32.51403053365587
2020-02-04,92.11000061035156,93.9000015258789,92.11000061035156,93.2300033569336,93.2300033569336,794700,1186,1,1.215940439865948,44.87268683213291
2020-02-05,93.98999786376953,94.48999786376953,93.70999908447266,94.18000030517578,94.18000030517578,521600,1187,2,0.2021517669163586,50.54128442261274
2020-02-06,94.5,94.73999786376953,94.0999984741211,94.30000305175781,94.30000305175781,201300,1188,3,-0.21163698226686067,48.881119589997276
2020-02-07,93.87000274658203,94.19999694824219,92.83000183105469,93.91000366210938,93.91000366210938,287600,1189,4,0.04261309721629303,47.87672771927991
2020-02-10,94.06999969482422,94.58000183105469,93.63999938964844,94.37999725341797,94.37999725341797,217000,1190,0,0.32953923631278137,54.652007035817945
2020-02-11,94.66999816894531,95.88999938964844,94.33999633789062,95.75,95.75,335100,1191,1,1.1408068574453312,56.561416658858796
2020-02-12,96.06999969482422,96.41999816894531,95.3499984741211,95.63999938964844,95.63999938964844,358100,1192,2,-0.4475906178221245,56.167236345907746
2020-02-13,95.0199966430664,95.63999938964844,95.0199966430664,95.30999755859375,95.30999755859375,210600,1193,3,0.30519987978605556,55.85583775561512
2020-02-14,95.73999786376953,95.79000091552734,94.94999694824219,95.26000213623047,95.26000213623047,163000,1194,4,-0.5013533927816227,67.7311066602725
2020-02-18,95.37999725341797,96.7300033569336,94.95999908447266,95.02999877929688,95.02999877929688,417400,1195,1,-0.3669516504505421,61.27495887674347
2020-02-19,95.55999755859375,96.2300033569336,94.6500015258789,95.04000091552734,95.04000091552734,382600,1196,2,-0.5441572377056225,59.50250289613246
2020-02-20,94.7699966430664,95.2699966430664,93.98999786376953,94.33000183105469,94.33000183105469,343300,1197,3,-0.4642764879151384,60.64907058422079
2020-02-21,93.98999786376953,93.98999786376953,90.68000030517578,91.4800033569336,91.4800033569336,745900,1198,4,-2.670491077650583,56.15025821735819
2020-02-24,89.4800033569336,89.4800033569336,87.12000274658203,88.20999908447266,88.20999908447266,761700,1199,0,-1.4193162995255193,37.72550831184637
2020-02-25,89.26000213623047,89.36000061035156,86.41000366210938,86.70999908447266,86.70999908447266,786400,1200,1,-2.8568261155382246,23.624579488287395
2020-02-26,86.70999908447266,88.05000305175781,86.37999725341797,86.91000366210938,86.91000366210938,519500,1201,2,0.2306591855016249,18.690820484614065
2020-02-27,85.94000244140625,86.08999633789062,83.91999816894531,84.01000213623047,84.01000213623047,713500,1202,3,-2.2457531421315124,14.246018428239466
2020-02-28,82.1500015258789,82.98999786376953,79.80000305175781,81.38999938964844,81.38999938964844,1005100,1203,4,-0.9251395278319641,12.33454736418814
2020-03-02,81.5199966430664,83.94999694824219,81.08999633789062,83.87999725341797,83.87999725341797,533800,1204,0,2.8949959611563436,21.834786082423605
2020-03-03,84.05000305175781,86.88999938964844,83.5999984741211,84.0199966430664,84.0199966430664,597500,1205,1,-0.035700663416904366,16.312476308795283
2020-03-04,84.9000015258789,86.66999816894531,84.0999984741211,86.66999816894531,86.66999816894531,347700,1206,2,2.08480166225542,27.51880768889528
2020-03-05,85.0199966430664,86.2300033569336,84.5,85.16999816894531,85.16999816894531,537600,1207,3,0.17643087720722317,25.994331420446628
2020-03-06,82.6500015258789,83.30999755859375,81.52999877929688,83.05999755859375,83.05999755859375,408200,1208,4,0.4960629463345745,23.6842183216594
2020-03-09,77.63999938964844,77.9000015258789,73.45999908447266,73.45999908447266,73.45999908447266,885500,1209,0,-5.383823207156146,16.866370788452542
2020-03-10,75.02999877929688,75.16000366210938,71.80000305175781,72.94000244140625,72.94000244140625,1208500,1210,1,-2.7855476101477983,16.57593011789558
2020-03-11,70.88999938964844,71.70999908447266,65.66000366210938,65.94000244140625,65.94000244140625,1596400,1211,2,-6.982644929977244,13.926308785105888
2020-03-12,61.459999084472656,66.76000213623047,57.900001525878906,65.62000274658203,65.62000274658203,1311500,1212,3,6.768636062606714,14.883221800254944
2020-03-13,69.52999877929688,73.31999969482422,66.7699966430664,73.06999969482422,73.06999969482422,981100,1213,4,5.091328890662106,31.536586110184828
2020-03-16,65.0,67.30999755859375,60.40999984741211,62.66999816894531,62.66999816894531,876400,1214,0,-3.5846182016225914,25.9118234665185
2020-03-17,63.939998626708984,65.25,61.599998474121094,63.880001068115234,63.880001068115234,843700,1215,1,-0.09383415683823504,27.381651283618297
2020-03-18,60.189998626708984,62.29999923706055,59.06999969482422,60.400001525878906,60.400001525878906,857100,1216,2,0.34889998996732174,27.07321655672031
2020-03-19,59.2599983215332,60.470001220703125,56.540000915527344,60.11000061035156,60.11000061035156,758400,1217,3,1.4343609734958296,28.356386801643026
2020-03-20,61.5,62.38999938964844,59.04999923706055,59.77000045776367,59.77000045776367,920700,1218,4,-2.8130073857501325,24.356522381951905
2020-03-23,58.880001068115234,60.220001220703125,56.83000183105469,57.38999938964844,57.38999938964844,748100,1219,0,-2.530573456924856,22.964469793484284
2020-03-24,59.38999938964844,62.099998474121094,58.66999816894531,60.040000915527344,60.040000915527344,850000,1220,1,1.0944629273597961,22.964469793484284
2020-03-25,59.970001220703125,64.88999938964844,59.709999084472656,62.150001525878906,62.150001525878906,1147300,1221,2,3.6351513436741367,26.91536666539153
2020-03-26,62.83000183105469,65.66999816894531,62.83000183105469,63.63999938964844,63.63999938964844,592600,1222,3,1.2891891373356446,30.28026095505335
2020-03-27,61.36000061035156,62.08000183105469,60.790000915527344,61.34000015258789,61.34000015258789,1062400,1223,4,-0.032595269825175244,35.55078763859771
2020-03-30,61.33000183105469,61.9900016784668,59.70000076293945,60.5,60.5,800900,1224,0,-1.353337365521512,35.281588011632934
2020-03-31,60.25,62.61000061035156,59.880001068115234,60.5099983215332,60.5099983215332,747500,1225,1,0.43153248387253207,42.30223412333726
2020-04-01,58.59000015258789,59.95000076293945,58.0099983215332,58.79999923706055,58.79999923706055,574300,1226,2,0.3584213755346344,40.69830395811783
2020-04-02,58.29999923706055,60.130001068115234,57.869998931884766,58.47999954223633,58.47999954223633,912700,1227,3,0.3087483834156801,25.29631075014666
2020-04-03,57.619998931884766,58.66999816894531,56.630001068115234,57.470001220703125,57.470001220703125,915700,1228,4,-0.2603223081606765,37.09037461313211
2020-04-06,58.880001068115234,62.4900016784668,58.209999084472656,60.13999938964844,60.13999938964844,805300,1229,0,2.1399427626972667,41.34258656671686
2020-04-07,62.029998779296875,62.029998779296875,58.97999954223633,59.2400016784668,59.2400016784668,947200,1230,1,-4.49781904842027,46.950577589908654
2020-04-08,58.5099983215332,60.13999938964844,58.36000061035156,59.5,59.5,677000,1231,2,1.6920213756055569,48.39388908887546
2020-04-09,60.16999816894531,61.47999954223633,59.689998626708984,60.06999969482422,60.06999969482422,811700,1232,3,-0.16619324773837763,50.78043547511564
2020-04-13,60.310001373291016,60.310001373291016,59.2599983215332,59.7599983215332,59.7599983215332,309800,1233,0,-0.9119599390382205,56.90962187319761
2020-04-14,60.22999954223633,61.119998931884766,59.709999084472656,60.2599983215332,60.2599983215332,478200,1234,1,0.049807038892368816,50.73332524616895
2020-04-15,58.720001220703125,59.279998779296875,58.13999938964844,58.33000183105469,58.33000183105469,586200,1235,2,-0.6641678840955678,37.111998290849094
2020-04-16,58.36000061035156,58.970001220703125,56.790000915527344,57.529998779296875,57.529998779296875,697400,1236,3,-1.4222101137323584,28.379316712435866
2020-04-17,58.43000030517578,59.08000183105469,57.7599983215332,58.06999969482422,58.06999969482422,759300,1237,4,-0.6161228965793297,36.78252725567649
2020-04-20,57.41999816894531,57.47999954223633,56.31999969482422,57.02000045776367,57.02000045776367,835900,1238,0,-0.6966174223912991,36.16851271268546
2020-04-21,55.869998931884766,56.4900016784668,55.400001525878906,55.83000183105469,55.83000183105469,703300,1239,1,-0.071589585814813,32.99418729566335
2020-04-22,56.31999969482422,56.84000015258789,55.95000076293945,56.2599983215332,56.2599983215332,1407900,1240,2,-0.10653652985820328,39.82370457586823
2020-04-23,56.5099983215332,57.04999923706055,56.20000076293945,56.529998779296875,56.529998779296875,867900,1241,3,0.0353927771327589,42.15606391633806
2020-04-24,56.77000045776367,56.9900016784668,55.869998931884766,56.619998931884766,56.619998931884766,727500,1242,4,-0.264226747700147,46.30754571591917
2020-04-27,56.70000076293945,59.25,56.70000076293945,58.939998626708984,58.939998626708984,578700,1243,0,3.9506134631900114,44.623648746806126
2020-04-28,59.869998931884766,62.0,58.91999816894531,61.959999084472656,61.959999084472656,756200,1244,1,3.4908972605222965,60.24095797195909
2020-04-29,62.349998474121094,66.41000366210938,62.04999923706055,66.37000274658203,66.37000274658203,788700,1245,2,6.447480947620998,69.70740856654491
2020-04-30,67.37000274658203,67.37000274658203,64.12000274658203,64.33000183105469,64.33000183105469,990500,1246,3,-4.512395415749893,61.26984601138112
2020-05-01,63.279998779296875,64.68000030517578,62.029998779296875,62.5099983215332,62.5099983215332,488800,1247,4,-1.216814906158925,56.73689247078701
2020-05-04,61.779998779296875,63.0099983215332,61.189998626708984,62.95000076293945,62.95000076293945,1370900,1248,0,1.8938200174174469,56.60934062555768
2020-05-05,63.47999954223633,64.61000061035156,63.34000015258789,63.93000030517578,63.93000030517578,605700,1249,1,0.708885895060618,64.4329789468137
2020-05-06,63.7599983215332,64.87000274658203,63.18000030517578,64.4800033569336,64.4800033569336,460200,1250,2,1.1292425570174958,68.14621737588794
2020-05-07,65.05000305175781,65.29000091552734,63.939998626708984,64.25,64.25,638200,1251,3,-1.2298278466202128,66.40126459971216
2020-05-08,65.12000274658203,67.73999786376953,65.08999633789062,67.73999786376953,67.73999786376953,438100,1252,4,4.0233338554719555,75.18795172904477
2020-05-11,67.05000305175781,67.75,66.33000183105469,67.38999938964844,67.38999938964844,401900,1253,0,0.5070787806350507,78.27786659241323
2020-05-12,67.5,67.97000122070312,64.76000213623047,64.8499984741211,64.8499984741211,838200,1254,1,-3.925928186487271,69.04655128751448
2020-05-13,65.04000091552734,65.18000030517578,62.84000015258789,63.16999816894531,63.16999816894531,693700,1255,2,-2.8751579339778233,63.85641781035871
2020-05-14,62.25,63.130001068115234,61.209999084472656,62.41999816894531,62.41999816894531,1253200,1256,3,0.2730894280245977,61.77903309100775
2020-05-15,61.790000915527344,62.459999084472656,61.349998474121094,61.41999816894531,61.41999816894531,723200,1257,4,-0.5988068313639627,55.321884118737536
