Date,Open,High,Low,Close,Adj Close,Volume,Count,Week Day,Change,RSI
2015-12-18,10.0,10.390000343322754,8.350000381469727,9.100000381469727,8.726333618164062,5366800,0,4,-8.999996185302738,2.990000009536743
2015-12-21,9.300000190734863,9.489999771118164,9.100000381469727,9.3100004196167,8.927711486816406,471000,1,0,0.10752934061011299,2.990000009536743
2015-12-22,9.449999809265137,9.600000381469727,9.229999542236328,9.600000381469727,9.205802917480469,192900,2,1,1.5873076744141734,2.990000009536743
2015-12-23,9.520000457763672,9.600000381469727,9.350000381469727,9.449999809265137,9.06196117401123,137600,3,2,-0.7353008942499462,2.990000009536743
2015-12-24,9.550000190734863,9.59000015258789,9.350000381469727,9.5,9.109909057617188,61700,4,3,-0.5235621961910741,2.990000009536743
2015-12-28,9.40999984741211,9.979999542236328,9.40999984741211,9.949999809265137,9.541430473327637,336200,5,0,5.738575670663115,2.990000009536743
2015-12-29,9.899999618530273,10.279999732971191,9.8100004196167,9.850000381469727,9.445537567138672,556900,6,1,-0.5050428180518374,2.990000009536743
2015-12-30,9.819999694824219,9.819999694824219,9.289999961853027,9.529999732971191,9.138676643371582,199900,7,2,-2.9531565261236903,2.990000009536743
2015-12-31,9.5,9.760000228881836,9.329999923706055,9.449999809265137,9.06196117401123,304500,8,3,-0.526317797209086,2.990000009536743
2016-01-04,9.279999732971191,9.489999771118164,8.899999618530273,8.960000038146973,8.592082023620605,402600,9,0,-3.4482726727597,2.990000009536743
2016-01-05,9.010000228881836,9.319999694824219,8.300000190734863,8.430000305175781,8.083846092224121,393800,10,1,-6.4372908875945045,2.990000009536743
2016-01-06,8.479999542236328,8.800000190734863,8.350000381469727,8.4399995803833,8.09343433380127,662700,11,2,-0.4716976888241464,2.990000009536743
2016-01-07,8.359999656677246,8.399999618530273,7.5,7.639999866485596,7.326284885406494,1022600,12,3,-8.61243803540801,2.990000009536743
2016-01-08,7.800000190734863,8.0,6.619999885559082,7.380000114440918,7.076961040496826,697800,13,4,-5.38461623107186,2.990000009536743
2016-01-11,7.409999847412109,7.409999847412109,6.599999904632568,6.599999904632568,6.328989505767822,574200,14,0,-10.93117354195935,22.34512151701766
2016-01-12,6.699999809265137,7.150000095367432,6.699999809265137,7.090000152587891,6.7988691329956055,244200,15,1,5.820900812317031,26.874993542829117
2016-01-13,7.079999923706055,7.25,6.900000095367432,6.980000019073486,6.693385601043701,155400,16,2,-1.4124280467537442,21.645014094049017
2016-01-14,7.239999771118164,7.5,6.88700008392334,7.409999847412109,7.105728626251221,154800,17,3,2.348067426356981,29.18366818664228
2016-01-15,7.130000114440918,7.489999771118164,6.340000152587891,7.480000019073486,7.172854423522949,189700,18,4,4.908834488286851,29.471539258876604
2016-01-19,7.400000095367432,7.5,7.210000038146973,7.389999866485596,7.086550235748291,62300,19,1,-0.13513822639132922,21.929818966013954
2016-01-20,7.199999809265137,7.300000190734863,6.599999904632568,7.059999942779541,6.7701005935668945,146000,20,2,-1.9444426415878624,20.876819012007232
2016-01-21,7.059999942779541,7.059999942779541,6.840000152587891,7.0,6.712564468383789,78100,21,3,-0.8498575533404162,22.075050610014884
2016-01-22,7.119999885559082,7.150000095367432,7.019000053405762,7.070000171661377,6.779690265655518,38500,22,4,-0.7022431840078447,23.67256471457017
2016-01-25,7.109000205993652,7.110000133514404,6.929999828338623,7.0,6.712564468383789,72300,23,0,-1.5332705420623483,26.09755717452778
2016-01-26,6.949999809265137,7.0,6.619999885559082,6.860000133514404,6.57831335067749,118900,24,1,-1.2949593988585861,28.840965534951593
2016-01-27,6.980000019073486,6.980000019073486,6.769999980926514,6.929999828338623,6.6454386711120605,64600,25,2,-0.7163351088572134,29.973477988273345
2016-01-28,6.960000038146973,6.96999979019165,6.760000228881836,6.78000020980835,6.501598834991455,70500,26,3,-2.586204415977933,36.21795371439349
2016-01-29,6.800000190734863,6.940000057220459,6.730000019073486,6.820000171661377,6.539956092834473,47300,27,4,0.29411735831661456,40.34482889027994
2016-02-01,6.800000190734863,6.880000114440918,6.110000133514404,6.150000095367432,5.897467613220215,334300,28,0,-9.558824663756182,41.93548717889119
2016-02-02,6.159999847412109,6.28000020980835,4.699999809265137,4.880000114440918,4.679616928100586,626800,29,1,-20.779216959054548,19.047615867432313
2016-02-03,5.329999923706055,5.329999923706055,4.659999847412109,4.840000152587891,4.64125919342041,828600,30,2,-9.193241615985947,19.42856917089314
2016-02-04,4.880000114440918,5.050000190734863,4.599999904632568,4.699999809265137,4.507007598876953,531900,31,3,-3.6885307572662507,7.788161901216583
2016-02-05,4.699999809265137,4.699999809265137,4.300000190734863,4.360000133514404,4.18096923828125,188000,32,4,-7.234035947841722,5.172409540690651
2016-02-08,4.199999809265137,4.644999980926514,4.019999980926514,4.110000133514404,3.9412343502044678,223400,33,0,-2.142849519949841,4.945051058264269
2016-02-09,4.03000020980835,4.110000133514404,3.7100000381469727,3.8299999237060547,3.672731637954712,478200,34,1,-4.9627859972693695,5.01392324780592
2016-02-10,3.809999942779541,4.0,3.740000009536743,3.759999990463257,3.6056060791015625,169000,35,2,-1.3123347261734364,4.9999956952197095
2016-02-11,3.7100000381469727,3.7100000381469727,3.4000000953674316,3.559999942779541,3.413818597793579,400700,36,3,-4.04312921361456,2.949052819757057
2016-02-12,3.619999885559082,3.75,3.3499999046325684,3.680000066757202,3.528891086578369,347100,37,4,1.6574636214070848,6.084651095492518
2016-02-16,3.9000000953674316,4.559999942779541,3.799999952316284,4.320000171661377,4.142611503601074,436900,38,1,10.76923246214372,20.327101398091088
2016-02-17,4.489999771118164,4.789999961853027,4.230000019073486,4.260000228881836,4.085075378417969,514000,39,2,-5.1224844980125805,18.735367548204934
2016-02-18,4.260000228881836,4.489999771118164,4.010000228881836,4.420000076293945,4.2385053634643555,594000,40,3,3.7558647609299722,22.429906333812056
2016-02-19,4.489999771118164,4.869999885559082,4.340000152587891,4.800000190734863,4.602901458740234,528000,41,4,6.904241323368665,28.138530059781132
2016-02-22,4.940000057220459,5.75,4.864999771118164,5.53000020980835,5.302926063537598,466200,42,0,11.9433227885398,43.376070030664295
2016-02-23,5.480000019073486,5.889999866485596,5.449999809265137,5.71999979019165,5.485124111175537,355400,43,1,4.379557851876448,61.66666247226563
2016-02-24,5.510000228881836,5.599999904632568,5.269999980926514,5.5,5.274157524108887,283600,44,2,-0.18149234966302608,58.730157328520896
2016-02-25,5.380000114440918,5.840000152587891,5.190000057220459,5.840000152587891,5.600196838378906,269300,45,3,8.5501864007818,64.32161400051567
2016-02-26,5.849999904632568,6.28000020980835,5.833000183105469,6.179999828338623,5.926235198974609,364600,46,4,5.6410244288163325,72.86432040393623
2016-02-29,6.179999828338623,6.25,5.824999809265137,5.949999809265137,5.705679416656494,131100,47,0,-3.721683259905806,73.23232171195156
2016-03-01,6.039999961853027,6.070000171661377,5.809999942779541,5.900000095367432,5.657732963562012,53300,48,1,-2.317878598837686,77.74799852985825
2016-03-02,6.0,6.039999961853027,5.909999847412109,5.989999771118164,5.74403715133667,66100,49,2,-0.1666704813639286,79.73333986070628
2016-03-03,6.0,6.0,5.860000133514404,5.980000019073486,5.734447956085205,93000,50,3,-0.33333301544189453,83.98877932047462
2016-03-04,5.940000057220459,5.980000019073486,5.334000110626221,5.369999885559082,5.149496078491211,155100,51,4,-9.595962393443147,70.86420290900207
2016-03-07,5.429999828338623,5.679999828338623,5.380000114440918,5.5,5.274157524108887,272200,52,0,1.2891376404112087,66.66667115666061
2016-03-08,5.429999828338623,5.889999866485596,5.429999828338623,5.829999923706055,5.590607643127441,243100,53,1,7.366484493790804,70.60367858109225
2016-03-09,5.860000133514404,6.300000190734863,5.625,6.239999771118164,5.983771800994873,591900,54,2,6.48463530624297,72.41379755835797
2016-03-10,6.300000190734863,8.479999542236328,6.239999771118164,7.949999809265137,7.6235551834106445,1706300,55,3,26.190469342474888,79.22078416114589
2016-03-11,8.029999732971191,8.4399995803833,7.619999885559082,8.09000015258789,7.757806777954102,665200,56,4,0.7472032579320942,76.66667295826969
2016-03-14,8.020000457763672,8.140000343322754,7.5,7.699999809265137,7.3838210105896,475800,57,0,-3.990032795930354,69.80000207901021
2016-03-15,7.75,7.989999771118164,7.408999919891357,7.5,7.192033290863037,244500,58,1,-3.2258064516129004,70.08032313093221
2016-03-16,7.630000114440918,7.708000183105469,7.28000020980835,7.380000114440918,7.076961040496826,168600,59,2,-3.2765399246434845,66.17647265068007
2016-03-17,7.25,7.869999885559082,7.25,7.699999809265137,7.3838210105896,316900,60,3,6.2068939208984375,66.03375746026433
2016-03-18,7.769999980926514,8.9399995803833,7.699999809265137,8.649999618530273,8.294811248779297,669000,61,4,11.325606689368705,74.72527712452822
2016-03-21,8.649999618530273,10.039999961853027,8.649999618530273,9.300000190734863,8.918121337890625,1235800,62,0,7.514457813525688,78.05280633227162
2016-03-22,9.199999809265137,9.680000305175781,8.699999809265137,9.569999694824219,9.177034378051758,447500,63,1,4.021737969890626,78.68589787676021
2016-03-23,9.649999618530273,9.699999809265137,8.899999618530273,9.15999984741211,8.783869743347168,290900,64,2,-5.077718036146328,73.94578232139126
2016-03-24,8.779999732971191,9.800000190734863,8.619999885559082,9.59000015258789,9.196213722229004,415500,65,3,9.225517588285758,82.66254057360115
2016-03-28,9.510000228881836,9.989999771118164,9.45300006866455,9.960000038146973,9.551019668579102,329600,66,0,4.731859079229972,83.28358332174453
2016-03-29,9.899999618530273,9.989999771118164,9.630000114440918,9.989999771118164,9.579788208007812,328000,67,1,0.9090924854121551,82.5000007450581
2016-03-30,9.979999542236328,11.979999542236328,9.960000038146973,11.850000381469727,11.363412857055664,1511500,68,2,18.737484218504964,85.73248622760718
2016-03-31,11.899999618530273,11.899999618530273,11.22599983215332,11.640000343322754,11.162036895751953,397200,69,3,-2.1848679289254602,79.0551205699578
2016-04-01,11.319999694824219,12.979999542236328,11.109999656677246,12.8100004196167,12.2839937210083,664600,70,4,13.162550927220828,81.97832109645148
2016-04-04,12.869999885559082,14.5,12.75,14.119999885559082,13.540201187133789,1081100,71,0,9.712509798874013,88.67470280977757
2016-04-05,14.109999656677246,14.869999885559082,12.119999885559082,12.40999984741211,11.90041732788086,989300,72,1,-12.048191712468604,75.02548478447056
2016-04-06,12.510000228881836,13.350000381469727,11.880000114440918,12.619999885559082,12.101795196533203,1056600,73,2,0.8792938022758046,76.46464632842117
2016-04-07,12.699999809265137,12.859999656677246,10.979999542236328,11.050000190734863,10.59626293182373,912200,74,3,-12.992123175675452,65.0224237492454
2016-04-08,11.239999771118164,11.65999984741211,10.329999923706055,11.0,10.548315048217773,1161300,75,4,-2.1352293238907083,61.463416494974275
2016-04-11,10.989999771118164,12.449999809265137,10.930000305175781,11.170000076293945,10.711335182189941,1188800,76,0,1.6378554042268956,59.57011248964942
2016-04-12,11.239999771118164,11.75,11.239999771118164,11.5600004196167,11.085321426391602,617100,77,1,2.846980916501396,60.06067065577016
2016-04-13,11.90999984741211,12.100000381469727,11.399999618530273,12.069999694824219,11.574378967285156,556400,78,2,1.343407636120797,64.56456413455152
2016-04-14,12.25,12.649999618530273,11.789999961853027,12.25,11.746987342834473,525200,79,3,0.0,63.65503033839773
2016-04-15,12.020000457763672,12.380000114440918,12.020000457763672,12.09000015258789,11.593558311462402,225100,80,4,0.58236016770703,61.17523701008984
2016-04-18,11.8100004196167,11.8100004196167,10.079999923706055,10.8100004196167,10.366117477416992,1631200,81,0,-8.467400207192,53.803342619715096
2016-04-19,11.039999961853027,11.039999961853027,10.40999984741211,10.8100004196167,10.366117477416992,404600,82,1,-2.0833291941218746,44.17040322786713
2016-04-20,10.619999885559082,11.15999984741211,10.369999885559082,10.369999885559082,9.944184303283691,403700,83,2,-2.3540489895856442,43.06010649884777
2016-04-21,10.5,10.869999885559082,10.300000190734863,10.649999618530273,10.212686538696289,372600,84,3,1.4285677955264031,36.92493347081947
2016-04-22,10.710000038146973,12.0,10.710000038146973,11.630000114440918,11.152446746826172,814900,85,4,8.590103389515225,34.30012815073296
2016-04-25,11.699999809265137,13.09000015258789,11.699999809265137,12.470000267028809,11.957954406738281,1236400,86,0,6.5812006009941415,50.424932125003735
2016-04-26,12.800000190734863,12.9399995803833,11.75,12.3100004196167,11.804524421691895,438800,87,1,-3.8281231548171757,47.78887691996673
2016-04-27,12.260000228881836,12.319999694824219,11.670000076293945,11.770000457763672,11.286698341369629,230900,88,2,-3.9967354157452117,56.02006862308099
2016-04-28,11.989999771118164,12.829999923706055,11.800000190734863,12.109999656677246,11.612736701965332,532600,89,3,1.000833092992548,58.85167260342918
2016-04-29,12.151000022888184,12.5,12.010000228881836,12.34000015258789,11.833292961120605,310300,90,4,1.5554286012978258,59.24170687516328
2016-05-02,12.359999656677246,12.489999771118164,11.449999809265137,11.510000228881836,11.037373542785645,373100,91,0,-6.877018215257102,49.63072234566147
2016-05-03,11.600000381469727,11.899999618530273,11.399999618530273,11.5600004196167,11.085321426391602,201100,92,1,-0.34482724601393455,45.95880157454491
2016-05-04,11.550000190734863,12.3100004196167,11.470000267028809,11.710000038146973,11.229161262512207,225900,93,2,1.3852800412978095,45.70063706358198
2016-05-05,11.779999732971191,12.069999694824219,11.609000205993652,11.84000015258789,11.3538236618042,310600,94,3,0.5093414344379266,47.99999999999999
2016-05-06,11.880000114440918,12.199999809265137,11.779999732971191,11.949999809265137,11.459306716918945,167700,95,4,0.589223014729856,61.22046660206212
2016-05-09,11.770000457763672,11.9399995803833,10.609999656677246,10.6899995803833,10.251044273376465,670900,96,0,-9.175877955620514,49.053621164469405
2016-05-10,10.789999961853027,11.399999618530273,10.609999656677246,10.630000114440918,10.193509101867676,518800,97,1,-1.4828530859849254,52.18121030890092
2016-05-11,10.739999771118164,11.390000343322754,10.319999694824219,11.25,10.788050651550293,496900,98,2,4.748605584269372,54.761908366116515
2016-05-12,12.210000038146973,12.800000190734863,10.899999618530273,11.180000305175781,10.720924377441406,1552000,99,3,-8.43570622238513,45.82560352650817
2016-05-13,11.180000305175781,11.199999809265137,10.022000312805176,10.369999885559082,9.944184303283691,915400,100,4,-7.24508405640838,30.410439462483396
2016-05-16,10.680000305175781,10.789999961853027,10.199999809265137,10.399999618530273,9.972952842712402,229100,101,0,-2.6217292007923665,31.739949172609798
2016-05-17,10.399999618530273,10.479999542236328,10.109999656677246,10.210000038146973,9.790755271911621,213900,102,1,-1.8269191091581205,34.01638327090477
2016-05-18,10.289999961853027,10.920000076293945,10.100000381469727,10.619999885559082,10.183919906616211,404300,103,2,3.206996354999281,34.949493781849355
2016-05-19,10.529999732971191,11.369999885559082,10.282999992370605,11.050000190734863,10.59626293182373,444600,104,3,4.938276077400672,37.47572527876463
2016-05-20,11.239999771118164,12.100000381469727,11.050000190734863,11.800000190734863,11.315465927124023,634700,105,4,4.982210240392115,52.85996088617621
2016-05-23,11.899999618530273,12.5,11.899999618530273,12.420000076293945,11.91000747680664,647800,106,0,4.369751885991202,57.62411254577511
2016-05-24,12.5,12.779999732971191,12.119999885559082,12.75,12.226456642150879,557800,107,1,2.0000000000000018,58.93470950861019
2016-05-25,12.75,13.739999771118164,12.75,13.539999961853027,12.984018325805664,741000,108,2,6.196078132180616,63.117285336032666
2016-05-26,13.539999961853027,13.989999771118164,13.220000267028809,13.600000381469727,13.04155445098877,478100,109,3,0.4431345626716432,62.83048785859752
2016-05-27,13.5600004196167,14.850000381469727,13.220000267028809,14.34000015258789,13.751168251037598,680300,110,4,5.7522102421383225,80.87987525743966
2016-05-31,14.680000305175781,15.800000190734863,14.010000228881836,14.5,13.904598236083984,969100,111,1,-1.2261600915111526,82.19634236499516
2016-06-01,14.760000228881836,15.619999885559082,14.611000061035156,15.350000381469727,14.719695091247559,597900,112,2,3.9972909447074434,82.85256836423758
2016-06-02,15.300000190734863,16.639999389648438,14.979999542236328,16.5,15.822474479675293,728600,113,3,7.843135910493748,86.33879724466281
2016-06-03,16.549999237060547,17.399999618530273,15.640000343322754,15.930000305175781,15.275879859924316,701500,114,4,-3.746217283783293,89.265545398743
2016-06-06,16.059999465942383,16.850000381469727,14.5,15.069999694824219,14.451191902160645,581500,115,0,-6.1643823414664904,79.51959650050951
2016-06-07,15.069999694824219,15.534000396728516,14.75,14.859999656677246,14.249814987182617,286300,116,1,-1.3934972952859281,79.31903808058681
2016-06-08,15.0,16.700000762939453,14.760000228881836,16.700000762939453,16.014263153076172,581800,117,2,11.333338419596362,82.47863173841858
2016-06-09,16.459999084472656,17.1299991607666,15.65999984741211,15.770000457763672,15.12244987487793,362600,118,3,-4.1919724488920895,73.93508883532881
2016-06-10,15.6899995803833,15.920999526977539,15.109999656677246,15.170000076293945,14.547085762023926,308000,119,4,-3.31420980239856,67.35324001208053
2016-06-13,14.800000190734863,15.0,13.199999809265137,13.380000114440918,12.830588340759277,698000,120,0,-9.594594986443973,54.41176406136859
2016-06-14,13.369999885559082,13.741999626159668,12.899999618530273,13.1899995803833,12.648388862609863,428100,121,1,-1.3462999754412786,52.04841467667119
2016-06-15,13.199999809265137,14.399999618530273,13.1899995803833,14.390000343322754,13.799115180969238,541000,122,2,9.015155691308042,53.81165972979292
2016-06-16,14.0,14.25,13.600000381469727,13.850000381469727,13.281289100646973,373300,123,3,-1.0714258466448134,51.07480625984117
2016-06-17,14.079999923706055,14.149999618530273,13.789999961853027,14.020000457763672,13.444308280944824,371600,124,4,-0.42613257292255513,48.55334719753486
2016-06-20,14.0,15.239999771118164,14.0,14.479999542236328,13.885418891906738,333000,125,0,3.4285681588309247,49.91196983569102
2016-06-21,14.779999732971191,15.300000190734863,14.399999618530273,15.09000015258789,14.47037124633789,428200,126,1,2.0974318350300836,48.830934511406696
2016-06-22,15.229999542236328,15.229999542236328,14.510000228881836,14.5600004196167,13.962135314941406,238900,127,2,-4.399206452774774,40.76190927725948
2016-06-23,14.630000114440918,15.0,14.579999923706055,14.819999694824219,14.211457252502441,282700,128,3,1.2986984203489982,44.55348211772176
2016-06-24,13.880000114440918,14.979000091552734,13.0,13.350000381469727,12.801819801330566,764400,129,4,-3.8184418487127614,42.037041059736914
2016-06-27,13.529999732971191,14.086000442504883,12.880000114440918,13.34000015258789,12.792230606079102,320500,130,0,-1.4042836964755612,42.830191921533846
2016-06-28,13.859999656677246,14.0,12.8100004196167,13.979999542236328,13.405949592590332,445800,131,1,0.8658000615553441,35.531907813372825
2016-06-29,14.0,14.199999809265137,13.510000228881836,13.640000343322754,13.079912185668945,332500,132,2,-2.571426119123188,37.91146155430754
2016-06-30,13.649999618530273,13.9399995803833,13.520000457763672,13.899999618530273,13.329235076904297,187000,133,3,1.8315018826859042,42.50294659557306
2016-07-01,13.729999542236328,14.800000190734863,13.729999542236328,14.5,13.904598236083984,344000,134,4,5.608160840755971,57.69230920383759
2016-07-05,14.550000190734863,15.829999923706055,14.300000190734863,15.8100004196167,15.160807609558105,572900,135,1,8.659795273983416,65.59524734004265
2016-07-06,15.789999961853027,16.75,15.520000457763672,16.399999618530273,15.726578712463379,680300,136,2,3.8632023948761196,62.90115705603654
2016-07-07,16.59000015258789,16.959999084472656,15.0,15.140000343322754,14.518318176269531,439900,137,3,-8.740203712650052,57.579322267791675
2016-07-08,15.15999984741211,15.949999809265137,15.050000190734863,15.789999961853027,15.14162826538086,295500,138,4,4.155673619933853,59.844274126674115
2016-07-11,16.34000015258789,16.610000610351562,15.5,15.770000457763672,15.12244987487793,290100,139,0,-3.4883701927869493,57.543869042042004
2016-07-12,16.149999618530273,18.18000030517578,15.550000190734863,17.860000610351562,17.126628875732422,1201900,140,1,10.588241685524613,63.808583491518476
2016-07-13,17.579999923706055,19.3700008392334,17.579999923706055,19.059999465942383,18.277353286743164,879800,141,2,8.418654998061736,71.02804454677583
2016-07-14,18.81999969482422,19.290000915527344,18.110000610351562,18.229999542236328,17.481435775756836,331600,142,3,-3.134963667136237,65.12866654943886
2016-07-15,19.010000228881836,21.18000030517578,18.299999237060547,20.3700008392334,19.5335636138916,757800,143,4,7.1541325301265335,79.39699491868765
2016-07-18,20.829999923706055,22.299999237060547,18.639999389648438,18.889999389648438,18.114334106445312,1225000,144,0,-9.313492756424624,70.69351263835568
2016-07-19,19.079999923706055,20.8700008392334,18.81999969482422,20.139999389648438,19.313007354736328,619900,145,1,5.555552778726058,71.9686179897278
2016-07-20,20.600000381469727,21.84000015258789,20.275999069213867,21.809999465942383,20.914432525634766,572800,146,2,5.87378185468912,76.61237598428046
2016-07-21,21.809999465942383,23.25,21.010000228881836,21.6200008392334,20.732234954833984,757100,147,3,-0.8711537430602823,75.26178611729696
2016-07-22,21.84000015258789,22.270000457763672,20.760000228881836,21.450000762939453,20.569215774536133,495300,148,4,-1.7857114785881811,73.40067837397805
2016-07-25,21.329999923706055,21.420000076293945,20.780000686645508,20.979999542236328,20.118513107299805,245900,149,0,-1.640883182004782,68.45110417588887
2016-07-26,21.0,22.799999237060547,21.0,22.09000015258789,21.182937622070312,750100,150,1,5.190476917085185,69.58017985259727
2016-07-27,22.600000381469727,22.739999771118164,21.690000534057617,21.889999389648438,20.991147994995117,286600,151,2,-3.14159725591614,75.05567170273176
2016-07-28,22.0,23.440000534057617,22.0,23.34000015258789,22.381607055664062,372400,152,3,6.090909784490406,76.45409402531534
2016-07-29,23.5,26.0,23.399999618530273,25.639999389648438,24.5871639251709,796300,153,4,9.106380381482705,79.81872239243017
2016-08-01,26.600000381469727,29.8799991607666,26.229999542236328,28.299999237060547,27.137937545776367,1084700,154,0,6.390973049666138,80.49064530317702
2016-08-02,29.389999389648438,30.6299991607666,25.010000228881836,25.219999313354492,24.184410095214844,1487500,155,1,-14.188500043870967,66.21052265959837
2016-08-03,25.350000381469727,27.0,23.700000762939453,23.860000610351562,22.88025665283203,957400,156,2,-5.877711040222788,64.41372329834347
2016-08-04,24.399999618530273,25.871999740600586,23.540000915527344,25.06999969482422,24.040569305419922,548700,157,3,2.7459019949538144,62.634405266661176
2016-08-05,25.489999771118164,25.89900016784668,23.889999389648438,24.299999237060547,23.302188873291016,741800,158,4,-4.668499587065378,65.12017896027001
2016-08-08,24.940000534057617,25.040000915527344,23.010000228881836,23.479999542236328,22.515859603881836,424900,159,0,-5.8540535707990005,59.56472029703078
2016-08-09,24.25,27.510000228881836,23.5,27.0,25.891321182250977,974800,160,1,11.340206185567014,63.43863458725458
2016-08-10,30.18000030517578,32.849998474121094,28.309999465942383,30.6299991607666,29.372262954711914,1980400,161,2,1.4910498709095332,69.80219411325979
2016-08-11,31.65999984741211,32.5,28.59000015258789,28.59000015258789,27.416032791137695,1102400,162,3,-9.696777351927754,64.50040556338448
2016-08-12,29.0,29.309999465942383,27.200000762939453,27.950000762939453,26.80231285095215,748200,163,4,-3.6206870243467137,64.05809204485493
2016-08-15,28.510000228881836,35.4900016784668,28.381000518798828,35.25,33.80255889892578,1392800,164,0,23.64082678712243,71.23951204375697
2016-08-16,34.84000015258789,42.34000015258789,31.969999313354492,33.400001525878906,32.028526306152344,2863700,165,1,-4.133176292773411,67.63715055267528
2016-08-17,34.400001525878906,37.689998626708984,34.04999923706055,35.619998931884766,34.15736389160156,1232600,166,2,3.5465039299142465,68.38323716448214
2016-08-18,37.7400016784668,38.68000030517578,36.0,37.5,35.960166931152344,1215900,167,3,-0.6359344668596889,67.98059963400642
2016-08-19,37.470001220703125,38.06999969482422,35.83000183105469,36.650001525878906,35.14507293701172,863200,168,4,-2.1884165148389423,63.39429711764471
2016-08-22,36.15999984741211,36.599998474121094,33.56999969482422,33.79999923706055,32.4120979309082,1053800,169,0,-6.5265503880262425,63.865549274920696
2016-08-23,33.93000030517578,35.5,31.100000381469727,31.440000534057617,30.149003982543945,1546600,170,1,-7.3386376325447085,61.86600126420098
2016-08-24,31.200000762939453,31.200000762939453,24.350000381469727,24.520000457763672,23.513154983520508,5081100,171,2,-21.410256864834885,49.26958920820449
2016-08-25,23.860000610351562,27.989999771118164,22.049999237060547,24.530000686645508,23.52274513244629,4084800,172,3,2.8080471884115,50.31173961651687
2016-08-26,23.809999465942383,26.5,23.590999603271484,25.84000015258789,24.77895164489746,1482700,173,4,8.52583255849797,53.156769695827336
2016-08-29,26.899999618530273,29.219999313354492,26.649999618530273,27.440000534057617,26.31325340270996,1754600,174,0,2.007438376152848,50.620418240861596
2016-08-30,28.829999923706055,29.489999771118164,26.229999542236328,26.899999618530273,25.795425415039062,1802700,175,1,-6.694416615619891,44.238492269256156
2016-08-31,26.489999771118164,26.489999771118164,23.84000015258789,24.09000015258789,23.100811004638672,1620300,176,2,-9.060021288286213,43.21062069875271
2016-09-01,24.149999618530273,24.204999923706055,20.100000381469727,20.399999618530273,19.56233024597168,2538200,177,3,-15.527950555836156,39.56893916990852
2016-09-02,20.559999465942383,22.219999313354492,20.549999237060547,21.860000610351562,20.96238136291504,1622100,178,4,6.322962928878617,27.940691823978426
2016-09-06,22.520000457763672,23.739999771118164,21.399999618530273,23.059999465942383,22.11310386657715,1066700,179,1,2.397864108357717,32.59258845393846
2016-09-07,22.8700008392334,23.979999542236328,22.459999084472656,22.65999984741211,21.729528427124023,715700,180,2,-0.9182377967430266,26.757534813558053
2016-09-08,22.510000228881836,22.510000228881836,21.209999084472656,21.25,20.37742805480957,588600,181,3,-5.597513176677682,20.357533581791998
2016-09-09,20.959999084472656,20.979999542236328,20.299999237060547,20.510000228881836,19.667814254760742,511600,182,4,-2.146941198695873,20.439559303274223
2016-09-12,20.0,22.0,18.799999237060547,21.8799991607666,20.981557846069336,845100,183,0,9.399995803833017,26.91711638705884
2016-09-13,21.649999618530273,22.170000076293945,20.209999084472656,20.979999542236328,20.118513107299805,751900,184,1,-3.0946886286339237,28.530374489445563
2016-09-14,20.979999542236328,21.84000015258789,20.55900001525879,20.84000015258789,19.984264373779297,466000,185,2,-0.6672992979175008,39.53355881567307
2016-09-15,20.739999771118164,21.389999389648438,20.329999923706055,20.940000534057617,20.080156326293945,453400,186,3,0.9643238435227408,39.841537847759234
2016-09-16,20.65999984741211,22.299999237060547,20.625,22.229999542236328,21.31718635559082,1260700,187,4,7.599224135623017,39.773368049604464
2016-09-19,22.600000381469727,23.5,21.09000015258789,21.170000076293945,20.30071258544922,1161300,188,0,-6.327434871851912,31.677376879006303
2016-09-20,21.6200008392334,21.700000762939453,21.030000686645508,21.440000534057617,20.559627532958984,591500,189,1,-0.8325638214090048,33.78859776772204
2016-09-21,21.43000030517578,21.68000030517578,19.739999771118164,20.709999084472656,19.859601974487305,1312000,190,2,-3.3597816633219035,38.55013058103067
2016-09-22,20.739999771118164,20.989999771118164,20.100000381469727,20.799999237060547,19.945905685424805,811600,191,3,0.28929347446733367,51.79211331703884
2016-09-23,20.979999542236328,20.979999542236328,20.34000015258789,20.739999771118164,19.888368606567383,621300,192,4,-1.143945549831893,44.26228867458568
2016-09-26,20.34000015258789,21.575000762939453,20.15999984741211,21.170000076293945,20.30071258544922,973500,193,0,4.080628896162786,39.48832125274858
2016-09-27,21.360000610351562,25.350000381469727,21.06999969482422,25.0,23.973445892333984,2789600,194,1,17.041195157477706,59.42029185816941
2016-09-28,25.149999618530273,26.989999771118164,23.25,24.06999969482422,23.081632614135742,2841900,195,2,-4.294234354223692,61.80904530640425
2016-09-29,24.299999237060547,24.93000030517578,23.200000762939453,24.049999237060547,23.06245231628418,962700,196,3,-1.0288066166632581,65.77539761506608
2016-09-30,23.940000534057617,25.190000534057617,23.200000762939453,23.68000030517578,22.7076473236084,1056500,197,4,-1.0860493863062093,58.80626842145241
2016-10-03,23.760000228881836,25.700000762939453,23.43000030517578,24.969999313354492,23.94467544555664,878700,198,0,5.092588690305755,68.80301724254161
2016-10-04,25.0,25.301000595092773,24.0,24.09000015258789,23.100811004638672,624800,199,1,-3.6399993896484406,64.31718254152307
2016-10-05,24.200000762939453,26.39900016784668,24.200000762939453,25.889999389648438,24.8268985748291,1217600,200,2,6.983465179460224,68.9655167373896
2016-10-06,25.979999542236328,27.559999465942383,25.979999542236328,27.299999237060547,26.179000854492188,1695400,201,3,5.08083032364286,69.24829308928537
2016-10-07,27.719999313354492,27.829999923706055,25.639999389648438,26.389999389648438,25.306367874145508,905100,202,4,-4.797979641598726,70.04608254425686
2016-10-10,26.389999389648438,28.079999923706055,26.389999389648438,28.040000915527344,26.88861656188965,748000,203,0,6.252374247974113,72.91666859829871
2016-10-11,28.030000686645508,28.030000686645508,26.399999618530273,27.09000015258789,25.977624893188477,677500,204,1,-3.3535515912615277,71.81943069161615
2016-10-12,27.149999618530273,27.8799991607666,26.21299934387207,26.3700008392334,25.287189483642578,628600,205,2,-2.872923721017351,68.26230261909643
2016-10-13,25.209999084472656,27.159000396728516,24.117000579833984,26.75,25.651586532592773,580000,206,3,6.108690882404111,69.29993925148867
2016-10-14,27.420000076293945,29.18000030517578,26.799999237060547,28.899999618530273,27.713300704956055,1088400,207,4,5.397518373881649,72.35396425215484
2016-10-17,28.5,29.75,28.25,28.8700008392334,27.684534072875977,539000,208,0,1.2982485587136772,64.34396589789701
2016-10-18,29.450000762939453,31.139999389648438,27.809999465942383,28.040000915527344,26.88861656188965,1040000,209,1,-4.787775249182625,64.82450534983693
2016-10-19,28.940000534057617,30.649999618530273,28.299999237060547,29.270000457763672,28.0681095123291,635400,210,2,1.1402899710305725,67.87672304843544
2016-10-20,29.489999771118164,30.57900047302246,28.722999572753906,29.81999969482422,28.59552574157715,428700,211,3,1.1190231477358203,70.77131759636825
2016-10-21,29.81999969482422,30.476999282836914,29.360000610351562,30.270000457763672,29.027048110961914,199600,212,4,1.5090568998817222,69.0100516202
2016-10-24,30.31999969482422,32.0,30.31999969482422,30.940000534057617,29.66953468322754,624200,213,0,2.044857669768496,74.9453807772843
2016-10-25,30.989999771118164,31.860000610351562,30.209999084472656,30.850000381469727,29.58323097229004,380000,214,1,-0.4517566656419003,70.63228614802962
2016-10-26,31.34000015258789,31.549999237060547,29.190000534057617,29.459999084472656,28.250307083129883,697100,215,2,-5.998727054760378,58.999999364217125
2016-10-27,29.540000915527344,29.850000381469727,27.5,28.1299991607666,26.974918365478516,605800,216,3,-4.773194688763849,57.00482995342046
2016-10-28,27.989999771118164,28.309999465942383,26.600000381469727,28.229999542236328,27.07081413269043,432700,217,4,0.8574482782447657,50.87395881038987
2016-10-31,28.399999618530273,29.5,28.319000244140625,29.0,27.80919647216797,330400,218,0,2.112677427918852,58.933583221610384
2016-11-01,29.360000610351562,29.763999938964844,25.440000534057617,26.040000915527344,24.970741271972656,809100,219,1,-11.30790063285515,48.72389804873638
2016-11-02,26.540000915527344,26.540000915527344,25.0,26.0,24.932382583618164,432100,220,2,-2.03466803654635,47.02144562783887
2016-11-03,25.780000686645508,27.200000762939453,25.649999618530273,26.809999465942383,25.709121704101562,327500,221,3,3.995340387366375,40.711110432942704
2016-11-04,26.81999969482422,27.809999465942383,26.649999618530273,27.530000686645508,26.399559020996094,344600,222,4,2.6472818788223496,44.388610223642175
2016-11-07,28.399999618530273,29.68000030517578,28.399999618530273,29.600000381469727,28.384557723999023,470300,223,0,4.225354855837682,55.91805464364786
2016-11-08,29.600000381469727,30.200000762939453,28.110000610351562,28.600000381469727,27.425621032714844,356600,224,1,-3.37837833483956,47.41312765196889
2016-11-09,27.34000015258789,29.56999969482422,27.239999771118164,29.18000030517578,27.9818058013916,280100,225,2,6.730066358151521,47.53467170982446
2016-11-10,29.540000915527344,30.790000915527344,28.31999969482422,29.219999313354492,28.020160675048828,617500,226,3,-1.0832823028270377,45.823385001686574
2016-11-11,29.079999923706055,29.489999771118164,27.90999984741211,29.43000030517578,28.221538543701172,337600,227,4,1.203577656079724,43.765483423001804
2016-11-14,29.43000030517578,30.600000381469727,29.43000030517578,30.549999237060547,29.295549392700195,457500,228,0,3.805636834083881,48.85844324658575
2016-11-15,31.0,31.290000915527344,29.229999542236328,30.299999237060547,29.05581283569336,851700,229,1,-2.258066977224038,53.500000635782875
2016-11-16,32.880001068115234,33.619998931884766,28.5,29.0,27.80919647216797,1462900,230,2,-11.800489483188592,53.63408892706774
2016-11-17,29.110000610351562,29.639999389648438,27.510000228881836,28.270000457763672,27.109172821044922,565300,231,3,-2.8856067845260847,50.15873381099807
2016-11-18,28.5,29.770000457763672,28.309999465942383,29.389999389648438,28.18317985534668,657400,232,4,3.1228048759594396,51.505789504071565
2016-11-21,29.1200008392334,29.950000762939453,28.09000015258789,29.3799991607666,28.17359161376953,428600,233,0,0.8928513531596627,66.69999441146744
2016-11-22,29.6200008392334,29.937999725341797,27.899999618530273,28.0,26.850257873535156,672700,234,1,-5.469280193563042,58.81834499944831
2016-11-23,28.299999237060547,28.40999984741211,27.121000289916992,28.190000534057617,27.03245735168457,316800,235,2,-0.3886880069554177,56.436573703563084
2016-11-25,28.25,28.440000534057617,27.58799934387207,27.84000015258789,26.696826934814453,97500,236,4,-1.451326893494187,51.49758245784158
2016-11-28,27.600000381469727,28.349000930786133,27.200000762939453,27.860000610351562,26.716007232666016,427500,237,0,0.9420298017691175,39.51807029570117
2016-11-29,28.25,30.5,27.59000015258789,29.170000076293945,27.97221565246582,1066300,238,1,3.256637438208654,53.31010398930644
2016-11-30,29.81999969482422,30.200000762939453,28.260000228881836,28.3700008392334,27.20506477355957,541600,239,2,-4.862504595674066,45.41336453638988
2016-12-01,28.34000015258789,29.200000762939453,27.219999313354492,27.360000610351562,26.23653793334961,337300,240,3,-3.4580082461532324,40.51020811320156
2016-12-02,27.510000228881836,27.959999084472656,25.889999389648438,26.549999237060547,25.45979881286621,497900,241,4,-3.489643707139689,36.15383797143158
2016-12-05,26.520000457763672,27.780000686645508,26.049999237060547,27.34000015258789,26.21735954284668,317300,242,0,3.0920048290729474,34.06157307967679
2016-12-06,27.200000762939453,27.829999923706055,26.530000686645508,26.979999542236328,25.872140884399414,459700,243,1,-0.808827994603889,33.69351868714462
2016-12-07,26.93000030517578,28.200000762939453,26.6299991607666,27.18000030517578,26.063928604125977,299600,244,2,0.9283327039248279,39.97797726978643
2016-12-08,27.1299991607666,29.100000381469727,27.040000915527344,28.770000457763672,27.588640213012695,729800,245,3,6.044973637038353,52.51508992551747
2016-12-09,29.049999237060547,29.5,27.920000076293945,28.100000381469727,26.94615364074707,609300,246,4,-3.270219898590765,43.203379764224465
2016-12-12,27.84000015258789,28.239999771118164,26.1200008392334,28.139999389648438,26.98451042175293,369000,247,0,1.0775834605470047,43.4873977780596
2016-12-13,28.100000381469727,28.3700008392334,26.770000457763672,26.940000534057617,25.833784103393555,729700,248,1,-4.1281132799452225,44.325485909209824
2016-12-14,27.02899932861328,27.35700035095215,26.549999237060547,26.8799991607666,25.776247024536133,254100,249,2,-0.5512603927180781,42.888159821268445
2016-12-15,26.959999084472656,27.48900032043457,26.621000289916992,26.780000686645508,25.680355072021484,324000,250,3,-0.6676498662450459,44.084825063580055
2016-12-16,27.170000076293945,27.329999923706055,25.469999313354492,25.469999313354492,24.424144744873047,616200,251,4,-6.2569037841951225,38.341459257272994
2016-12-19,25.90999984741211,25.90999984741211,22.920000076293945,23.1200008392334,22.170642852783203,849100,252,0,-10.768039462020207,23.20638287663965
2016-12-20,23.610000610351562,23.610000610351562,21.3799991607666,21.5,20.617162704467773,959900,253,1,-8.936893501927546,21.635014818568024
2016-12-21,21.350000381469727,23.670000076293945,21.219999313354492,22.799999237060547,21.863780975341797,885400,254,2,6.791563605072892,31.6128999509627
2016-12-22,23.149999618530273,23.850000381469727,22.600000381469727,22.719999313354492,21.787065505981445,504300,255,3,-1.8574527527490337,33.59040317623395
2016-12-23,22.690000534057617,22.97100067138672,21.809999465942383,22.190000534057617,21.27882957458496,279500,256,4,-2.2036138749732537,27.432074722611105
2016-12-27,22.0,22.636999130249023,21.950000762939453,22.299999237060547,21.38431167602539,168000,257,1,1.3636328957297605,29.03224924338393
2016-12-28,22.3700008392334,22.90999984741211,22.049999237060547,22.450000762939453,21.528154373168945,285100,258,2,0.3576214604594341,28.71286720763736
2016-12-29,22.25,22.799999237060547,21.239999771118164,21.5,20.617162704467773,321400,259,3,-3.3707865168539297,15.281746614409798
2016-12-30,21.5,21.73900032043457,20.5,20.719999313354492,19.869190216064453,477100,260,4,-3.6279101704442263,15.122861759022854
2017-01-03,21.65999984741211,21.899999618530273,21.09000015258789,21.34000015258789,20.46373176574707,315000,261,1,-1.4773762561335002,19.534053180845703
2017-01-04,21.770000457763672,21.979999542236328,21.149999618530273,21.860000610351562,20.96238136291504,322600,262,2,0.4134136458219251,25.7633624950155
2017-01-05,22.299999237060547,22.875999450683594,21.760000228881836,22.700000762939453,21.767887115478516,544800,263,3,1.7937288769684923,31.438728628506254
2017-01-06,22.600000381469727,22.652000427246094,21.709999084472656,22.3799991607666,21.461027145385742,435400,264,4,-0.9734567123437232,30.836235891771608
2017-01-09,22.5,22.864999771118164,21.959999084472656,22.31999969482422,21.40349006652832,438300,265,0,-0.8000013563368102,34.604109617902
2017-01-10,22.5,23.190000534057617,22.020000457763672,22.649999618530273,21.719940185546875,448900,266,1,0.6666649712456563,47.137630604547994
2017-01-11,22.6200008392334,23.0,22.299999237060547,22.68000030517578,21.748708724975586,185900,267,2,0.2652496185513664,58.91238531422835
2017-01-12,22.530000686645508,22.639999389648438,21.31999969482422,22.09000015258789,21.182937622070312,428600,268,3,-1.9529539309709132,43.993243278133214
2017-01-13,22.030000686645508,22.690000534057617,21.559999465942383,21.940000534057617,21.03909683227539,484100,269,4,-0.4085344974249061,43.47827473714965
2017-01-17,22.270000457763672,22.299999237060547,21.700000762939453,21.760000228881836,20.866485595703125,185400,270,1,-2.29007731656351,46.18117289304221
2017-01-18,21.799999237060547,22.200000762939453,20.899999618530273,20.920000076293945,20.060977935791016,489700,271,2,-4.036693539284997,39.15096079592739
2017-01-19,21.200000762939453,21.6299991607666,20.739999771118164,20.979999542236328,20.118513107299805,374000,272,3,-1.037741569744266,38.27751021510741
2017-01-20,21.040000915527344,21.18000030517578,20.649999618530273,20.8799991607666,20.022621154785156,221800,273,4,-0.7604645807912647,44.28043916846698
2017-01-23,20.799999237060547,21.65999984741211,19.850000381469727,21.65999984741211,20.770591735839844,700300,274,0,4.134618470654794,58.671585417309636
2017-01-24,21.780000686645508,21.989999771118164,21.229999542236328,21.299999237060547,20.425373077392578,384600,275,1,-2.203863335409695,49.61239450447413
2017-01-25,21.200000762939453,21.57699966430664,21.033000946044922,21.229999542236328,20.358247756958008,225800,276,2,0.1415036708362516,43.312094688665006
2017-01-26,21.360000610351562,21.579999923706055,21.18000030517578,21.280000686645508,20.40619659423828,360500,277,3,-0.3745314673225475,31.88777210709752
2017-01-27,21.56999969482422,21.56999969482422,21.030000686645508,21.229999542236328,20.358247756958008,522100,278,4,-1.5762640584064291,34.246595385892846
2017-01-30,21.229999542236328,21.389999389648438,20.010000228881836,20.1299991607666,19.303417205810547,431300,279,0,-5.181349058822704,26.652467980770368
2017-01-31,20.040000915527344,21.1299991607666,19.899999618530273,21.1299991607666,20.262353897094727,568000,280,1,5.439112751710051,35.82090295802483
2017-02-01,21.139999389648438,23.219999313354492,21.139999389648438,23.149999618530273,22.19940948486328,696800,281,2,9.508042984457553,53.19727241516132
2017-02-02,23.200000762939453,24.770000457763672,22.799999237060547,24.469999313354492,23.465208053588867,666300,282,3,5.474131502804869,64.72771076487714
2017-02-03,24.600000381469727,24.600000381469727,23.139999389648438,23.3799991607666,22.419963836669922,553400,283,4,-4.959354478799549,57.98225024740542
2017-02-06,23.350000381469727,23.84000015258789,21.510000228881836,21.649999618530273,20.761003494262695,718500,284,0,-7.28051706709415,49.47965669901399
2017-02-07,22.06999969482422,22.5,21.450000762939453,22.040000915527344,21.13498878479004,500400,285,1,-0.13592559905613033,55.53359843959352
2017-02-08,21.979999542236328,22.950000762939453,21.520999908447266,22.670000076293945,21.739120483398438,688200,286,2,3.139219965549711,57.9045830054057
2017-02-09,22.799999237060547,22.8700008392334,21.899999618530273,22.479999542236328,21.556921005249023,282700,287,3,-1.403507480404087,57.421148948826634
2017-02-10,22.3700008392334,22.959999084472656,22.139999389648438,22.899999618530273,21.959674835205078,332800,288,4,2.3692389781557077,55.95009264915067
2017-02-13,22.899999618530273,24.440000534057617,22.65999984741211,23.389999389648438,22.429553985595703,743100,289,0,2.1397370274262473,59.90521112806532
2017-02-14,23.3799991607666,24.399999618530273,23.3799991607666,23.8700008392334,22.88984489440918,478100,290,1,2.0958156375345594,62.04379625557694
2017-02-15,23.989999771118164,24.010000228881836,23.299999237060547,23.649999618530273,22.678878784179688,282400,291,2,-1.4172578400656,60.64689080031148
2017-02-16,23.75,24.5,23.579999923706055,24.389999389648438,23.388492584228516,799000,292,3,2.694734272203947,63.367169666517455
2017-02-17,24.40999984741211,24.84000015258789,23.93000030517578,24.84000015258789,23.82001495361328,379800,293,4,1.7615743869878298,71.08325582419887
2017-02-21,24.989999771118164,25.0,24.350000381469727,24.770000457763672,23.75288963317871,471700,294,1,-0.8803494012383006,67.77343760913934
2017-02-22,24.719999313354492,25.799999237060547,24.059999465942383,25.709999084472656,24.65428924560547,630800,295,2,4.004853554277155,63.97379353454747
2017-02-23,25.479999542236328,25.790000915527344,23.40999984741211,23.889999389648438,22.90902328491211,760500,296,3,-6.240189094007887,46.997930546854136
2017-02-24,23.75,24.579999923706055,23.3799991607666,24.579999923706055,23.570690155029297,462300,297,4,3.494736520867603,56.4794842662312
2017-02-27,24.690000534057617,24.829999923706055,23.860000610351562,24.0,23.014507293701172,380200,298,0,-2.794655808556279,64.48828392063268
2017-02-28,23.75,24.229999542236328,23.229999542236328,23.799999237060547,22.822717666625977,257800,299,1,0.21052310341282965,61.111097731845156
2017-03-01,24.059999465942383,24.645000457763672,24.010000228881836,24.450000762939453,23.446029663085938,191300,300,2,1.6209530575806097,61.20906619481034
2017-03-02,24.5,25.450000762939453,24.34000015258789,25.399999618530273,24.35702133178711,376300,301,3,3.6734678307358104,66.781604483101
2017-03-03,25.149999618530273,27.0,25.049999237060547,26.780000686645508,25.680355072021484,898700,302,4,6.481117665362768,70.08281365013474
2017-03-06,27.059999465942383,28.0,26.235000610351562,27.860000610351562,26.716007232666016,624800,303,0,2.9563974877976573,71.80487588840545
2017-03-07,28.200000762939453,29.389999389648438,27.926000595092773,29.31999969482422,28.11605453491211,867100,304,1,3.971627310580339,74.26535241361096
2017-03-08,29.360000610351562,31.200000762939453,29.360000610351562,30.389999389648438,29.142120361328125,776800,305,2,3.5081701562830414,77.89735022221086
2017-03-09,31.0,31.639999389648438,27.610000610351562,27.829999923706055,26.687238693237305,1021900,306,3,-10.225806697722406,62.37410298008824
2017-03-10,27.8700008392334,29.450000762939453,27.81999969482422,28.260000228881836,27.099580764770508,590900,307,4,1.399351912108382,62.31988574596231
2017-03-13,28.6299991607666,28.979999542236328,27.610000610351562,28.139999389648438,26.98451042175293,528100,308,0,-1.7114906932642837,62.09619116315676
2017-03-14,28.68000030517578,28.90999984741211,27.799999237060547,28.649999618530273,27.473567962646484,721200,309,1,-0.10460490350864271,60.88888932844242
2017-03-15,28.450000762939453,29.5,28.059999465942383,29.290000915527344,28.087289810180664,730100,310,2,2.9525487875631917,71.91558436531909
2017-03-16,28.139999389648438,30.5,25.540000915527344,25.649999618530273,24.59675407409668,2303500,311,3,-8.848613451051223,53.50359985410723
2017-03-17,26.200000762939453,26.670000076293945,23.149999618530273,23.31999969482422,22.362430572509766,1728800,312,4,-10.992370168893528,48.00234978120408
2017-03-20,23.440000534057617,25.0,23.350000381469727,24.770000457763672,23.75288963317871,926200,313,0,5.674060978683015,52.654627788361395
2017-03-21,25.100000381469727,25.440000534057617,23.329999923706055,23.799999237060547,22.822717666625977,833300,314,1,-5.1792873492102265,48.251744520811336
2017-03-22,24.18000030517578,24.43000030517578,23.459999084472656,24.3700008392334,23.369314193725586,370700,315,2,0.7857755651762721,47.17188797488878
2017-03-23,24.25,24.989999771118164,23.600000381469727,24.850000381469727,23.829605102539062,552000,316,3,2.4742283771947537,44.425188542072064
2017-03-24,25.0,25.579999923706055,24.31999969482422,24.940000534057617,23.915908813476562,570200,317,4,-0.23999786376953658,41.053924304229945
2017-03-27,24.700000762939453,25.3799991607666,24.059999465942383,25.049999237060547,24.021390914916992,370900,318,0,1.4169978271670436,35.73814622083904
2017-03-28,25.0,25.39900016784668,24.360000610351562,24.559999465942383,23.551511764526367,425500,319,1,-1.7600021362304652,29.742884458851975
2017-03-29,24.690000534057617,25.290000915527344,24.600000381469727,24.760000228881836,23.74329948425293,327800,320,2,0.28351435119517987,37.240240817302414
2017-03-30,25.020000457763672,25.18000030517578,24.6200008392334,25.040000915527344,24.011804580688477,245700,321,3,0.07993787928755047,36.44782208364876
2017-03-31,24.90999984741211,25.190000534057617,24.5,25.09000015258789,24.059749603271484,258800,322,4,0.7226025944535808,37.08722312771446
2017-04-03,25.200000762939453,26.15999984741211,25.06999969482422,25.68000030517578,24.62552261352539,445400,323,0,1.9047600305720724,37.510521293075946
2017-04-04,26.100000381469727,26.100000381469727,24.75,25.420000076293945,24.376197814941406,282900,324,1,-2.605365115850966,33.188533971922055
2017-04-05,25.43000030517578,25.889999389648438,24.65999984741211,24.65999984741211,23.64740562438965,222600,325,2,-3.027921543543799,44.26419797343724
2017-04-06,24.969999313354492,24.969999313354492,24.5,24.610000610351562,23.599458694458008,167200,326,3,-1.4417249215156969,60.157483862634905
2017-04-07,24.5,25.15999984741211,24.40999984741211,24.899999618530273,23.87755012512207,322000,327,4,1.632651504205196,51.25240026386824
2017-04-10,24.81999969482422,25.457000732421875,24.77199935913086,25.31999969482422,24.280305862426758,187200,328,0,2.0145044566792114,66.37931743218223
2017-04-11,25.299999237060547,25.365999221801758,24.43000030517578,24.610000610351562,23.599458694458008,255800,329,1,-2.7272673814876858,52.51045949973963
2017-04-12,24.489999771118164,24.780000686645508,24.219999313354492,24.329999923706055,23.330955505371094,136500,330,2,-0.6533272719781769,44.32313664867873
2017-04-13,24.520000457763672,24.520000457763672,24.0,24.010000228881836,23.02409553527832,175800,331,3,-2.079935641764463,40.332632253480014
2017-04-17,24.0,24.290000915527344,23.270000457763672,23.920000076293945,22.93779182434082,308800,332,0,-0.33333301544189453,38.20459921977878
2017-04-18,23.729999542236328,23.75,23.299999237060547,23.469999313354492,22.506269454956055,129200,333,1,-1.0956604884002186,38.52631418328536
2017-04-19,23.450000762939453,23.75,23.200000762939453,23.3700008392334,22.410377502441406,228100,334,2,-0.34115104948093666,35.053762646958205
2017-04-20,23.43000030517578,23.780000686645508,23.18000030517578,23.209999084472656,22.25694465637207,195200,335,3,-0.9389723339206513,29.80129885003268
2017-04-21,23.280000686645508,23.850000381469727,23.18000030517578,23.6299991607666,22.659698486328125,240200,336,4,1.5034298273103985,35.102029535879765
2017-04-24,23.989999771118164,24.25,23.665000915527344,24.15999984741211,23.167936325073242,134100,337,0,0.7086289200328055,34.29751642723663
2017-04-25,24.329999923706055,25.0,24.25,24.639999389648438,23.62822723388672,232100,338,1,1.2741449523817394,42.29248252005261
2017-04-26,24.709999084472656,25.0,24.06999969482422,24.079999923706055,23.09122085571289,201300,339,2,-2.549571768954384,44.03292100317146
2017-04-27,24.1200008392334,24.770000457763672,24.1200008392334,24.600000381469727,23.58987045288086,133900,340,3,1.9900477841425568,49.90618922115404
2017-04-28,24.799999237060547,25.139999389648438,24.639999389648438,24.959999084472656,23.935087203979492,306200,341,4,0.6451606948963517,50.555550649823125
2017-05-01,25.209999084472656,25.399999618530273,24.600000381469727,24.850000381469727,23.829605102539062,325000,342,0,-1.4279996671029638,45.38310927912315
2017-05-02,24.899999618530273,25.309999465942383,24.739999771118164,24.799999237060547,23.78165626525879,418300,343,1,-0.4016079638624048,52.14445387833268
2017-05-03,24.93000030517578,25.15999984741211,24.0,24.1200008392334,23.129579544067383,413700,344,2,-3.2490952909223103,47.82609554122521
2017-05-04,24.079999923706055,24.454999923706055,23.899999618530273,24.059999465942383,23.07204246520996,377700,345,3,-0.08305837968040075,50.54703764113128
2017-05-05,24.059999465942383,24.31599998474121,23.93000030517578,24.229999542236328,23.235061645507812,315900,346,4,0.7065672488255181,53.333327864232864
2017-05-08,24.290000915527344,24.329999923706055,23.700000762939453,23.899999618530273,22.91861343383789,193000,347,0,-1.6056042910552626,54.74614151267524
2017-05-09,23.829999923706055,25.399999618530273,23.780000686645508,24.239999771118164,23.244651794433594,479300,348,1,1.720519717686786,59.119484783997784
2017-05-10,24.200000762939453,24.950000762939453,24.190000534057617,24.350000381469727,23.350135803222656,432600,349,2,0.6198331148814962,62.0762866826232
2017-05-11,24.34000015258789,24.34000015258789,23.600000381469727,23.790000915527344,22.81313133239746,443300,350,3,-2.2596517403968397,51.646109027373605
2017-05-12,23.790000915527344,24.0,23.709999084472656,23.899999618530273,22.91861343383789,304800,351,4,0.4623736812516599,47.07206733117482
2017-05-15,24.0,24.1200008392334,23.75,23.989999771118164,23.00491714477539,393500,352,0,-0.04166762034097937,41.97530806055482
2017-05-16,24.0,24.860000610351562,23.899999618530273,24.690000534057617,23.67617416381836,639400,353,1,2.875002225240064,57.2792459460862
2017-05-17,24.51099967956543,24.649999618530273,22.760000228881836,23.010000228881836,22.06515884399414,588500,354,2,-6.12377899843457,35.14018125164888
2017-05-18,23.1200008392334,24.110000610351562,23.020000457763672,23.450000762939453,22.487092971801758,545500,355,3,1.4273352583364263,36.095780509497395
2017-05-19,23.979999542236328,24.530000686645508,23.719999313354492,24.010000228881836,23.02409553527832,778900,356,4,0.12510711934197172,42.857142857142854
2017-05-22,25.5,26.6200008392334,23.309999465942383,23.6299991607666,22.659698486328125,2479600,357,0,-7.333336624444698,40.579711035192574
2017-05-23,24.0,24.549999237060547,23.5,23.700000762939453,22.726825714111328,768400,358,1,-1.2499968210856083,46.25000212873572
2017-05-24,23.760000228881836,24.3700008392334,23.610000610351562,24.1200008392334,23.129579544067383,438300,359,2,1.515154069375635,50.50336698073899
2017-05-25,24.18000030517578,24.59000015258789,23.889999389648438,24.09000015258789,23.100811004638672,293700,360,3,-0.3722090630769226,48.79725682794349
2017-05-26,24.010000228881836,24.139999389648438,23.770000457763672,23.829999923706055,22.85148811340332,260500,361,4,-0.749688894043643,49.39130740535079
2017-05-30,23.670000076293945,23.899999618530273,23.399999618530273,23.889999389648438,22.90902328491211,265600,362,1,0.929443652916695,46.8007296040214
2017-05-31,23.940000534057617,23.950000762939453,23.0,23.18000030517578,22.228178024291992,485300,363,2,-3.1746040598480407,40.362440136135
2017-06-01,23.260000228881836,23.989999771118164,23.18000030517578,23.829999923706055,22.85148811340332,358400,364,3,2.450557563264555,50.324667181691936
2017-06-02,23.920000076293945,23.920000076293945,23.25,23.440000534057617,22.477502822875977,256900,365,4,-2.0066870430825556,46.42857989062959
2017-06-05,23.43000030517578,24.200000762939453,23.399999618530273,24.149999618530273,23.158348083496094,254100,366,0,3.0729803840226166,51.13314317485412
2017-06-06,24.149999618530273,24.780000686645508,24.1200008392334,24.3799991607666,23.378902435302734,331400,367,1,0.9523790719228487,47.64794107653186
2017-06-07,24.549999237060547,25.049999237060547,24.5,24.790000915527344,23.772069931030273,527600,368,2,0.9776036086571072,66.72932472349727
2017-06-08,25.139999389648438,25.200000762939453,24.163999557495117,24.850000381469727,23.829605102539062,285500,369,3,-1.1535362578334873,64.17003509289444
2017-06-09,24.950000762939453,25.040000915527344,23.739999771118164,23.93000030517578,22.9473819732666,427200,370,4,-4.088178062418235,49.24528390158515
2017-06-12,24.040000915527344,24.44499969482422,23.56999969482422,24.15999984741211,23.167936325073242,232800,371,0,0.49916359115966813,55.145638115569035
2017-06-13,24.190000534057617,24.81999969482422,24.190000534057617,24.489999771118164,23.484386444091797,130700,372,1,1.2401787120185137,57.30128751370136
2017-06-14,24.5,24.8799991607666,24.15999984741211,24.34000015258789,23.340547561645508,183600,373,2,-0.6530606016820761,52.1400721898414
2017-06-15,23.899999618530273,24.139999389648438,23.6299991607666,23.920000076293945,22.93779182434082,223300,374,3,0.08368392503306232,48.46292791632219
2017-06-16,23.719999313354492,24.0,23.399999618530273,23.600000381469727,22.630931854248047,288700,375,4,-0.5058977038722157,47.94275766624994
2017-06-19,23.670000076293945,24.040000915527344,23.649999618530273,24.0,23.014507293701172,135000,376,0,1.3941695084173533,50.927493047661876
2017-06-20,24.06999969482422,24.469999313354492,24.020000457763672,24.020000457763672,23.0336856842041,180500,377,1,-0.20772429453457253,58.01527189921041
2017-06-21,24.100000381469727,24.299999237060547,23.8700008392334,24.18000030517578,23.187116622924805,187700,378,2,0.33194988564217986,53.68421602117277
2017-06-22,23.950000762939453,24.25,23.799999237060547,23.90999984741211,22.92820167541504,138800,379,3,-0.1670184311193923,55.07558745730607
2017-06-23,23.84000015258789,24.700000762939453,23.84000015258789,24.549999237060547,23.541921615600586,307000,380,4,2.978184060101974,54.38596124317318
2017-06-26,24.709999084472656,25.339000701904297,24.649999618530273,25.190000534057617,24.155643463134766,406300,381,0,1.942539325655357,58.14890517447822
2017-06-27,25.170000076293945,26.579999923706055,24.889999389648438,25.579999923706055,24.52962875366211,735400,382,1,1.6289227102476822,57.97978980627884
2017-06-28,25.649999618530273,26.5,24.8700008392334,25.450000762939453,24.40496826171875,400900,383,2,-0.7797226454784645,55.97610114269973
2017-06-29,25.56999969482422,25.68000030517578,24.549999237060547,24.829999923706055,23.810426712036133,215500,384,3,-2.8940155649198274,59.533895651042435
2017-06-30,24.850000381469727,25.290000915527344,24.770000457763672,25.0,23.973445892333984,243200,385,4,0.6036201860267321,59.012877468809116
2017-07-03,24.959999084472656,25.709999084472656,24.770000457763672,25.209999084472656,24.174821853637695,198800,386,0,1.0016026008411227,57.92950958863019
2017-07-05,25.290000915527344,25.950000762939453,25.176000595092773,25.889999389648438,24.8268985748291,168800,387,2,2.372473121393659,65.28598945127044
2017-07-06,25.860000610351562,25.860000610351562,25.100000381469727,25.549999237060547,24.5008602142334,187000,388,3,-1.1987678498620147,66.33265767065707
2017-07-07,25.75,26.290000915527344,25.739999771118164,26.079999923706055,25.009098052978516,238900,389,4,1.2815531017710935,73.84614594589439
2017-07-10,26.219999313354492,26.339000701904297,25.760000228881836,26.219999313354492,25.143348693847656,199100,390,0,0.0,72.46962624851206
2017-07-11,26.350000381469727,28.790000915527344,26.350000381469727,28.719999313354492,27.540693283081055,1076300,391,1,8.994303216600464,81.67115099234823
2017-07-12,28.860000610351562,30.0,28.829999923706055,29.719999313354492,28.499629974365234,864000,392,2,2.9798984227826564,83.53510202583048
2017-07-13,29.719999313354492,30.100000381469727,28.329999923706055,28.56999969482422,27.396852493286133,729800,393,3,-3.8694469888952088,75.49234222427751
2017-07-14,28.760000228881836,30.989999771118164,28.760000228881836,30.889999389648438,29.6215877532959,720700,394,4,7.406116633572135,79.29759857396598
2017-07-17,30.719999313354492,32.900001525878906,30.5,31.979999542236328,30.66683006286621,1055100,395,0,4.101563336735148,80.12422307689053
2017-07-18,31.979999542236328,35.0,31.979999542236328,34.869998931884766,33.43815994262695,1092400,396,1,9.036896282101514,83.73275230990748
2017-07-19,35.0099983215332,36.91999816894531,33.599998474121094,34.7599983215332,33.33267593383789,1523400,397,2,-0.7140817251803044,83.85453657670455
2017-07-20,34.900001525878906,35.47999954223633,32.04999923706055,33.790000915527344,32.40250778198242,1190500,398,3,-3.180517369113811,81.77306089895121
2017-07-21,33.5,33.70000076293945,32.68000030517578,33.18000030517578,31.817556381225586,420500,399,4,-0.9552229696245362,78.1293051451461
2017-07-24,32.9900016784668,35.75,32.5,34.869998931884766,33.43815994262695,898300,400,0,5.698687959282767,80.14981857562698
2017-07-25,35.61000061035156,35.97999954223633,34.2400016784668,35.599998474121094,34.138187408447266,565100,401,1,-0.028087997919212793,80.21157925896104
2017-07-26,35.68000030517578,36.470001220703125,35.0,35.4900016784668,34.0327033996582,373600,402,2,-0.5325073572979289,81.37628514297535
2017-07-27,35.66999816894531,36.310001373291016,35.31999969482422,35.459999084472656,34.00393295288086,644900,403,3,-0.588727488793328,80.57367198938151
2017-07-28,35.43000030517578,35.979000091552734,34.88999938964844,35.119998931884766,33.677894592285156,477900,404,4,-0.8749685876963675,78.63578626544091
2017-07-31,35.43000030517578,38.4900016784668,35.29999923706055,38.2599983215332,36.68895721435547,1284400,405,0,7.987575478355291,79.48084734875505
2017-08-01,36.279998779296875,36.70000076293945,32.099998474121094,33.59000015258789,32.21072006225586,2543300,406,1,-7.414549937206805,59.74811650454838
2017-08-02,33.4900016784668,34.41999816894531,29.079999923706055,30.56999969482422,29.314727783203125,2006300,407,2,-8.719026089270287,54.604052923846886
2017-08-03,30.260000228881836,32.38999938964844,30.0,32.150001525878906,30.829851150512695,763000,408,3,6.245873373104427,53.00286556916822
2017-08-04,32.52000045776367,33.16999816894531,31.850000381469727,33.04999923706055,31.692893981933594,362000,409,4,1.6297625210221822,52.57335267043574
2017-08-07,33.43000030517578,37.400001525878906,33.15999984741211,37.27000045776367,35.73960876464844,1102100,410,0,11.486688954631452,55.424959438653026
2017-08-08,37.33000183105469,39.900001525878906,36.0369987487793,37.040000915527344,35.5190544128418,1214400,411,1,-0.7768574907652259,55.1259064839751
2017-08-09,36.20000076293945,37.06999969482422,35.20000076293945,36.790000915527344,35.27932357788086,529300,412,2,1.6298346413072817,56.97026131034871
2017-08-10,35.880001068115234,36.76100158691406,35.029998779296875,35.68000030517578,34.214900970458984,540400,413,3,-0.5574157106622346,55.67665844941714
2017-08-11,35.20000076293945,38.72999954223633,35.13999938964844,38.63999938964844,37.0533561706543,705900,414,4,9.772723159514275,58.09360439471524
2017-08-14,39.38999938964844,41.849998474121094,39.31999969482422,41.11000061035156,39.421932220458984,1026700,415,0,4.366593671882968,61.00679665391748
2017-08-15,41.16999816894531,42.099998474121094,39.611000061035156,40.41999816894531,38.7602653503418,644900,416,1,-1.8217149219251771,59.6251379122304
2017-08-16,40.04999923706055,41.349998474121094,39.79999923706055,40.810001373291016,39.134254455566406,483500,417,2,1.8976333351017782,60.30034896320897
2017-08-17,40.36000061035156,40.970001220703125,39.400001525878906,39.45000076293945,37.83009719848633,397700,418,3,-2.2547072191537842,58.02149120005066
2017-08-18,39.83000183105469,40.4900016784668,38.2140007019043,40.0099983215332,38.36709976196289,497900,419,4,0.45191183079027475,53.584595939074866
2017-08-21,40.0,40.9900016784668,39.41999816894531,40.06999969482422,38.42463684082031,286800,420,0,0.17499923706054688,66.36362953291359
2017-08-22,39.970001220703125,40.499000549316406,38.54999923706055,38.84000015258789,37.24514389038086,468800,421,1,-2.827122926205794,72.95946064731218
2017-08-23,38.43000030517578,39.709999084472656,37.41999816894531,39.369998931884766,37.753379821777344,561800,422,2,2.4460021317834535,71.28536607254716
2017-08-24,39.11000061035156,39.849998474121094,37.5,37.9900016784668,36.43004608154297,735700,423,3,-2.8637149435081444,64.16284905350025
2017-08-25,38.349998474121094,38.95000076293945,37.96099853515625,38.349998474121094,36.775264739990234,430000,424,4,0.0,53.97642921249523
2017-08-28,38.349998474121094,38.42499923706055,36.400001525878906,37.2599983215332,35.73002243041992,521400,425,0,-2.8422430142296617,50.761763943657655
2017-08-29,36.45000076293945,39.68000030517578,36.380001068115234,39.119998931884766,37.51364517211914,391800,426,1,7.325097703866268,57.25856114365817
2017-08-30,39.4900016784668,40.0,38.650001525878906,39.790000915527344,38.15613555908203,274700,427,2,0.7596840321840936,63.16463949279435
2017-08-31,39.9900016784668,40.0,39.380001068115234,40.0,38.35750961303711,222400,428,3,0.025002053297207283,55.28771596346909
2017-09-01,39.959999084472656,41.61000061035156,39.7599983215332,41.45000076293945,39.74797439575195,516500,429,4,3.728733014525454,51.435811436681334
2017-09-05,41.45000076293945,41.869998931884766,39.150001525878906,39.380001068115234,37.76297378540039,472200,430,1,-4.993967808741296,46.066576002663936
2017-09-06,39.9900016784668,41.06999969482422,39.88999938964844,40.59000015258789,38.92328643798828,499300,431,2,1.5003712151484327,49.216519494633886
2017-09-07,40.59000015258789,42.0,40.59000015258789,41.790000915527344,40.074012756347656,375900,432,3,2.9563950688059837,58.42939934704884
2017-09-08,41.790000915527344,42.02000045776367,41.06999969482422,41.130001068115234,39.44111251831055,255600,433,4,-1.5793247976859548,54.00573350811457
2017-09-11,41.65999984741211,42.689998626708984,41.34000015258789,42.65999984741211,40.908287048339844,361600,434,0,2.400384070241701,58.38188124163143
2017-09-12,42.790000915527344,45.0,42.35599899291992,44.59000015258789,42.759037017822266,668200,435,1,4.206588451853421,67.8018643129385
2017-09-13,44.599998474121094,45.0,43.619998931884766,44.06999969482422,42.2603874206543,361600,436,2,-1.188338110828424,64.56010548798949
2017-09-14,43.59000015258789,44.88999938964844,43.38999938964844,44.540000915527344,42.711090087890625,265700,437,3,2.1794006873456118,71.50360943510168
2017-09-15,44.650001525878906,44.86899948120117,44.0,44.720001220703125,42.883697509765625,241300,438,4,0.15677422717141898,71.16279553125415
2017-09-18,44.880001068115234,45.46699905395508,44.25,45.38999938964844,43.526187896728516,343200,439,0,1.136359869419712,77.78537414407248
2017-09-19,45.869998931884766,45.90999984741211,44.529998779296875,45.84000015258789,43.95771026611328,391300,440,1,-0.06539956397518809,75.41603857864739
2017-09-20,45.5,45.59000015258789,44.11000061035156,44.90999984741211,43.065895080566406,408900,441,2,-1.2967036320613023,68.99109460591035
2017-09-21,44.529998779296875,44.678001403808594,42.20000076293945,43.709999084472656,41.91516876220703,481300,442,3,-1.84145456389605,62.81962256908635
2017-09-22,43.5099983215332,44.95000076293945,43.209999084472656,44.75,42.91246795654297,358300,443,4,2.849923526319964,61.73541577076005
2017-09-25,44.95000076293945,45.220001220703125,41.79999923706055,42.459999084472656,40.716495513916016,525800,444,0,-5.539491960408959,60.78430482096972
2017-09-26,42.61000061035156,43.88999938964844,42.0,42.52000045776367,40.7740364074707,254400,445,1,-0.21121837901599827,57.34957954091167
2017-09-27,42.70000076293945,45.06999969482422,42.599998474121094,44.709999084472656,42.87411117553711,496600,446,2,4.707255938219412,60.339934847576934
2017-09-28,43.849998474121094,43.849998474121094,42.2400016784668,43.13999938964844,42.80465316772461,288600,447,3,-1.6191541828483147,56.686620008756286
2017-09-29,43.13999938964844,43.880001068115234,41.54399871826172,41.939998626708984,41.61397933959961,326100,448,4,-2.7816429761642447,47.55101701873457
2017-10-02,42.599998474121094,42.88999938964844,41.849998474121094,42.380001068115234,42.050559997558594,223200,449,0,-0.5164258541922373,41.63513262202694
2017-10-03,42.650001525878906,45.779998779296875,42.492000579833984,45.529998779296875,45.17607498168945,606500,450,1,6.752631067716286,54.60858181439865
2017-10-04,45.36000061035156,45.36000061035156,43.439998626708984,44.459999084472656,44.1143913269043,422200,451,2,-1.984130321359645,49.756685464798984
2017-10-05,45.0,45.279998779296875,43.68000030517578,44.7400016784668,44.392215728759766,209600,452,3,-0.5777740478515647,50.0604608586572
2017-10-06,44.349998474121094,45.68000030517578,44.0099983215332,45.599998474121094,45.24552917480469,229300,453,4,2.81848938671192,50.62761220064437
2017-10-09,46.040000915527344,48.439998626708984,45.70000076293945,47.220001220703125,46.85293960571289,654200,454,0,2.5629893173564566,53.854750436825334
2017-10-10,47.20000076293945,50.59000015258789,46.65999984741211,46.91999816894531,46.555267333984375,1097500,455,1,-0.5932258251444611,55.81933231122172
2017-10-11,47.130001068115234,49.810001373291016,47.130001068115234,48.79999923706055,48.420654296875,593800,456,2,3.543386656265346,64.17826677663757
2017-10-12,49.2400016784668,50.869998931884766,48.84000015258789,50.619998931884766,50.226505279541016,471300,457,3,2.802593839109191,65.67003919992
2017-10-13,50.29999923706055,51.279998779296875,48.349998474121094,49.79999923706055,49.412879943847656,565800,458,4,-0.9940358003655891,71.26302903213472
2017-10-16,50.290000915527344,51.400001525878906,49.290000915527344,51.29999923706055,50.901222229003906,413600,459,0,2.0083481868089503,73.4759268182128
2017-10-17,51.349998474121094,53.4900016784668,50.599998474121094,51.810001373291016,51.407257080078125,678000,460,1,0.8958187202318113,70.85781114926554
2017-10-18,53.0,53.5,50.61000061035156,52.27000045776367,51.86368179321289,827900,461,2,-1.3773576268609977,78.69263600732057
2017-10-19,50.70000076293945,50.97999954223633,48.15999984741211,50.7400016784668,50.345577239990234,748300,462,3,0.07889726809744424,77.09359629053702
2017-10-20,51.400001525878906,52.77000045776367,50.20000076293945,50.529998779296875,50.13720703125,615000,463,4,-1.6926122971883562,75.45282536484433
2017-10-23,50.56999969482422,50.939998626708984,48.68000030517578,50.130001068115234,49.740318298339844,336800,464,0,-0.8700783653633581,67.34540054447156
2017-10-24,50.0,50.959999084472656,49.099998474121094,50.779998779296875,50.38526153564453,398800,465,1,1.5599975585937509,74.61058310778893
2017-10-25,50.52000045776367,51.2599983215332,46.22999954223633,47.099998474121094,46.73386764526367,815200,466,2,-6.769600064635406,57.26599923565125
2017-10-26,47.31999969482422,48.2400016784668,45.25,45.52000045776367,45.16615295410156,680000,467,3,-3.803886831506953,49.76415683171452
2017-10-27,46.900001525878906,46.900001525878906,41.45000076293945,43.7599983215332,43.419830322265625,1281300,468,4,-6.695102563297539,39.88303381271356
2017-10-30,43.380001068115234,43.4900016784668,40.29999923706055,42.06999969482422,41.74296951293945,965600,469,0,-3.0198278954259417,36.88480520696953
2017-10-31,42.150001525878906,44.029998779296875,41.599998474121094,43.38999938964844,43.05270767211914,668700,470,1,2.9418690839387196,34.91355017753344
2017-11-01,43.5099983215332,45.29999923706055,42.08000183105469,42.52000045776367,42.18947219848633,627400,471,2,-2.2753341805567873,26.14840838568621
2017-11-02,42.5,43.7400016784668,41.689998626708984,42.54999923706055,42.21923828125,439600,472,3,0.11764526367188388,27.609628402656853
2017-11-03,42.45000076293945,43.25,41.2400016784668,41.810001373291016,41.48499298095703,317200,473,4,-1.5076546010505232,19.248210082870187
2017-11-06,41.861000061035156,43.15999984741211,41.0,42.63999938964844,42.30854034423828,494200,474,0,1.860919059452626,20.888861439195495
2017-11-07,42.5,43.43000030517578,41.0099983215332,41.630001068115234,41.306392669677734,432100,475,1,-2.047056310317097,17.36194061986302
2017-11-08,41.79999923706055,42.08000183105469,40.5,41.27000045776367,40.949188232421875,343900,476,2,-1.2679396865322712,18.70453497976419
2017-11-09,41.0,42.709999084472656,39.459999084472656,42.4900016784668,42.159706115722656,682500,477,3,3.6341504352848775,25.092927182007287
2017-11-10,42.869998931884766,43.59600067138672,41.72999954223633,42.709999084472656,42.377994537353516,506700,478,4,-0.37322102029050397,26.754361748786692
2017-11-13,43.13999938964844,43.790000915527344,41.189998626708984,41.849998474121094,41.524681091308594,525900,479,0,-2.9902664204415452,22.387119573961527
2017-11-14,42.22999954223633,42.31999969482422,40.400001525878906,41.75,41.42545700073242,743100,480,1,-1.1366316538939492,28.7529655586158
2017-11-15,39.560001373291016,41.599998474121094,37.20000076293945,41.06999969482422,40.7507438659668,1297600,481,2,3.816982480068054,30.966620231094467
2017-11-16,41.209999084472656,42.0,40.20000076293945,40.650001525878906,40.33401107788086,717400,482,3,-1.358887578341994,34.97584206322675
2017-11-17,40.650001525878906,41.65999984741211,39.79999923706055,41.54999923706055,41.227012634277344,780300,483,4,2.2140164265644025,47.28032838366333
2017-11-20,40.7400016784668,45.220001220703125,40.470001220703125,45.099998474121094,44.74941635131836,978100,484,0,10.702004457596237,57.251913336702614
2017-11-21,43.150001525878906,44.91999816894531,40.810001373291016,44.900001525878906,44.55097198486328,1606600,485,1,4.055619787059461,60.70145936398063
2017-11-22,44.4900016784668,44.5,41.5099983215332,42.709999084472656,42.377994537353516,951900,486,2,-4.000904758013668,50.60240963855422
2017-11-24,42.0,42.0,38.27000045776367,38.290000915527344,37.99235534667969,1443300,487,4,-8.833331153506329,39.62263259737663
2017-11-27,39.0099983215332,39.5,37.75,39.2400016784668,38.93497085571289,1091500,488,0,0.5896010428860565,40.046839505902625
2017-11-28,39.02000045776367,40.5,38.220001220703125,40.31999969482422,40.00657272338867,594900,489,1,3.331622813453583,46.18075180497566
2017-11-29,40.310001373291016,40.599998474121094,39.130001068115234,39.45000076293945,39.14333724975586,608300,490,2,-2.133467082740881,44.84710959809567
2017-11-30,39.47999954223633,40.029998779296875,38.650001525878906,39.86000061035156,39.55015182495117,583200,491,3,0.9625153812595766,42.19583652073985
2017-12-01,36.9900016784668,38.88999938964844,35.43000030517578,37.439998626708984,37.14896011352539,626700,492,4,1.2165367067397126,36.167971707549356
2017-12-04,37.41999816894531,37.77000045776367,33.029998779296875,33.90999984741211,33.646400451660156,1005800,493,0,-9.380006662977703,31.721909843486685
2017-12-05,33.869998931884766,35.06999969482422,32.534000396728516,35.06999969482422,34.797386169433594,942100,494,1,3.542960734521272,35.33800943727667
2017-12-06,35.16999816894531,37.34000015258789,35.02000045776367,36.04999923706055,35.76976776123047,751900,495,2,2.502135666564431,39.124777840896975
2017-12-07,36.040000915527344,36.86000061035156,35.599998474121094,36.04999923706055,35.76976776123047,725600,496,3,0.027742289897925154,39.84994733325466
2017-12-08,36.189998626708984,38.560001373291016,36.189998626708984,38.119998931884766,37.823673248291016,1016800,497,4,5.332965953061408,42.80318686578441
2017-12-11,38.040000915527344,39.939998626708984,37.84000015258789,39.7599983215332,39.450923919677734,476700,498,0,4.521549328627339,37.81933958036579
2017-12-12,39.70000076293945,40.209999084472656,37.95000076293945,38.13999938964844,37.84352111816406,497600,499,1,-3.929474416401779,35.51841645909742
2017-12-13,38.47999954223633,40.18199920654297,38.220001220703125,40.04999923706055,39.738670349121094,301300,500,2,4.080040835501975,44.23243588668328
2017-12-14,39.88999938964844,41.31999969482422,39.27000045776367,41.04999923706055,40.730899810791016,487500,501,3,2.907996653700451,57.02647388844961
2017-12-15,41.060001373291016,41.38999938964844,39.599998474121094,41.38999938964844,41.06825637817383,562000,502,4,0.8036970416958722,55.64897078317981
2017-12-18,41.400001525878906,41.900001525878906,40.5,41.72999954223633,41.40561294555664,348200,503,0,0.7970966284895908,53.85456553010639
2017-12-19,41.54999923706055,43.95000076293945,41.040000915527344,42.25,41.92156982421875,525500,504,1,1.6847190753136898,57.80378888349501
2017-12-20,42.099998474121094,44.880001068115234,42.060001373291016,44.79999923706055,44.45174789428711,439200,505,2,6.413303707360329,62.300794608358025
2017-12-21,44.81999969482422,45.0,43.189998626708984,43.689998626708984,43.35037612915039,360100,506,3,-2.5211982949783995,66.64891080923218
2017-12-22,43.95000076293945,43.95000076293945,42.79999923706055,43.0099983215332,42.675662994384766,131200,507,4,-2.138799602021624,78.58040050492029
2017-12-26,43.02000045776367,44.040000915527344,41.90999984741211,43.599998474121094,43.26107406616211,331800,508,1,1.348205509497502,77.78501507240469
2017-12-27,43.61000061035156,43.86000061035156,42.84000015258789,43.380001068115234,43.042789459228516,256100,509,2,-0.5274009149675019,75.11995774809918
2017-12-28,43.45000076293945,43.95000076293945,43.2599983215332,43.5,43.1618537902832,236800,510,3,0.11507304069644508,75.32292032155496
2017-12-29,43.5,44.66999816894531,43.220001220703125,43.970001220703125,43.62820053100586,162500,511,4,1.0804625763290332,72.31122699723893
2018-01-02,43.79999923706055,47.75,43.79999923706055,47.58000183105469,47.210140228271484,459500,512,1,8.63014305898837,75.92839700986383
2018-01-03,46.900001525878906,47.93000030517578,46.40999984741211,47.0099983215332,46.644569396972656,512000,513,2,0.23453473790102652,81.61082427626124
2018-01-04,47.0,47.70000076293945,44.76499938964844,45.439998626708984,45.08677291870117,483200,514,3,-3.319151858065994,69.68589637846249
2018-01-05,46.38999938964844,46.38999938964844,43.599998474121094,44.65999984741211,44.312835693359375,427200,515,4,-3.729251056257532,63.400149529322476
2018-01-08,44.65999984741211,44.65999984741211,41.5099983215332,41.970001220703125,41.64374923706055,576800,516,0,-6.023284003358231,51.83312845209613
2018-01-09,42.27000045776367,42.9900016784668,40.0,42.75,42.417686462402344,620500,517,1,1.1355560374690432,53.1365330967251
2018-01-10,42.7599983215332,43.59000015258789,40.88999938964844,41.33000183105469,41.008724212646484,473600,518,2,-3.3442388835604686,47.31935203483913
2018-01-11,40.84000015258789,41.9900016784668,40.20000076293945,41.349998474121094,41.028564453125,240900,519,3,1.2487715955625145,38.20915136636885
2018-01-12,41.40999984741211,41.599998474121094,39.5,40.0,39.68906021118164,398500,520,4,-3.4049742878717426,37.59246541693998
2018-01-16,40.470001220703125,40.775001525878906,39.34000015258789,39.93000030517578,39.619606018066406,582200,521,1,-1.3343239417820896,39.20056091602016
2018-01-17,39.939998626708984,42.7599983215332,39.939998626708984,41.65999984741211,41.336158752441406,567200,522,2,4.306462893949403,43.701299103421704
2018-01-18,41.880001068115234,42.209999084472656,38.599998474121094,38.81999969482422,38.51823425292969,778300,523,3,-7.306593350640355,37.347382940929535
2018-01-19,39.220001220703125,39.38999938964844,37.369998931884766,38.04999923706055,37.75421905517578,555700,524,4,-2.983176815978694,35.4043856159512
2018-01-22,38.29999923706055,39.189998626708984,37.81999969482422,38.54999923706055,38.25033187866211,603900,525,0,0.6527415273629877,35.508010765202044
2018-01-23,38.79999923706055,39.880001068115234,38.4900016784668,38.779998779296875,38.47854232788086,411800,526,1,-0.05154757256945475,21.279348533033996
2018-01-24,39.0099983215332,41.45000076293945,38.040000915527344,41.34000015258789,41.018646240234375,555100,527,2,5.972832430932318,33.62217946937993
2018-01-25,41.52000045776367,43.86000061035156,41.349998474121094,42.90999984741211,42.576438903808594,748500,528,3,3.3477826934573907,42.69208477403801
2018-01-26,43.11000061035156,44.66999816894531,42.709999084472656,43.58000183105469,43.241233825683594,554600,529,4,1.0902371005540479,46.86046962934213
2018-01-29,43.11000061035156,44.5,42.45000076293945,43.18000030517578,42.84434127807617,521800,530,0,0.1623746087524136,54.05767741928881
2018-01-30,42.68000030517578,42.68000030517578,41.0,41.2400016784668,40.91942596435547,604800,531,1,-3.3739424002168006,45.30180862273726
2018-01-31,41.5099983215332,42.349998474121094,40.119998931884766,40.41999816894531,40.105796813964844,365000,532,2,-2.6258737573170543,47.058811925329586
2018-02-01,39.79999923706055,41.2599983215332,39.349998474121094,40.70000076293945,40.38362121582031,620800,533,3,2.261310409877737,47.93389251483015
2018-02-02,40.33000183105469,40.68000030517578,38.040000915527344,38.380001068115234,38.08165740966797,564900,534,4,-4.835112011916454,45.149706234194426
2018-02-05,38.040000915527344,39.3390007019043,37.040000915527344,37.20000076293945,36.91082763671875,643600,535,0,-2.2082022407234336,42.3357715826402
2018-02-06,36.540000915527344,38.4900016784668,36.029998779296875,37.290000915527344,37.00012969970703,662900,536,1,2.052545104565917,36.48733353763301
2018-02-07,37.70000076293945,38.099998474121094,36.849998474121094,36.91999816894531,36.63300323486328,288500,537,2,-2.0689723559923934,43.065694040390085
2018-02-08,37.13999938964844,37.310001373291016,35.209999084472656,35.5,35.22404098510742,610800,538,3,-4.415722715670089,41.11499137772681
2018-02-09,36.130001068115234,36.689998626708984,34.779998779296875,35.4900016784668,35.2141227722168,605800,539,4,-1.7713793820317347,38.961054331054974
2018-02-12,36.029998779296875,38.349998474121094,36.0,37.849998474121094,37.5557746887207,373900,540,0,5.051345424607678,47.09193250254552
2018-02-13,37.900001525878906,38.75,37.619998931884766,38.15999984741211,37.863365173339844,253400,541,1,0.6860113748430097,38.42795111414658
2018-02-14,38.0,40.68000030517578,37.900001525878906,39.97999954223633,39.66921615600586,446500,542,2,5.210525111148234,39.528237474218756
2018-02-15,40.130001068115234,41.189998626708984,39.900001525878906,40.150001525878906,39.83789825439453,239000,543,3,0.04983916578951142,37.28688321545197
2018-02-16,40.16999816894531,40.770999908447266,39.560001373291016,39.599998474121094,39.29216766357422,271200,544,4,-1.4189686851040828,36.876832885582076
2018-02-20,38.83000183105469,41.029998779296875,38.7599983215332,40.16999816894531,39.85773849487305,298100,545,1,3.450930400984298,45.63976037374682
2018-02-21,40.279998779296875,41.02000045776367,39.380001068115234,39.68000030517578,39.37154769897461,410800,546,2,-1.4895692460385135,46.901182108626195
2018-02-22,39.689998626708984,39.91999816894531,38.15999984741211,38.279998779296875,37.98242950439453,418700,547,3,-3.552531862430608,40.73506229259777
2018-02-23,38.75,38.9900016784668,37.90999984741211,38.56999969482422,38.27017593383789,278500,548,4,-0.4645169165826579,50.861280970198685
2018-02-26,38.81999969482422,39.869998931884766,37.20000076293945,37.75,37.45655059814453,455900,549,0,-2.7563104153421225,52.577315533322825
2018-02-27,37.849998474121094,38.400001525878906,37.11000061035156,37.790000915527344,37.49624252319336,415500,550,1,-0.15851403173707812,52.35404835540613
2018-02-28,38.04999923706055,38.83000183105469,37.7599983215332,37.869998931884766,37.575618743896484,585300,551,2,-0.47306257236521265,54.59826207824599
2018-03-01,38.22999954223633,39.11000061035156,37.31999969482422,38.68000030517578,38.37932205200195,492300,552,3,1.1770880678203977,66.35802420684134
2018-03-02,38.13999938964844,39.220001220703125,37.42300033569336,39.11000061035156,38.80598068237305,204200,553,4,2.5432649088253267,67.8500877116752
2018-03-05,37.91999816894531,39.599998474121094,37.91999816894531,38.650001525878906,38.34955596923828,435600,554,0,1.925114430863628,54.85438421383031
2018-03-06,38.79999923706055,41.22999954223633,38.630001068115234,40.470001220703125,40.15541076660156,604700,555,1,4.304128908454841,61.846156253851376
2018-03-07,40.220001220703125,40.8489990234375,39.61000061035156,40.630001068115234,40.31416702270508,378800,556,2,1.0193929263260681,54.01731277578739
2018-03-08,40.630001068115234,41.529998779296875,39.20000076293945,39.52000045776367,39.21279525756836,579000,557,3,-2.7319728800663134,46.51162299480263
2018-03-09,40.130001068115234,40.7400016784668,39.11000061035156,40.68000030517578,40.36377716064453,492400,558,4,1.3705437887404859,55.60166960287575
2018-03-12,41.34000015258789,44.099998474121094,41.279998779296875,43.63999938964844,43.30076599121094,1008300,559,0,5.563616905106783,64.4222841762663
2018-03-13,43.650001525878906,43.7599983215332,41.007999420166016,42.279998779296875,41.95133590698242,1061800,560,1,-3.1386087026131992,60.07751227356521
2018-03-14,42.2599983215332,42.2599983215332,40.31999969482422,41.720001220703125,41.39569091796875,806800,561,2,-1.2777972604767651,64.26203622634634
2018-03-15,42.849998474121094,43.38999938964844,41.04999923706055,42.040000915527344,41.71320343017578,965600,562,3,-1.890309422258074,64.35071245566873
2018-03-16,42.189998626708984,43.43000030517578,42.0099983215332,43.130001068115234,42.79473114013672,589600,563,4,2.2280219767799814,71.76376400844542
2018-03-19,42.869998931884766,43.0,41.58000183105469,42.439998626708984,42.11009216308594,324400,564,0,-1.0030331604602982,67.87086207184709
2018-03-20,42.41999816894531,42.9900016784668,41.34000015258789,42.970001220703125,42.6359748840332,632500,565,1,1.2965654773659407,68.94502670996036
2018-03-21,42.59000015258789,42.599998474121094,41.720001220703125,42.09000015258789,41.762813568115234,326900,566,2,-1.1739844991984993,62.60162303636875
2018-03-22,41.5,41.5,38.5099983215332,38.59000015258789,38.29002380371094,631800,567,3,-7.012047825089418,48.43373377691056
2018-03-23,41.5,41.5,38.20000076293945,38.33000183105469,38.03204345703125,387200,568,4,-7.6385498046875,49.024391265088404
2018-03-26,39.0,39.25,38.470001220703125,39.119998931884766,38.81590270996094,380500,569,0,0.30768956893529875,45.608320160589585
2018-03-27,39.47999954223633,41.400001525878906,39.47999954223633,39.869998931884766,39.5600700378418,653600,570,1,0.9878404107659833,47.61904079001524
2018-03-28,39.70000076293945,39.70000076293945,37.86000061035156,38.77000045776367,38.468624114990234,641200,571,2,-2.342569993207533,47.64890237147457
2018-03-29,38.400001525878906,40.47999954223633,38.400001525878906,40.22999954223633,39.917274475097656,504500,572,3,4.765619644895414,48.61538194283868
2018-04-02,40.0,40.619998931884766,38.900001525878906,39.810001373291016,39.50054168701172,262500,573,0,-0.4749965667724565,36.03209577759333
2018-04-03,40.08000183105469,40.189998626708984,38.25,38.93000030517578,38.62738037109375,206700,574,1,-2.8692651530466406,37.339381874674906
2018-04-04,37.0,37.97999954223633,35.79999923706055,36.97999954223633,36.692535400390625,654400,575,2,-0.05405529125316333,33.789322760724275
2018-04-05,37.5,38.0,35.86000061035156,35.9900016784668,35.710235595703125,398600,576,3,-4.026662190755204,30.215826081706382
2018-04-06,35.84000015258789,36.25,35.029998779296875,35.56999969482422,35.29349899291992,606700,577,4,-0.7533494883207315,24.145000254400145
2018-04-09,36.0099983215332,36.41999816894531,34.93000030517578,35.029998779296875,34.757694244384766,663200,578,0,-2.721465115010324,24.395296559152996
2018-04-10,35.86000061035156,36.0099983215332,34.5099983215332,34.869998931884766,34.59893798828125,554300,579,1,-2.7607408299402447,21.276576748897327
2018-04-11,34.66999816894531,35.849998474121094,34.66999816894531,35.68000030517578,35.402645111083984,389800,580,2,2.9131877403303363,27.15608642916203
2018-04-12,35.72999954223633,36.189998626708984,35.25,35.470001220703125,35.19427490234375,324000,581,3,-0.7276751325615338,35.47485725956116
2018-04-13,35.630001068115234,35.88999938964844,35.08000183105469,35.209999084472656,34.93629455566406,432400,582,4,-1.178787457344288,35.47484465938726
2018-04-16,35.119998931884766,35.459999084472656,34.70000076293945,35.08000183105469,34.807308197021484,324200,583,0,-0.11388696482494964,29.960327897514816
2018-04-17,35.25,36.68000030517578,35.099998474121094,36.290000915527344,36.00790023803711,237700,584,1,2.9503572071697626,33.0170825375489
2018-04-18,36.369998931884766,36.790000915527344,36.08000183105469,36.63999938964844,36.35517883300781,202300,585,2,0.7423713656669051,39.12154392806391
2018-04-19,36.61000061035156,37.400001525878906,36.25,36.65999984741211,36.37502670288086,222200,586,3,0.13657262012285454,28.622752411939857
2018-04-20,36.439998626708984,36.4900016784668,35.5099983215332,35.970001220703125,35.690391540527344,262200,587,4,-1.28978436805256,27.726214452393947
2018-04-23,35.9900016784668,36.439998626708984,35.68000030517578,36.38999938964844,36.10712432861328,172000,588,0,1.1114134274157639,34.436261333069055
2018-04-24,36.7599983215332,36.7599983215332,35.209999084472656,36.290000915527344,36.00790023803711,430000,589,1,-1.2785566579597618,44.53249357516079
2018-04-25,36.08000183105469,36.31999969482422,35.61000061035156,36.04999923706055,35.76976776123047,270900,590,2,-0.08315574410064919,50.53954662714748
2018-04-26,36.34000015258789,36.34000015258789,35.369998931884766,36.02000045776367,35.7400016784668,340400,591,3,-0.8805715285651439,54.3520430788256
2018-04-27,35.90999984741211,35.91999816894531,34.900001525878906,35.15999984741211,35.15999984741211,552700,592,4,-2.0885547290083073,51.183981867313705
2018-04-30,35.34000015258789,35.54999923706055,35.060001373291016,35.27000045776367,35.27000045776367,304000,593,0,-0.19807497035082555,53.676488119029884
2018-05-01,35.16999816894531,35.16999816894531,31.850000381469727,32.290000915527344,32.290000915527344,629200,594,1,-8.188789887288006,27.726658893566338
2018-05-02,32.40999984741211,32.869998931884766,31.235000610351562,31.600000381469727,31.600000381469727,333800,595,2,-2.499226997087012,26.081560547044006
2018-05-03,31.459999084472656,31.520000457763672,29.5,30.040000915527344,30.040000915527344,470800,596,3,-4.5136624611224585,22.47069911802822
2018-05-04,30.010000228881836,30.8700008392334,29.93000030517578,30.420000076293945,30.420000076293945,311700,597,4,1.3662107440356674,25.82985054014209
2018-05-07,30.530000686645508,30.899999618530273,29.280000686645508,30.09000015258789,30.09000015258789,605400,598,0,-1.4412070886394845,14.611845600466822
2018-05-08,30.06999969482422,30.149999618530273,29.649999618530273,29.8700008392334,29.8700008392334,230900,599,1,-0.6651109332243998,10.776348775793153
2018-05-09,30.0,31.56999969482422,30.0,30.8700008392334,30.8700008392334,534200,600,2,2.9000027974446674,19.87511920935296
2018-05-10,31.030000686645508,31.65999984741211,30.959999084472656,30.969999313354492,30.969999313354492,191600,601,3,-0.19336568470279536,22.283786998514515
2018-05-11,31.110000610351562,31.493999481201172,30.68000030517578,30.780000686645508,30.780000686645508,183300,602,4,-1.0607519036700097,18.088727129434403
2018-05-14,30.799999237060547,31.5,30.600000381469727,31.15999984741211,31.15999984741211,222400,603,0,1.1688331794449835,21.719937164715503
2018-05-15,30.899999618530273,30.899999618530273,30.1299991607666,30.59000015258789,30.59000015258789,724900,604,1,-1.0032345299981205,20.95743282070262
2018-05-16,30.670000076293945,31.15999984741211,30.459999084472656,31.110000610351562,31.110000610351562,304000,605,2,1.4346284087482397,25.176936075442327
2018-05-17,30.969999313354492,31.959999084472656,30.466999053955078,31.280000686645508,31.280000686645508,191300,606,3,1.0009731358222584,28.913036672736325
2018-05-18,31.280000686645508,31.459999084472656,30.5,30.719999313354492,30.719999313354492,185500,607,4,-1.790285680940218,26.42485428541893
2018-05-21,31.0,31.489999771118164,29.790000915527344,30.389999389648438,30.389999389648438,263800,608,0,-1.9677439043598755,36.42855313358477
2018-05-22,30.43000030517578,30.655000686645508,29.709999084472656,30.0,30.0,296400,609,1,-1.4130801868662557,38.05968980794694
2018-05-23,29.899999618530273,30.0,28.34000015258789,28.829999923706055,28.829999923706055,544900,610,2,-3.578594342727337,40.412029907005355
2018-05-24,28.420000076293945,29.309999465942383,27.764999389648438,28.579999923706055,28.579999923706055,972000,611,3,0.5629832758007991,35.11325891994625
2018-05-25,30.670000076293945,30.969999313354492,27.040000915527344,27.5,27.5,1624700,612,4,-10.335833284670137,31.313120748715917
2018-05-29,26.90999984741211,27.209999084472656,24.0,24.309999465942383,24.309999465942383,1632500,613,1,-9.661837221153924,21.919178491267616
2018-05-30,24.440000534057617,24.81999969482422,24.0,24.239999771118164,24.239999771118164,683700,614,2,-0.8183337093661147,13.043461619754098
2018-05-31,24.239999771118164,24.239999771118164,23.450000762939453,23.459999084472656,23.459999084472656,1200600,615,3,-3.2178246452579384,11.088080177428878
2018-06-01,23.68000030517578,25.5,22.809999465942383,24.84000015258789,24.84000015258789,906000,616,4,4.898647941142831,22.601478757964372
2018-06-04,25.100000381469727,25.920000076293945,25.0,25.729999542236328,25.729999542236328,758400,617,0,2.5099567776568854,26.079298633599237
2018-06-05,25.670000076293945,26.049999237060547,24.214000701904297,25.290000915527344,25.290000915527344,856200,618,1,-1.48032395651424,26.38146764511488
2018-06-06,25.100000381469727,25.200000762939453,23.809999465942383,23.93000030517578,23.93000030517578,782600,619,2,-4.661354814789986,20.232174595447603
2018-06-07,23.93000030517578,23.950000762939453,23.010000228881836,23.6299991607666,23.6299991607666,705200,620,3,-1.2536612644517775,18.621821190560837
2018-06-08,23.6299991607666,24.229999542236328,23.06999969482422,23.09000015258789,23.09000015258789,533100,621,4,-2.285226522882333,18.65242763790468
2018-06-11,24.1200008392334,25.200000762939453,23.8799991607666,24.280000686645508,24.280000686645508,807300,622,0,0.6633492613808523,26.55411212193914
2018-06-12,24.549999237060547,25.760000228881836,24.549999237060547,24.719999313354492,24.719999313354492,631700,623,1,0.6924646907414678,29.816511018948518
2018-06-13,24.600000381469727,24.65399932861328,23.790000915527344,23.799999237060547,23.799999237060547,454800,624,2,-3.2520371219660227,30.397503053170126
2018-06-14,23.899999618530273,24.177000045776367,23.1299991607666,23.280000686645508,23.280000686645508,499300,625,3,-2.5941378317180575,29.77099292213417
2018-06-15,23.059999465942383,23.809999465942383,22.604000091552734,23.760000228881836,23.760000228881836,685600,626,4,3.0355627890334302,35.0399986328123
2018-06-18,23.649999618530273,23.649999618530273,22.799999237060547,23.260000228881836,23.260000228881836,507300,627,0,-1.649046071623883,44.6483205995259
2018-06-19,22.690000534057617,23.006999969482422,21.860000610351562,22.459999084472656,22.459999084472656,653500,628,1,-1.0136687711387649,41.555973177681125
2018-06-20,22.976999282836914,23.3700008392334,21.799999237060547,23.239999771118164,23.239999771118164,392700,629,2,1.1446250445666495,48.956359895367264
2018-06-21,22.860000610351562,23.20800018310547,22.18000030517578,22.309999465942383,22.309999465942383,252400,630,3,-2.4059541982694665,37.462828906639146
2018-06-22,22.639999389648438,22.700000762939453,21.829999923706055,22.600000381469727,22.600000381469727,237300,631,4,-0.17667406915655715,33.50896082056592
2018-06-25,21.790000915527344,21.84000015258789,20.200000762939453,20.489999771118164,20.489999771118164,980200,632,0,-5.966044468969301,28.49462191006579
2018-06-26,20.520000457763672,21.360000610351562,20.520000457763672,20.780000686645508,20.780000686645508,347600,633,1,1.2670576173572368,34.39049070645041
2018-06-27,20.809999465942383,20.940000534057617,20.209999084472656,20.209999084472656,20.209999084472656,381700,634,2,-2.883231123824326,33.494212137251736
2018-06-28,20.149999618530273,20.229999542236328,19.510000228881836,20.059999465942383,20.059999465942383,400800,635,3,-0.44665088978524947,34.804414563721394
2018-06-29,20.31999969482422,21.719999313354492,20.31999969482422,21.219999313354492,21.219999313354492,608200,636,4,4.4291320474749485,34.60764274793223
2018-07-02,20.59000015258789,20.979000091552734,20.100000381469727,20.65999984741211,20.65999984741211,555200,637,0,0.3399693749658317,29.821082793502654
2018-07-03,20.799999237060547,20.889999389648438,20.100000381469727,20.40999984741211,20.40999984741211,263900,638,1,-1.8749971343919758,31.94889119910235
2018-07-05,20.450000762939453,20.68000030517578,19.799999237060547,20.520000457763672,20.520000457763672,249300,639,3,0.3422967834362023,34.63252443815553
2018-07-06,20.540000915527344,21.25,20.350000381469727,21.15999984741211,21.15999984741211,305600,640,4,3.018495152140299,35.776811119377214
2018-07-09,21.25,22.5,21.25,22.1200008392334,22.1200008392334,438200,641,0,4.094121596392464,44.0625069538708
2018-07-10,22.06999969482422,22.079999923706055,20.81999969482422,20.889999389648438,20.889999389648438,357600,642,1,-5.346625833676432,42.17348608339995
2018-07-11,20.639999389648438,21.190000534057617,20.260000228881836,21.139999389648438,21.139999389648438,241800,643,2,2.4224806917909403,38.94737307054234
2018-07-12,21.399999618530273,21.700000762939453,20.920000076293945,21.600000381469727,21.600000381469727,593100,644,3,0.934583021049562,46.06866788162365
2018-07-13,21.479999542236328,21.649999618530273,20.579999923706055,20.68000030517578,20.68000030517578,447200,645,4,-3.7243913133587436,40.06211713601698
2018-07-16,20.600000381469727,21.350000381469727,20.020000457763672,20.5,20.5,492900,646,0,-0.48543873600934706,50.06468448946629
2018-07-17,20.350000381469727,20.450000762939453,19.94499969482422,20.1200008392334,20.1200008392334,297400,647,1,-1.1302188595817442,45.7800540203818
2018-07-18,20.229999542236328,20.600000381469727,19.489999771118164,19.649999618530273,19.649999618530273,640300,648,2,-2.8670288523493404,46.37306192333302
2018-07-19,19.5,19.739999771118164,19.5,19.5,19.5,255100,649,3,0.0,46.37306192333302
2018-07-20,19.52400016784668,20.22599983215332,19.52400016784668,19.93000030517578,19.93000030517578,185200,650,4,2.0794925929048524,40.772544017026966
2018-07-23,19.799999237060547,20.100000381469727,19.530000686645508,19.709999084472656,19.709999084472656,178500,651,0,-0.4545462427060776,42.857142857142854
2018-07-24,20.049999237060547,20.639999389648438,19.65999984741211,19.809999465942383,19.809999465942383,244300,652,1,-1.1970063852897672,45.38461651322306
2018-07-25,19.610000610351562,20.989999771118164,19.610000610351562,20.950000762939453,20.950000762939453,281000,653,2,6.833248908113454,52.85524528026602
2018-07-26,20.809999465942383,21.360000610351562,20.520999908447266,21.040000915527344,21.040000915527344,320400,654,3,1.1052448605843646,49.140409680576816
2018-07-27,21.15999984741211,21.18000030517578,19.260000228881836,19.329999923706055,19.329999923706055,549000,655,4,-8.648392896514434,31.95343902288569
2018-07-30,19.329999923706055,19.594999313354492,16.030000686645508,18.010000228881836,18.010000228881836,1289000,656,0,-6.828762028112523,31.585695870788186
2018-07-31,17.989999771118164,18.350000381469727,17.649999618530273,17.950000762939453,17.950000762939453,339700,657,1,-0.22234023728520125,29.095697344212468
2018-08-01,17.760000228881836,18.0,16.010000228881836,16.020000457763672,16.020000457763672,518200,658,2,-9.797295882285662,19.340673897401047
2018-08-02,15.930000305175781,16.190000534057617,15.25,16.110000610351562,16.110000610351562,407900,659,3,1.1299453969081164,22.370028211216948
2018-08-03,16.170000076293945,16.90999984741211,15.829999923706055,15.979999542236328,15.979999542236328,525900,660,4,-1.1750187579539162,22.506096782801393
2018-08-06,15.800000190734863,15.949999809265137,15.40999984741211,15.59000015258789,15.59000015258789,222000,661,0,-1.3291141494423342,22.47874976274035
2018-08-07,15.539999961853027,15.930000305175781,15.020000457763672,15.579999923706055,15.579999923706055,460800,662,1,0.2574000125560971,23.809540174582438
2018-08-08,15.789999961853027,16.139999389648438,15.039999961853027,15.319999694824219,15.319999694824219,245400,663,2,-2.976569146068897,23.477171858782697
2018-08-09,15.619999885559082,15.779999732971191,15.15999984741211,15.529999732971191,15.529999732971191,295800,664,3,-0.5761853600978362,21.279386939674666
2018-08-10,15.170000076293945,15.25,13.8100004196167,13.850000381469727,13.850000381469727,657000,665,4,-8.701382255672973,17.872823803703767
2018-08-13,13.699999809265137,13.710000038146973,12.710000038146973,13.119999885559082,13.119999885559082,788700,666,0,-4.233576144386575,15.692319911373843
2018-08-14,13.050000190734863,13.5600004196167,12.390000343322754,13.300000190734863,13.300000190734863,699600,667,1,1.9157087842611054,6.484647636944189
2018-08-15,12.779999732971191,13.970000267028809,12.600000381469727,13.529999732971191,13.529999732971191,924400,668,2,5.8685447235579336,7.950727189913053
2018-08-16,13.699999809265137,14.4399995803833,13.270000457763672,13.970000267028809,13.970000267028809,860500,669,3,1.9708062884867594,15.013060730248014
2018-08-17,13.890000343322754,18.200000762939453,13.710000038146973,17.65999984741211,17.65999984741211,2191800,670,4,27.141824412565118,48.25523251491031
2018-08-20,18.59000015258789,19.329999923706055,16.399999618530273,16.940000534057617,16.940000534057617,2121300,671,0,-8.875737520102057,45.27595800550222
2018-08-21,17.18000030517578,17.780000686645508,17.010000228881836,17.170000076293945,17.170000076293945,672400,672,1,-0.058208548918492475,56.39599359181762
2018-08-22,17.43000030517578,17.889999389648438,16.764999389648438,17.649999618530273,17.649999618530273,732000,673,2,1.262187662091807,58.20895067144574
2018-08-23,17.479999542236328,18.25,16.950000762939453,17.149999618530273,17.149999618530273,557700,674,3,-1.8878714665219953,56.00000156500432
2018-08-24,17.270000457763672,17.530000686645508,16.649999618530273,17.059999465942383,17.059999465942383,612700,675,4,-1.2159871815572765,57.777775086633
2018-08-27,17.200000762939453,18.979999542236328,16.989999771118164,18.280000686645508,18.280000686645508,1267200,676,0,6.2790690453520925,62.66416886298044
2018-08-28,18.309999465942383,18.479999542236328,17.25200080871582,18.219999313354492,18.219999313354492,999700,677,1,-0.49153552819756197,63.862329558084134
2018-08-29,16.31999969482422,21.549999237060547,16.211000442504883,20.15999984741211,20.15999984741211,2955100,678,2,23.529413139668875,68.99097436165438
2018-08-30,20.15999984741211,20.15999984741211,18.329999923706055,18.5,18.5,1096400,679,3,-8.234126289565424,69.10435029008308
2018-08-31,18.43000030517578,19.149999618530273,17.920000076293945,18.1299991607666,18.1299991607666,942900,680,4,-1.627786974723644,71.21083102485245
2018-09-04,18.1299991607666,19.075000762939453,17.760000228881836,18.809999465942383,18.809999465942383,783700,681,1,3.7506913218578797,72.3801715420384
2018-09-05,18.540000915527344,18.549999237060547,17.694000244140625,18.030000686645508,18.030000686645508,826000,682,2,-2.7508101601802393,67.49611355515874
2018-09-06,18.18000030517578,18.760000228881836,17.639999389648438,17.780000686645508,17.780000686645508,532600,683,3,-2.2002178867752575,65.0355174028989
2018-09-07,17.68000030517578,18.59000015258789,17.610000610351562,18.190000534057617,18.190000534057617,422000,684,4,2.884616629404335,52.82215449115541
2018-09-10,18.149999618530273,18.44499969482422,17.510000228881836,17.889999389648438,17.889999389648438,612500,685,0,-1.4325081782171956,55.29542098274136
2018-09-11,17.59000015258789,17.700000762939453,16.899999618530273,17.0,17.0,800900,686,1,-3.354179348890385,49.11734151730231
2018-09-12,16.700000762939453,17.489999771118164,16.1299991607666,17.0,17.0,831900,687,2,1.7964025350603707,46.4480908489616
2018-09-13,17.299999237060547,18.149999618530273,16.81999969482422,17.1299991607666,17.1299991607666,655700,688,3,-0.9826594438788527,49.88610221039483
2018-09-14,17.260000228881836,17.940000534057617,16.600000381469727,17.709999084472656,17.709999084472656,345900,689,4,2.60717757603397,53.50593016554424
2018-09-17,17.440000534057617,18.510000228881836,17.440000534057617,17.8799991607666,17.8799991607666,296100,690,0,2.522927828182886,47.56690105549224
2018-09-18,18.010000228881836,18.309999465942383,17.649999618530273,17.829999923706055,17.829999923706055,149600,691,1,-0.9994464346931187,47.62485119891163
2018-09-19,17.950000762939453,18.670000076293945,17.950000762939453,18.489999771118164,18.489999771118164,279600,692,2,3.0083508926284974,37.95093461480769
2018-09-20,18.709999084472656,19.0,18.399999618530273,18.93000030517578,18.93000030517578,187600,693,3,1.17584837770357,53.765327269010356
2018-09-21,19.229999542236328,20.959999084472656,18.93000030517578,19.780000686645508,19.780000686645508,1000500,694,4,2.8601204238261735,63.327963585964135
2018-09-24,19.3700008392334,19.950000762939453,18.959999084472656,19.770000457763672,19.770000457763672,355500,695,0,2.0650469860594267,58.69566344133467
2018-09-25,19.729999542236328,19.90999984741211,18.670000076293945,19.6299991607666,19.6299991607666,464200,696,1,-0.5068443172320136,66.39342340081751
2018-09-26,19.719999313354492,19.850000381469727,19.190000534057617,19.3700008392334,19.3700008392334,219600,697,2,-1.7748401942593972,66.25767230108184
2018-09-27,19.469999313354492,19.799999237060547,19.09000015258789,19.170000076293945,19.170000076293945,220600,698,3,-1.540828185108245,60.47007989670975
2018-09-28,19.0,19.31999969482422,18.295000076293945,18.399999618530273,18.399999618530273,267300,699,4,-3.157896744577504,54.951458899596794
2018-10-01,18.65999984741211,19.05500030517578,18.049999237060547,18.149999618530273,18.149999618530273,314600,700,0,-2.733120220001317,62.74944080008831
2018-10-02,17.940000534057617,17.979999542236328,17.079999923706055,17.56999969482422,17.56999969482422,426000,701,1,-2.0624349399041675,55.599210979732646
2018-10-03,17.549999237060547,18.780000686645508,17.40999984741211,18.520000457763672,18.520000457763672,347400,702,2,5.52707272291364,61.759736753693595
2018-10-04,18.350000381469727,18.3799991607666,17.65999984741211,18.18000030517578,18.18000030517578,280400,703,3,-0.9264309142228422,54.14463012587151
2018-10-05,18.100000381469727,18.520000457763672,17.639999389648438,18.079999923706055,18.079999923706055,324500,704,4,-0.11049976432125908,51.78572036781841
2018-10-08,17.610000610351562,18.850000381469727,17.610000610351562,18.030000686645508,18.030000686645508,281700,705,0,2.3850088684668203,51.78572036781841
2018-10-09,17.93000030517578,18.729999542236328,17.809999465942383,17.920000076293945,17.920000076293945,231700,706,1,-0.055773723991237034,44.35644207555664
2018-10-10,17.889999389648438,18.139999389648438,16.0,16.049999237060547,16.049999237060547,444500,707,2,-10.28507666496935,27.777781048264146
2018-10-11,15.630000114440918,16.309999465942383,15.444999694824219,15.5,15.5,352600,708,3,-0.8317345712672619,15.372175126639561
2018-10-12,16.270000457763672,16.399999618530273,15.65999984741211,16.100000381469727,16.100000381469727,234400,709,4,-1.0448682944739884,22.89513445957958
2018-10-15,15.859999656677246,16.700000762939453,15.800000190734863,16.280000686645508,16.280000686645508,150500,710,0,2.648178052081085,25.403834078067405
2018-10-16,16.260000228881836,16.888999938964844,15.90999984741211,16.600000381469727,16.600000381469727,197000,711,1,2.0910218192000007,29.839888279944248
2018-10-17,16.6299991607666,16.889999389648438,16.25,16.709999084472656,16.709999084472656,161800,712,2,0.48105789382593134,31.858401602622806
2018-10-18,16.350000381469727,16.860000610351562,16.200000762939453,16.40999984741211,16.40999984741211,194200,713,3,0.36696920209484674,34.231379242906456
2018-10-19,16.709999084472656,16.760000228881836,16.34000015258789,16.549999237060547,16.549999237060547,240800,714,4,-0.9575096120788218,37.096768735473766
2018-10-22,17.0,17.43000030517578,16.770000457763672,17.229999542236328,17.229999542236328,408400,715,0,1.3529384837431158,47.301585763790285
2018-10-23,16.559999465942383,17.469999313354492,16.5,16.959999084472656,16.959999084472656,327300,716,1,2.4154567115350467,36.12098158559755
2018-10-24,16.81999969482422,17.315000534057617,16.719999313354492,16.81999969482422,16.81999969482422,256300,717,2,0.0,37.45386466969778
2018-10-25,16.770000457763672,17.479999542236328,16.649999618530273,17.270000457763672,17.270000457763672,196000,718,3,2.981514528036433,42.980938739714944
2018-10-26,16.809999465942383,18.190000534057617,16.75,17.809999465942383,17.809999465942383,192900,719,4,5.948840165200675,48.24280128042237
2018-10-29,18.020000457763672,18.479999542236328,15.640000343322754,15.710000038146973,15.710000038146973,447700,720,0,-12.81909190308298,36.60605572997205
2018-10-30,15.819999694824219,15.979999542236328,13.75,14.90999984741211,14.90999984741211,883700,721,1,-5.752211535818363,42.06128170703005
2018-10-31,15.149999618530273,15.762999534606934,15.029999732971191,15.5600004196167,15.5600004196167,153300,722,2,2.706275982904627,50.41209091715332
2018-11-01,15.800000190734863,17.770000457763672,15.800000190734863,17.3700008392334,17.3700008392334,355700,723,3,9.936712845226324,57.47939209256642
2018-11-02,17.770000457763672,18.610000610351562,17.309999465942383,17.799999237060547,17.799999237060547,438100,724,4,0.16881698662967182,58.69564790415241
2018-11-05,17.59000015258789,18.31999969482422,17.309999465942383,17.68000030517578,17.68000030517578,170800,725,0,0.5116552120930429,56.32318812386695
2018-11-06,17.729999542236328,17.729999542236328,17.084999084472656,17.450000762939453,17.450000762939453,187300,726,1,-1.5792373746534083,54.27252896924718
2018-11-07,17.889999389648438,17.959999084472656,17.260000228881836,17.829999923706055,17.829999923706055,154500,727,2,-0.33537992168461983,58.12357398890288
2018-11-08,17.600000381469727,18.010000228881836,17.059999465942383,17.3700008392334,17.3700008392334,167600,728,3,-1.306815552563767,54.5253973276475
2018-11-09,16.84000015258789,17.420000076293945,16.6299991607666,17.110000610351562,17.110000610351562,198500,729,4,1.603328119460734,49.30556138111538
2018-11-12,17.09000015258789,17.270000457763672,15.399999618530273,15.430000305175781,15.430000305175781,379400,730,0,-9.71328164184212,42.38806230750952
2018-11-13,14.5,17.0,14.5,15.989999771118164,15.989999771118164,664200,731,1,10.275860490470091,46.036292834068064
2018-11-14,16.09000015258789,17.479999542236328,16.09000015258789,17.420000076293945,17.420000076293945,424800,732,2,8.266003176464487,50.65502045195021
2018-11-15,17.15999984741211,17.700000762939453,17.049999237060547,17.5,17.5,265200,733,3,1.9813528881771347,48.58962884439795
2018-11-16,17.15999984741211,17.15999984741211,16.639999389648438,16.989999771118164,16.989999771118164,173600,734,4,-0.9906764440885674,56.8085115665009
2018-11-19,17.0,17.0,16.06399917602539,16.260000228881836,16.260000228881836,193600,735,0,-4.35293983010685,57.23473174959957
2018-11-20,15.850000381469727,16.200000762939453,15.229999542236328,15.550000190734863,15.550000190734863,221100,736,1,-1.8927456373161622,49.946750619837815
2018-11-21,16.06999969482422,16.530000686645508,15.885000228881836,16.399999618530273,16.399999618530273,281200,737,2,2.053515432314157,44.24672690392771
2018-11-23,16.010000228881836,17.31999969482422,16.010000228881836,17.31999969482422,17.31999969482422,187300,738,4,8.182382555992485,47.309418478666444
2018-11-26,17.270000457763672,17.270000457763672,16.020000457763672,16.110000610351562,16.110000610351562,234000,739,0,-6.716848967370092,42.157840872952434
2018-11-27,16.030000686645508,16.809999465942383,16.030000686645508,16.489999771118164,16.489999771118164,125100,740,1,2.8696136292488017,45.27558382537691
2018-11-28,16.600000381469727,17.0,16.200000762939453,16.989999771118164,16.989999771118164,154900,741,2,2.349393859555482,45.914394901811406
2018-11-29,16.5,16.809999465942383,15.699999809265137,16.280000686645508,16.280000686645508,219000,742,3,-1.3333291718454099,44.824309228943676
2018-11-30,16.280000686645508,16.940000534057617,15.920000076293945,16.639999389648438,16.639999389648438,333800,743,4,2.211294151223453,47.78926892532969
2018-12-03,17.049999237060547,17.770000457763672,16.610000610351562,17.639999389648438,17.639999389648438,723100,744,0,3.460411606972058,61.105528572576
2018-12-04,17.600000381469727,17.600000381469727,16.010000228881836,16.030000686645508,16.030000686645508,242800,745,1,-8.92045261815564,50.181822437887604
2018-12-06,15.699999809265137,15.75,14.979999542236328,15.390000343322754,15.390000343322754,300200,746,3,-1.9745189153406284,40.05876168917206
2018-12-07,15.239999771118164,15.359999656677246,14.4399995803833,14.619999885559082,14.619999885559082,302200,747,4,-4.068240779990462,36.788984059020045
2018-12-10,14.550000190734863,15.789999961853027,14.550000190734863,14.850000381469727,14.850000381469727,290800,748,0,2.0618569539669007,39.924668674352574
2018-12-11,15.010000228881836,15.010000228881836,13.949999809265137,14.050000190734863,14.050000190734863,353600,749,1,-6.39573633250029,39.66323239696277
2018-12-12,14.600000381469727,14.880000114440918,14.029999732971191,14.029999732971191,14.029999732971191,224500,750,2,-3.904113928804953,42.39999481200974
2018-12-13,14.170000076293945,14.600000381469727,13.59000015258789,13.789999961853027,13.789999961853027,495700,751,3,-2.681722740966308,36.10223311201107
2018-12-14,13.5,13.859999656677246,12.760000228881836,12.770000457763672,12.770000457763672,376800,752,4,-5.407404016565398,26.027391065524995
2018-12-17,12.779999732971191,13.699999809265137,12.699999809265137,13.029999732971191,13.029999732971191,302500,753,0,1.9561815745193112,31.967199842319815
2018-12-18,13.149999618530273,13.482000350952148,13.140000343322754,13.140000343322754,13.140000343322754,189800,754,1,-0.07604011785239395,29.74606770674471
2018-12-19,13.210000038146973,13.75,12.899999618530273,12.989999771118164,12.989999771118164,334800,755,2,-1.6654070128198861,24.74746890924679
2018-12-20,12.960000038146973,13.210000038146973,11.859999656677246,11.960000038146973,11.960000038146973,241300,756,3,-7.7160493600043285,23.786400069905255
2018-12-21,11.90999984741211,11.90999984741211,9.609999656677246,10.350000381469727,10.350000381469727,840000,757,4,-13.098232459518888,16.85985690262251
2018-12-24,10.460000038146973,10.779000282287598,10.0,10.5,10.5,243800,758,0,0.38240881173183805,8.6805561687721
2018-12-26,10.5,10.6899995803833,9.9399995803833,10.359999656677246,10.359999656677246,416200,759,2,-1.3333366030738425,10.460249543413525
2018-12-27,10.15999984741211,10.817999839782715,9.920000076293945,10.3100004196167,10.3100004196167,415000,760,3,1.476383606863907,11.398176423953174
2018-12-28,10.369999885559082,10.864999771118164,10.270000457763672,10.399999618530273,10.399999618530273,277700,761,4,0.28929347446733367,14.237277779690501
2018-12-31,10.59000015258789,10.760000228881836,10.020000457763672,10.75,10.75,243000,762,0,1.510857838590396,15.946832485640215
2019-01-02,10.430000305175781,11.010000228881836,10.225000381469727,10.710000038146973,10.710000038146973,216500,763,2,2.684561119641038,18.2509389887568
2019-01-03,10.569999694824219,10.75,10.300000190734863,10.329999923706055,10.329999923706055,113400,764,3,-2.2705750051788987,17.081840388461217
2019-01-04,10.640000343322754,11.479999542236328,10.479999542236328,11.260000228881836,11.260000228881836,303000,765,4,5.827066405577419,29.95245380761739
2019-01-07,11.479999542236328,11.699999809265137,11.0,11.420000076293945,11.420000076293945,218700,766,0,-0.5226434523942003,37.61467279864799
2019-01-08,11.550000190734863,11.899999618530273,10.880000114440918,11.199999809265137,11.199999809265137,239000,767,1,-3.030306283029227,33.08687638335664
2019-01-09,11.319999694824219,11.600000381469727,10.979999542236328,11.430000305175781,11.430000305175781,224800,768,2,0.9717368667585546,34.53887775119101
2019-01-10,11.239999771118164,11.470000267028809,11.130000114440918,11.4399995803833,11.4399995803833,166600,769,3,1.779357769908918,35.621515394236525
2019-01-11,11.430000305175781,12.260000228881836,11.329999923706055,11.829999923706055,11.829999923706055,259300,770,4,3.4995591238011103,48.631577467984144
2019-01-14,11.600000381469727,12.029999732971191,11.449999809265137,11.5600004196167,11.5600004196167,186100,771,0,-0.34482724601393455,67.7419417989995
2019-01-15,11.630000114440918,11.9399995803833,11.550000190734863,11.819999694824219,11.819999694824219,154400,772,1,1.633702308802043,68.75000338662893
2019-01-16,11.930000305175781,12.100000381469727,11.699999809265137,11.779999732971191,11.779999732971191,168700,773,2,-1.2573392151508433,70.76024614849219
2019-01-17,11.550000190734863,11.779999732971191,11.430000305175781,11.6899995803833,11.6899995803833,216800,774,3,1.212115907675404,69.94218968091042
2019-01-18,11.800000190734863,11.979999542236328,11.430000305175781,11.729999542236328,11.729999542236328,221900,775,4,-0.5932258251444611,69.50146602961593
2019-01-22,11.489999771118164,11.583999633789062,10.789999961853027,10.84000015258789,10.84000015258789,255000,776,1,-5.657089917130764,51.13924276788719
2019-01-23,10.880000114440918,10.954000473022461,10.649999618530273,10.680000305175781,10.680000305175781,159300,777,2,-1.8382335217044576,49.631452797910256
2019-01-24,10.729999542236328,10.869999885559082,10.609999656677246,10.800000190734863,10.800000190734863,84900,778,3,0.6523825860662136,56.16798491541957
2019-01-25,10.899999618530273,11.260000228881836,10.829999923706055,11.149999618530273,11.149999618530273,169000,779,4,2.2935780619202317,48.29720292728036
2019-01-28,11.003999710083008,11.109999656677246,10.829999923706055,10.9399995803833,10.9399995803833,139400,780,0,-0.5816078824599002,42.68291441901279
2019-01-29,10.90999984741211,10.949999809265137,10.699999809265137,10.890000343322754,10.890000343322754,150800,781,1,-0.18331351392364414,45.01608062144058
2019-01-30,10.84000015258789,11.260000228881836,10.84000015258789,10.989999771118164,10.989999771118164,175600,782,2,1.3837602990666387,42.617430119254266
2019-01-31,10.989999771118164,11.270000457763672,10.91100025177002,11.170000076293945,11.170000076293945,90800,783,3,1.6378554042268956,45.71428917433215
2019-02-01,11.149999618530273,11.295000076293945,11.010000228881836,11.229999542236328,11.229999542236328,140200,784,4,0.7174881295341162,39.36167982198053
2019-02-04,11.270000457763672,11.529999732971191,10.789999961853027,10.800000190734863,10.800000190734863,105600,785,0,-4.170365997678682,37.24830002508998
2019-02-05,10.880000114440918,11.145000457763672,10.770000457763672,10.989999771118164,10.989999771118164,63500,786,1,1.0110262455902408,35.738813483334596
2019-02-06,11.079999923706055,11.109999656677246,10.880000114440918,10.880000114440918,10.880000114440918,59700,787,2,-1.805052442619881,34.89931360952805
2019-02-07,10.930000305175781,10.930000305175781,10.180000305175781,10.380000114440918,10.380000114440918,150000,788,3,-5.032023562473431,30.67844873276492
2019-02-08,10.260000228881836,10.550000190734863,10.0600004196167,10.390000343322754,10.390000343322754,97600,789,4,1.2670576173572368,30.05951105397888
2019-02-11,10.550000190734863,10.84000015258789,10.430000305175781,10.720000267028809,10.720000267028809,66200,790,0,1.6113751016160194,47.85714212728912
2019-02-12,10.710000038146973,10.9399995803833,10.649999618530273,10.739999771118164,10.739999771118164,104400,791,1,0.28010955055404185,51.1278111922811
2019-02-13,10.84000015258789,12.0,10.829999923706055,11.760000228881836,11.760000228881836,349200,792,2,8.487085455200006,63.4831594617307
2019-02-14,11.729999542236328,12.699999809265137,11.5600004196167,12.050000190734863,12.050000190734863,385200,793,3,2.728053375844608,62.85716154138964
2019-02-15,12.100000381469727,12.850000381469727,12.100000381469727,12.3100004196167,12.3100004196167,234400,794,4,1.7355374506315968,69.29580098225843
2019-02-19,12.5,13.09000015258789,12.5,12.65999984741211,12.65999984741211,283900,795,1,1.2799987792968759,72.98702135117159
2019-02-20,12.6899995803833,12.979999542236328,12.359999656677246,12.819999694824219,12.819999694824219,175400,796,2,1.0244296196973757,73.40154588005161
2019-02-21,12.800000190734863,12.800000190734863,12.170000076293945,12.369999885559082,12.369999885559082,177300,797,3,-3.359377334127167,64.35407348087915
2019-02-22,12.579999923706055,14.0600004196167,12.550000190734863,14.039999961853027,14.039999961853027,470000,798,4,11.605723744049579,74.26598759761782
2019-02-25,15.100000381469727,15.970000267028809,14.3100004196167,14.75,14.75,902600,799,0,-2.3178832624351275,82.5370727220023
2019-02-26,14.399999618530273,14.84000015258789,14.350000381469727,14.680000305175781,14.680000305175781,203000,800,1,1.9444492643263311,81.00841381330996
2019-02-27,14.5,15.538999557495117,14.449999809265137,15.300000190734863,15.300000190734863,246600,801,2,5.517242694723201,84.21053175470193
2019-02-28,15.289999961853027,15.300000190734863,13.770000457763672,14.020000457763672,14.020000457763672,391000,802,3,-8.306079184158754,75.1381280239483
2019-03-01,14.529999732971191,14.75,14.149999618530273,14.180000305175781,14.180000305175781,178200,803,4,-2.40880546612261,75.64276565610291
2019-03-04,14.5,14.65999984741211,13.600000381469727,14.079999923706055,14.079999923706055,220500,804,0,-2.896552250303075,73.4636883786109
2019-03-05,14.100000381469727,14.420000076293945,13.942999839782715,14.199999809265137,14.199999809265137,157100,805,1,0.7092157807799149,73.82920374360555
2019-03-06,14.229999542236328,14.329999923706055,13.5600004196167,13.699999809265137,13.699999809265137,213800,806,2,-3.724523893328946,64.39169080684681
2019-03-07,13.619999885559082,13.699999809265137,12.723999977111816,12.770000457763672,12.770000457763672,224700,807,3,-6.240818171346985,54.87805177470692
2019-03-08,12.4399995803833,12.829999923706055,12.289999961853027,12.630000114440918,12.630000114440918,238500,808,4,1.5273355342972028,52.20385515706731
2019-03-11,13.020000457763672,13.850000381469727,12.916000366210938,13.479999542236328,13.479999542236328,254700,809,0,3.533018957755596,55.28350433110792
2019-03-12,13.569999694824219,13.760000228881836,13.119000434875488,13.5,13.5,127900,810,1,-0.5158415357291224,54.46194488512604
2019-03-13,13.510000228881836,13.550000190734863,12.850000381469727,12.920000076293945,12.920000076293945,141900,811,2,-4.367136510675862,53.54838876396779
2019-03-14,13.579999923706055,13.579999923706055,12.5,12.640000343322754,12.640000343322754,200200,812,3,-6.921940984273367,38.99371144628338
2019-03-15,12.800000190734863,12.989999771118164,12.4399995803833,12.899999618530273,12.899999618530273,149700,813,4,0.7812455180101763,34.34855307707724
2019-03-18,13.100000381469727,13.52400016784668,13.010000228881836,13.229999542236328,13.229999542236328,211500,814,0,0.992359976954571,38.24958514382093
2019-03-19,13.170000076293945,13.369999885559082,12.718000411987305,12.84000015258789,12.84000015258789,156000,815,1,-2.5056941670035027,29.292920859931996
2019-03-20,12.699999809265137,12.710000038146973,12.142000198364258,12.380000114440918,12.380000114440918,172800,816,2,-2.51968267425301,33.98436532297255
2019-03-21,12.210000038146973,12.470000267028809,12.039999961853027,12.300000190734863,12.300000190734863,232700,817,3,0.7371019844939264,31.34919801446445
2019-03-22,12.029999732971191,12.289999961853027,11.380000114440918,11.449999809265137,11.449999809265137,471200,818,4,-4.8212796058209495,27.288419705125122
2019-03-25,11.699999809265137,13.420000076293945,11.621999740600586,13.25,13.25,1038100,819,0,13.247865094044098,43.64123147340416
2019-03-26,13.140000343322754,13.239999771118164,11.90999984741211,12.25,12.25,574500,820,1,-6.773214003567496,40.90338702827962
2019-03-27,12.289999961853027,13.399999618530273,12.010000228881836,13.15999984741211,13.15999984741211,397000,821,2,7.078925046863116,52.45282670307664
2019-03-28,12.5,13.5,12.5,13.079999923706055,13.079999923706055,300900,822,3,4.63999938964843,52.85171038319464
2019-03-29,13.220000267028809,13.960000038146973,12.9399995803833,13.5600004196167,13.5600004196167,440000,823,4,2.5718619192154124,50.531920762340924
2019-04-01,13.920000076293945,14.579999923706055,13.789999961853027,14.470000267028809,14.470000267028809,500400,824,0,3.9511507738532625,55.7669464603086
2019-04-02,14.399999618530273,14.687999725341797,13.5600004196167,13.65999984741211,13.65999984741211,374800,825,1,-5.13888743556572,54.28240638537982
2019-04-03,14.199999809265137,14.199999809265137,13.239999771118164,13.319999694824219,13.319999694824219,300300,826,2,-6.1971839877542845,53.90804233568657
2019-04-04,13.270000457763672,14.039999961853027,13.020000457763672,13.869999885559082,13.869999885559082,354300,827,3,4.521472547835348,55.39488425375627
2019-04-05,13.989999771118164,14.390000343322754,13.8100004196167,14.25,14.25,184100,828,4,1.858472002398437,55.641594880879346
2019-04-08,14.199999809265137,15.199999809265137,14.039999961853027,14.949999809265137,14.949999809265137,315800,829,0,5.281690211788903,61.283419012713644
2019-04-09,14.729999542236328,14.982999801635742,14.359999656677246,14.789999961853027,14.789999961853027,228000,830,1,0.407334836940465,63.31491460031989
2019-04-10,14.760000228881836,14.920000076293945,14.319999694824219,14.380000114440918,14.380000114440918,227100,831,2,-2.5745264806795065,61.087418373418146
2019-04-11,14.359999656677246,15.399999618530273,14.15999984741211,15.229999542236328,15.229999542236328,365500,832,3,6.058495169632838,70.14925206211734
2019-04-12,15.5,16.6200008392334,15.100000381469727,15.229999542236328,15.229999542236328,458600,833,4,-1.7419384371849755,63.06068312773977
2019-04-15,15.130000114440918,15.75,14.890000343322754,14.979999542236328,14.979999542236328,261200,834,0,-0.9914115734964257,69.98535558368638
2019-04-16,15.109999656677246,15.989999771118164,15.109999656677246,15.420000076293945,15.420000076293945,182200,835,1,2.0516242664486484,67.76729569179167
2019-04-17,15.5,15.930000305175781,15.279999732971191,15.329999923706055,15.329999923706055,126000,836,2,-1.0967746857673877,67.66090819126782
2019-04-18,15.350000381469727,15.569999694824219,14.979999542236328,15.529999732971191,15.529999732971191,285300,837,3,1.1726341825942788,66.17404978649597
2019-04-22,15.279999732971191,15.680000305175781,15.260000228881836,15.420000076293945,15.420000076293945,192600,838,0,0.9162326293806311,58.979204311112724
2019-04-23,15.369999885559082,15.720000267028809,15.0600004196167,15.170000076293945,15.170000076293945,109200,839,1,-1.3012349430987724,65.96194899596028
2019-04-24,15.140000343322754,15.220000267028809,14.899999618530273,15.100000381469727,15.100000381469727,91700,840,2,-0.2642005346497167,69.95516874479328
2019-04-25,14.979999542236328,15.4399995803833,14.803999900817871,15.329999923706055,15.329999923706055,111200,841,3,2.336451216055746,67.63285736367001
2019-04-26,15.329999923706055,15.84000015258789,15.029999732971191,15.25,15.25,155700,842,4,-0.5218520815668426,63.0208392834525
2019-04-29,15.300000190734863,15.770000457763672,15.300000190734863,15.399999618530273,15.399999618530273,89200,843,0,0.6535910231946662,56.838906920462065
2019-04-30,15.350000381469727,15.869999885559082,15.319999694824219,15.84000015258789,15.84000015258789,134000,844,1,3.1921808400062535,64.70589020987521
2019-05-01,15.880000114440918,16.329999923706055,15.199999809265137,15.239999771118164,15.239999771118164,150200,845,2,-4.030228833189686,61.43616785178478
2019-05-02,15.25,16.0,15.25,15.8100004196167,15.8100004196167,149500,846,3,3.6721338991259067,58.333344751846035
2019-05-03,16.09000015258789,16.959999084472656,16.0,16.889999389648438,16.889999389648438,276800,847,4,4.972027529358836,68.20175484460336
2019-05-06,15.880000114440918,16.558000564575195,15.680000305175781,16.030000686645508,16.030000686645508,246900,848,0,0.944587979367717,60.15475354243096
2019-05-07,15.720000267028809,15.960000038146973,14.920000076293945,15.0,15.0,290500,849,1,-4.580154292611183,46.354164941994725
2019-05-08,15.149999618530273,15.699999809265137,14.899999618530273,15.649999618530273,15.649999618530273,145700,850,2,3.300330116104022,52.53164404154038
2019-05-09,15.229999542236328,15.4399995803833,15.020999908447266,15.3100004196167,15.3100004196167,180900,851,3,0.5252848311551928,48.297218192807044
2019-05-10,15.350000381469727,15.710000038146973,15.220000267028809,15.550000190734863,15.550000190734863,132400,852,4,1.3029303211391063,50.986344217525826
2019-05-13,14.899999618530273,15.630000114440918,14.880000114440918,15.010000228881836,15.010000228881836,200600,853,0,0.738259148777165,48.837209947048876
2019-05-14,15.199999809265137,16.020000457763672,15.109999656677246,15.75,15.75,197800,854,1,3.61842235287142,54.30463475776537
2019-05-15,15.819999694824219,16.3799991607666,15.819999694824219,16.149999618530273,16.149999618530273,118200,855,2,2.085966688191654,55.31088063699536
2019-05-16,15.90999984741211,16.579999923706055,15.90999984741211,16.350000381469727,16.350000381469727,194900,856,3,2.7655596371937596,57.01531012546902
2019-05-17,16.1200008392334,16.290000915527344,15.800000190734863,15.880000114440918,15.880000114440918,224600,857,4,-1.4888381656182004,52.94117990799612
2019-05-20,15.609999656677246,16.1200008392334,15.366999626159668,15.770000457763672,15.770000457763672,266400,858,0,1.0249891390483379,49.55300311265735
2019-05-21,15.859999656677246,17.149999618530273,15.859999656677246,17.020000457763672,17.020000457763672,372300,859,1,7.314002687245025,60.495289994671566
2019-05-22,17.239999771118164,17.440000534057617,16.81800079345703,16.920000076293945,16.920000076293945,204800,860,2,-1.8561467463607983,56.92883908508671
2019-05-23,16.559999465942383,17.100000381469727,16.450000762939453,16.81999969482422,16.81999969482422,141700,861,3,1.5700497419493198,49.50213579673466
2019-05-24,17.049999237060547,17.219999313354492,16.850000381469727,17.010000228881836,17.010000228881836,92300,862,4,-0.2345982989357953,57.704398177582526
2019-05-28,17.18000030517578,17.350000381469727,16.6299991607666,16.729999542236328,16.729999542236328,156300,863,1,-2.6193291906047467,65.41888907323946
2019-05-29,16.559999465942383,16.56999969482422,15.800000190734863,15.850000381469727,15.850000381469727,137600,864,2,-4.287434223248942,51.71233525439914
2019-05-30,15.84000015258789,15.991000175476074,15.140000343322754,15.40999984741211,15.40999984741211,149700,865,3,-2.714648365110839,50.84174581439029
2019-05-31,15.1899995803833,16.200000762939453,15.125,16.040000915527344,16.040000915527344,141300,866,4,5.595795645983781,53.87046215820471
2019-06-03,16.15999984741211,16.15999984741211,15.199999809265137,15.260000228881836,15.260000228881836,107700,867,0,-5.569304622700233,51.902586502714115
2019-06-04,15.220000267028809,15.819999694824219,15.220000267028809,15.520000457763672,15.520000457763672,184100,868,1,1.9710918887745121,48.11166344495126
2019-06-05,15.550000190734863,15.5600004196167,14.649999618530273,14.789999961853027,14.789999961853027,131100,869,2,-4.887461219033717,39.40811035518697
2019-06-06,14.859999656677246,14.859999656677246,14.09000015258789,14.359999656677246,14.359999656677246,82500,870,3,-3.3647376282093577,35.03759840585914
2019-06-07,14.550000190734863,14.829999923706055,14.279999732971191,14.680000305175781,14.680000305175781,76200,871,4,0.8934715652010761,40.769239008067935
2019-06-10,14.680000305175781,14.819999694824219,14.4350004196167,14.65999984741211,14.65999984741211,109500,872,0,-0.13624289746519969,41.34165642819076
2019-06-11,14.84000015258789,14.920000076293945,14.449999809265137,14.699999809265137,14.699999809265137,91200,873,1,-0.9433985302105263,27.69232518572329
2019-06-12,14.520000457763672,14.8100004196167,14.420000076293945,14.75,14.75,64300,874,2,1.584018835986667,28.93205994179445
2019-06-13,14.779999732971191,14.789999961853027,14.40999984741211,14.699999809265137,14.699999809265137,83500,875,3,-0.5412714827564669,29.21570838389205
2019-06-14,14.710000038146973,14.710000038146973,13.529999732971191,13.609999656677246,13.609999656677246,198200,876,4,-7.477908760143648,21.666684415591234
2019-06-17,13.680000305175781,13.84000015258789,13.609999656677246,13.65999984741211,13.65999984741211,59700,877,0,-0.14620217337352193,23.396902759009166
2019-06-18,13.829999923706055,14.539999961853027,13.829999923706055,13.890000343322754,13.890000343322754,120700,878,1,0.43384251589078104,30.859395590937496
2019-06-19,13.970000267028809,14.449999809265137,13.289999961853027,13.819999694824219,13.819999694824219,199900,879,2,-1.0737334956149702,33.263176450416424
2019-06-20,14.180000305175781,14.5,13.829999923706055,14.239999771118164,14.239999771118164,122400,880,3,0.4231273952827852,30.17621950451
2019-06-21,14.039999961853027,14.680000305175781,14.0,14.079999923706055,14.079999923706055,152500,881,4,0.28490001397227793,34.948990638917365
2019-06-24,14.140000343322754,14.15999984741211,13.550000190734863,13.819999694824219,13.819999694824219,144700,882,0,-2.263087982523615,28.31633832243989
2019-06-25,13.699999809265137,13.75,13.25,13.390000343322754,13.390000343322754,86500,883,1,-2.2627698558998044,30.663003365782828
2019-06-26,13.710000038146973,13.75,13.069999694824219,13.109999656677246,13.109999656677246,105300,884,2,-4.376370385122352,31.988488859060254
2019-06-27,13.0600004196167,13.640000343322754,13.0,13.59000015258789,13.59000015258789,106200,885,3,4.05819078056926,34.98623610014255
2019-06-28,13.449999809265137,13.824999809265137,13.270000457763672,13.760000228881836,13.760000228881836,155800,886,4,2.3048358662663526,38.09525131067055
2019-07-01,14.229999542236328,14.708999633789062,13.8100004196167,13.829999923706055,13.829999923706055,139000,887,0,-2.8109601644260573,38.58268564035187
2019-07-02,13.710000038146973,14.09000015258789,13.4399995803833,14.039999961853027,14.039999961853027,72100,888,1,2.4070016250026027,41.05793892596152
2019-07-03,13.979999542236328,14.15999984741211,13.90999984741211,14.069999694824219,14.069999694824219,17700,889,2,0.6437779365870755,42.025318472760055
2019-07-05,13.359999656677246,13.40999984741211,12.630000114440918,13.180000305175781,13.180000305175781,305000,890,4,-1.3473005698132812,44.2666767713733
2019-07-08,13.010000228881836,13.010000228881836,11.640000343322754,11.770000457763672,11.770000457763672,645000,891,0,-9.531127973121778,31.506857496065848
2019-07-09,11.619999885559082,12.100000381469727,11.619999885559082,12.0600004196167,12.0600004196167,458400,892,1,3.7865795042255845,32.30174181140565
2019-07-10,12.3100004196167,12.744000434875488,12.0,12.539999961853027,12.539999961853027,349700,893,2,1.8683958927394606,38.53046622548112
2019-07-11,12.399999618530273,12.970000267028809,12.0,12.699999809265137,12.699999809265137,436300,894,3,2.4193564513223853,35.52631272314774
2019-07-12,12.829999923706055,12.9399995803833,12.3100004196167,12.430000305175781,12.430000305175781,213400,895,4,-3.117689952524416,34.80662886391889
2019-07-15,12.529999732971191,12.84000015258789,12.336999893188477,12.5,12.5,203100,896,0,-0.23942325307677592,37.404577929783336
2019-07-16,12.5600004196167,12.890000343322754,12.399999618530273,12.569999694824219,12.569999694824219,236700,897,1,0.07961206109436958,41.598350924527004
2019-07-17,12.619999885559082,12.619999885559082,12.0600004196167,12.199999809265137,12.199999809265137,220600,898,2,-3.3280513478811224,40.84506717938681
2019-07-18,12.109999656677246,12.319999694824219,11.739999771118164,12.079999923706055,12.079999923706055,200500,899,3,-0.24772695145908186,33.62254578674255
2019-07-19,12.239999771118164,12.369999885559082,11.5,11.550000190734863,11.550000190734863,203500,900,4,-5.63725157913354,27.766583343231474
2019-07-22,11.619999885559082,11.970000267028809,11.34000015258789,11.369999885559082,11.369999885559082,155500,901,0,-2.1514630160254233,25.787387199317862
2019-07-23,11.539999961853027,11.869999885559082,11.479999542236328,11.75,11.75,187300,902,1,1.8197577022630362,28.190464668527156
2019-07-24,11.753999710083008,11.949999809265137,11.630000114440918,11.729999542236328,11.729999542236328,158200,903,2,-0.20418724211888062,27.671745166470842
2019-07-25,11.5,11.630000114440918,11.0,11.0,11.0,179200,904,3,-4.347826086956519,28.543295704483995
2019-07-26,11.149999618530273,11.630000114440918,10.96500015258789,11.449999809265137,11.449999809265137,127500,905,4,2.690584762319559,46.11649507850572
2019-07-29,11.4399995803833,11.460000038146973,11.180000305175781,11.220000267028809,11.220000267028809,79400,906,0,-1.9230709914687005,39.65516431395541
2019-07-30,11.149999618530273,11.199999809265137,10.729999542236328,11.149999618530273,11.149999618530273,186400,907,1,0.0,30.958892441435893
2019-07-31,11.020000457763672,11.260000228881836,10.890000343322754,11.1899995803833,11.1899995803833,115500,908,2,1.542641701977998,28.61188737885901
2019-08-01,11.149999618530273,11.34000015258789,10.550000190734863,10.710000038146973,10.710000038146973,151100,909,3,-3.9461847124376725,27.00533675296232
2019-08-02,10.699999809265137,10.819999694824219,10.510000228881836,10.770000457763672,10.770000457763672,81900,910,4,0.6542116798723852,26.809654764741566
2019-08-05,10.550000190734863,10.5600004196167,10.0,10.15999984741211,10.15999984741211,158600,911,0,-3.696685651866216,21.779864296849524
2019-08-06,10.199999809265137,10.300000190734863,10.109999656677246,10.1899995803833,10.1899995803833,82100,912,1,-0.09804146145916404,24.427479989827475
2019-08-07,10.100000381469727,10.390000343322754,9.979999542236328,10.319999694824219,10.319999694824219,79300,913,2,2.1782109410423356,27.664974742157
2019-08-08,10.390000343322754,10.670000076293945,10.279999732971191,10.279999732971191,10.279999732971191,91000,914,3,-1.0587161377935472,31.59420033458757
2019-08-09,10.199999809265137,10.329999923706055,10.020000457763672,10.130000114440918,10.130000114440918,59000,915,4,-0.6862715307174305,31.871348779882496
2019-08-12,10.0,10.039999961853027,9.619999885559082,9.65999984741211,9.65999984741211,176200,916,0,-3.400001525878904,20.227919995696254
2019-08-13,9.65999984741211,10.156000137329102,9.65999984741211,9.84000015258789,9.84000015258789,95100,917,1,1.863357225869966,24.250690049617035
2019-08-14,9.609999656677246,9.760000228881836,9.170000076293945,9.270000457763672,9.270000457763672,177500,918,2,-3.5379730599400694,25.356133483964967
2019-08-15,9.34000015258789,9.489999771118164,9.229999542236328,9.279999732971191,9.279999732971191,102900,919,3,-0.6424027691270928,14.65797570025174
2019-08-16,9.350000381469727,9.819999694824219,9.350000381469727,9.710000038146973,9.710000038146973,89700,920,4,3.850263550691513,26.911314717146652
2019-08-19,9.800000190734863,10.15999984741211,9.720000267028809,9.789999961853027,9.789999961853027,95100,921,0,-0.10204314986942409,29.26829622871206
2019-08-20,9.920000076293945,10.100000381469727,9.760000228881836,10.050000190734863,10.050000190734863,65300,922,1,1.3104850145271962,33.71429443359375
2019-08-21,10.119999885559082,10.329999923706055,10.119999885559082,10.220000267028809,10.220000267028809,64100,923,2,0.9881460731281599,42.319754089587974
2019-08-22,10.170000076293945,10.170000076293945,9.399999618530273,9.539999961853027,9.539999961853027,98800,924,3,-6.194691344294434,33.85826298630188
2019-08-23,9.550000190734863,9.960000038146973,9.550000190734863,9.569999694824219,9.569999694824219,86300,925,4,0.20941888680545695,40.86686940860374
2019-08-26,9.680000305175781,9.680000305175781,9.390000343322754,9.609999656677246,9.609999656677246,59300,926,0,-0.7231471724345573,41.049383261130764
2019-08-27,9.680000305175781,9.680000305175781,9.3100004196167,9.380000114440918,9.380000114440918,71300,927,1,-3.099175426414569,35.92814661918091
2019-08-28,9.300000190734863,9.562999725341797,9.300000190734863,9.470000267028809,9.470000267028809,48100,928,2,1.8279577721225015,38.05310307111318
2019-08-29,9.539999961853027,9.680000305175781,9.430000305175781,9.630000114440918,9.630000114440918,43200,929,3,0.9433978296411683,42.64705799855154
2019-08-30,9.699999809265137,9.958000183105469,9.369999885559082,9.510000228881836,9.510000228881836,47900,930,4,-1.9587585991684198,47.54098924505246
2019-09-03,9.4399995803833,9.6899995803833,9.220000267028809,9.25,9.25,160300,931,1,-2.0127075087813306,40.57507490763373
2019-09-04,8.760000228881836,9.850000381469727,8.760000228881836,9.59000015258789,9.59000015258789,280200,932,2,9.47488472625302,55.51723684340337
2019-09-05,9.300000190734863,9.430000305175781,8.84000015258789,9.1899995803833,9.1899995803833,224900,933,3,-1.1828022375865221,48.63221690664082
2019-09-06,8.829999923706055,9.100000381469727,8.5,8.890000343322754,8.890000343322754,204400,934,4,0.6795064567963971,37.02532065791459
2019-09-09,8.850000381469727,9.15999984741211,8.789999961853027,9.130000114440918,9.130000114440918,185600,935,0,3.163838654261064,40.06024234819917
2019-09-10,9.0,9.449999809265137,8.979999542236328,9.369999885559082,9.369999885559082,154100,936,1,4.111109839545346,39.69696269109615
2019-09-11,9.390000343322754,9.550000190734863,9.010000228881836,9.270000457763672,9.270000457763672,239500,937,2,-1.2779540060870676,35.29411417346665
2019-09-12,9.109999656677246,9.449999809265137,9.0600004196167,9.25,9.25,170100,938,3,1.536776603719625,44.35797463225076
2019-09-13,9.25,9.550000190734863,9.225000381469727,9.399999618530273,9.399999618530273,137500,939,4,1.6216174976245723,46.840145667622
2019-09-16,9.180000305175781,9.420000076293945,9.180000305175781,9.329999923706055,9.329999923706055,150700,940,0,1.6339827183415423,44.85294298111058
2019-09-17,9.119999885559082,9.380000114440918,9.119000434875488,9.130000114440918,9.130000114440918,141000,941,1,0.10965163385221466,45.353157479008516
2019-09-18,9.010000228881836,9.130000114440918,8.789999961853027,8.8100004196167,8.8100004196167,142100,942,2,-2.219753653546319,38.69862566300003
2019-09-19,8.829999923706055,9.050000190734863,8.800000190734863,8.800000190734863,8.800000190734863,119100,943,3,-0.3397478282038291,35.01804407836798
2019-09-20,8.789999961853027,8.989999771118164,8.609999656677246,8.65999984741211,8.65999984741211,217100,944,4,-1.4789546644493057,34.767012838033224
2019-09-23,8.619999885559082,8.619999885559082,8.119999885559082,8.300000190734863,8.300000190734863,185700,945,0,-3.7122934927215967,33.56400824582239
2019-09-24,8.229999542236328,8.279999732971191,7.699999809265137,7.710000038146973,7.710000038146973,280900,946,1,-6.318341834901931,20.063677534003517
2019-09-25,7.610000133514404,7.900000095367432,7.519999980926514,7.769999980926514,7.769999980926514,169600,947,2,2.102494672864341,24.64284443124437
2019-09-26,7.760000228881836,7.760000228881836,7.03000020980835,7.070000171661377,7.070000171661377,321400,948,3,-8.891753052433648,21.5624829102221
2019-09-27,6.980000019073486,7.21999979019165,6.800000190734863,7.079999923706055,7.079999923706055,298500,949,4,1.4326633862365323,15.48819321644983
2019-09-30,7.179999828338623,7.179999828338623,6.820000171661377,7.019999980926514,7.019999980926514,154900,950,0,-2.2284101843653037,7.885284199368627
2019-10-01,7.019999980926514,7.150000095367432,6.75,6.78000020980835,6.78000020980835,141100,951,1,-3.4188001676673574,7.508511872029231
2019-10-02,6.730000019073486,6.949999809265137,6.610000133514404,6.820000171661377,6.820000171661377,123700,952,2,1.337297954425276,8.813539596498572
2019-10-03,6.550000190734863,6.650000095367432,6.039999961853027,6.429999828338623,6.429999828338623,220400,953,3,-1.8320665481198595,3.4482660686319804
2019-10-04,6.440000057220459,6.570000171661377,6.3420000076293945,6.489999771118164,6.489999771118164,129600,954,4,0.7763930660473539,5.3459004441783975
2019-10-07,6.46999979019165,6.7210001945495605,6.449999809265137,6.480000019073486,6.480000019073486,118300,955,0,0.15456304800807175,5.685606674956304
2019-10-08,6.440000057220459,6.5,6.25,6.329999923706055,6.329999923706055,109700,956,1,-1.7080765921899888,6.028355243044942
2019-10-09,6.329999923706055,6.769999980926514,6.232999801635742,6.5,6.5,185500,957,2,2.685625250283019,11.409386844924853
2019-10-10,6.489999771118164,6.666999816894531,6.489999771118164,6.559999942779541,6.559999942779541,77700,958,3,1.078585117566444,13.793094376460417
2019-10-11,6.699999809265137,7.199999809265137,6.697000026702881,6.849999904632568,6.849999904632568,161300,959,4,2.2388074572778693,24.38161537970315
2019-10-14,6.699999809265137,6.949999809265137,6.699999809265137,6.760000228881836,6.760000228881836,50800,960,0,0.8955286764893211,29.613728986923192
2019-10-15,6.760000228881836,6.909999847412109,6.650000095367432,6.699999809265137,6.699999809265137,69400,961,1,-0.8875801417927431,27.038617474796695
2019-10-16,6.840000152587891,6.96999979019165,6.71999979019165,6.920000076293945,6.920000076293945,89100,962,2,1.1695895017749036,45.945943159461315
2019-10-17,7.050000190734863,7.199999809265137,6.75,7.150000095367432,7.150000095367432,134200,963,3,1.4184383252072719,51.69082526223162
2019-10-18,7.210000038146973,7.5,7.130000114440918,7.340000152587891,7.340000152587891,226400,964,4,1.8030528953274283,57.2727302283291
2019-10-21,6.929999828338623,7.079999923706055,6.800000190734863,6.96999979019165,6.96999979019165,147000,965,0,0.577200041036896,54.07724267891516
2019-10-22,6.880000114440918,6.985000133514404,6.820000171661377,6.829999923706055,6.829999923706055,79500,966,1,-0.7267469462669651,50.20575614869544
2019-10-23,6.849999904632568,6.880000114440918,6.71999979019165,6.760000228881836,6.760000228881836,79000,967,2,-1.3138638978646866,57.819914209995
2019-10-24,6.789999961853027,6.96999979019165,6.650000095367432,6.809999942779541,6.809999942779541,104300,968,3,0.29455053076399285,57.61905205222775
2019-10-25,6.739999771118164,7.099999904632568,6.739999771118164,6.929999828338623,6.929999828338623,113100,969,4,2.8189920426204607,60.18099098410989
2019-10-28,6.96999979019165,7.099999904632568,6.849999904632568,7.059999942779541,7.059999942779541,85600,970,0,1.291250434677793,66.66666666666666
2019-10-29,7.0,7.059999942779541,6.789999961853027,6.880000114440918,6.880000114440918,137300,971,1,-1.7142840794154623,58.63636698604644
2019-10-30,6.800000190734863,6.869999885559082,6.5,6.639999866485596,6.639999866485596,168800,972,2,-2.352945878843815,51.680670585279515
2019-10-31,6.599999904632568,6.659999847412109,6.28000020980835,6.46999979019165,6.46999979019165,101900,973,3,-1.9696987321116577,41.592918673532
2019-11-01,6.53000020980835,6.929999828338623,6.510000228881836,6.519999980926514,6.519999980926514,270900,974,4,-0.15314285697595187,44.59459082123145
2019-11-04,6.570000171661377,6.639999866485596,6.5,6.550000190734863,6.550000190734863,121800,975,0,-0.3044137047785833,46.57535201024917
2019-11-05,6.510000228881836,6.710000038146973,6.429999828338623,6.46999979019165,6.46999979019165,259500,976,1,-0.6144460412262687,39.024386839950004
2019-11-06,6.559999942779541,6.579999923706055,6.269999980926514,6.320000171661377,6.320000171661377,130800,977,2,-3.6585331282255162,28.93401494412292
2019-11-07,6.329999923706055,6.489999771118164,6.320000171661377,6.400000095367432,6.400000095367432,99300,978,3,1.1058479068731808,24.731183071359183
2019-11-08,6.5,6.699999809265137,6.409999847412109,6.440000057220459,6.440000057220459,174100,979,4,-0.923076042762172,32.6797442656426
2019-11-11,6.360000133514404,6.389999866485596,6.25,6.329999923706055,6.329999923706055,79300,980,0,-0.4717014021786259,33.33333333333333
2019-11-12,6.340000152587891,6.340000152587891,6.099999904632568,6.289999961853027,6.289999961853027,103900,981,1,-0.7886465225786177,34.01359926353001
2019-11-13,6.28000020980835,6.289999961853027,6.110000133514404,6.179999828338623,6.179999828338623,54900,982,2,-1.5923627090575931,29.41177020573177
2019-11-14,6.130000114440918,6.199999809265137,6.119999885559082,6.139999866485596,6.139999866485596,148400,983,3,0.16312808903740095,22.758636338523957
2019-11-15,6.260000228881836,7.190000057220459,6.119999885559082,6.21999979019165,6.21999979019165,806900,984,4,-0.6389846202502492,20.000006811956624
2019-11-18,6.170000076293945,6.46999979019165,6.090000152587891,6.119999885559082,6.119999885559082,244400,985,0,-0.8103758527811311,21.212126685455956
2019-11-19,6.159999847412109,6.210000038146973,5.260000228881836,5.389999866485596,5.389999866485596,412700,986,1,-12.5,15.46962126493014
2019-11-20,5.449999809265137,5.590000152587891,5.210000038146973,5.480000019073486,5.480000019073486,330400,987,2,0.5504625845554889,21.387298054008824
2019-11-21,5.46999979019165,5.590000152587891,5.210000038146973,5.25,5.25,241200,988,3,-4.021934161426033,16.753932844862433
2019-11-22,5.199999809265137,5.349999904632568,5.010000228881836,5.019999980926514,5.019999980926514,231300,989,4,-3.4615352873264893,13.744073151787191
2019-11-25,5.010000228881836,5.21999979019165,5.0,5.070000171661377,5.070000171661377,186300,990,0,1.1976035935817197,16.346161781683776
2019-11-26,5.066999912261963,5.25,4.940000057220459,5.110000133514404,5.110000133514404,518100,991,1,0.8486327609436684,19.289343296081938
2019-11-27,5.139999866485596,5.400000095367432,5.099999904632568,5.239999771118164,5.239999771118164,257100,992,2,1.945523486967371,21.28712041578312
2019-11-29,5.289999961853027,5.289999961853027,5.001999855041504,5.179999828338623,5.179999828338623,83100,993,4,-2.0793976239627865,19.117640871490053
2019-12-02,5.199999809265137,5.21999979019165,4.751999855041504,4.78000020980835,4.78000020980835,281400,994,0,-8.076915670428486,16.738195668230134
2019-12-03,4.760000228881836,4.760000228881836,4.599999904632568,4.619999885559082,4.619999885559082,207500,995,1,-2.9411835418260313,15.918363136631172
2019-12-04,4.630000114440918,4.690000057220459,4.400000095367432,4.480000019073486,4.480000019073486,332300,996,2,-3.2397428004285134,15.7258039706699
2019-12-05,4.570000171661377,4.659999847412109,4.460000038146973,4.579999923706055,4.579999923706055,132200,997,3,0.21881294680656804,19.291333482892526
2019-12-06,4.590000152587891,4.78000020980835,4.579999923706055,4.75,4.75,139000,998,4,3.485835339719978,22.053232077039496
2019-12-09,4.789999961853027,4.849999904632568,4.710000038146973,4.71999979019165,4.71999979019165,164800,999,0,-1.4613814659467539,22.656247526174354
2019-12-10,4.71999979019165,4.800000190734863,4.699999809265137,4.789999961853027,4.789999961853027,130100,1000,1,1.4830545502743542,34.2105296179857
2019-12-11,4.809999942779541,4.840000152587891,4.670000076293945,4.789999961853027,4.789999961853027,137700,1001,2,-0.4158000242086568,30.93922433608327
2019-12-12,4.829999923706055,5.0,4.730000019073486,4.730000019073486,4.730000019073486,218800,1002,3,-2.070391432963803,34.146340754257594
2019-12-13,4.789999961853027,4.929999828338623,4.650000095367432,4.650000095367432,4.650000095367432,387200,1003,4,-2.9227529770467164,37.583894550486505
2019-12-16,4.679999828338623,4.710000038146973,4.409999847412109,4.5,4.5,250200,1004,0,-3.846150319251662,32.0754626445994
2019-12-17,4.5,4.75,4.46999979019165,4.690000057220459,4.690000057220459,248600,1005,1,4.22222349378798,37.931030702836146
2019-12-18,4.699999809265137,5.010000228881836,4.590000152587891,4.980000019073486,4.980000019073486,250500,1006,2,5.957451514282686,43.15790160541025
2019-12-19,4.980000019073486,5.090000152587891,4.889999866485596,4.949999809265137,4.949999809265137,231800,1007,3,-0.6024138492660258,43.850268061478836
2019-12-20,4.900000095367432,4.980000019073486,4.849999904632568,4.949999809265137,4.949999809265137,156400,1008,4,1.0204023045831345,55.78229637522848
2019-12-23,4.889999866485596,4.960000038146973,4.769999980926514,4.769999980926514,4.769999980926514,127900,1009,0,-2.4539854567588115,55.03355940957969
2019-12-24,4.78000020980835,4.880000114440918,4.78000020980835,4.800000190734863,4.800000190734863,63400,1010,1,0.41840962444885665,61.59420415048559
2019-12-26,4.800000190734863,5.0,4.800000190734863,4.989999771118164,4.989999771118164,123200,1011,3,3.9583244340290813,63.94557050798394
2019-12-27,4.78000020980835,5.099999904632568,4.78000020980835,5.059999942779541,5.059999942779541,141900,1012,4,5.857734742283993,61.31386353202587
2019-12-30,5.019999980926514,5.409999847412109,4.980000019073486,5.360000133514404,5.360000133514404,293200,1013,0,6.772911431866957,69.51220150436276
2019-12-31,5.46999979019165,5.639999866485596,5.309999942779541,5.550000190734863,5.550000190734863,247700,1014,1,1.462530230561665,71.59091278541139
2020-01-02,5.769999980926514,6.788000106811523,5.670000076293945,6.300000190734863,6.300000190734863,1094600,1015,3,9.185445607631436,80.0796830913939
2020-01-03,6.269999980926514,6.300000190734863,5.860000133514404,5.949999809265137,5.949999809265137,420400,1016,4,-5.103671014909484,71.7857053450197
2020-01-06,5.960000038146973,5.96999979019165,5.289999961853027,5.599999904632568,5.599999904632568,443100,1017,0,-6.040270657889668,65.47230632882372
2020-01-07,5.710000038146973,5.789999961853027,5.519999980926514,5.78000020980835,5.78000020980835,211400,1018,1,1.225922437718463,70.64515895823723
2020-01-08,5.71999979019165,5.96999979019165,5.5920000076293945,5.949999809265137,5.949999809265137,195300,1019,2,4.020979501920219,70.45453876925558
2020-01-09,5.980000019073486,7.110000133514404,5.860000133514404,6.800000190734863,6.800000190734863,1209000,1020,3,13.712377408795117,74.99999672502025
2020-01-10,6.909999847412109,7.380000114440918,6.599999904632568,6.610000133514404,6.610000133514404,726900,1021,4,-4.341529964144053,71.84210569244335
2020-01-13,6.670000076293945,7.070000171661377,6.659999847412109,6.96999979019165,6.96999979019165,280000,1022,0,4.497746783601153,74.2788440321943
2020-01-14,6.949999809265137,6.96999979019165,6.610000133514404,6.760000228881836,6.760000228881836,254900,1023,1,-2.733806987016174,73.74701934103837
2020-01-15,6.760000228881836,7.059999942779541,6.690000057220459,6.820000171661377,6.820000171661377,225500,1024,2,0.8875730879888577,73.93365025303444
2020-01-16,6.789999961853027,6.867000102996826,6.320000171661377,6.389999866485596,6.389999866485596,476900,1025,3,-5.891017637918649,65.69506652144875
2020-01-17,6.360000133514404,6.360000133514404,6.0,6.090000152587891,6.090000152587891,361700,1026,4,-4.245282629849845,60.980812337332694
2020-01-21,5.840000152587891,5.849999904632568,5.260000228881836,5.320000171661377,5.320000171661377,785900,1027,1,-8.904109029793172,49.61240345895467
2020-01-22,5.46999979019165,5.489999771118164,5.0,5.059999942779541,5.059999942779541,559900,1028,2,-7.4954271140428075,45.31548521827608
2020-01-23,5.010000228881836,5.349999904632568,4.880000114440918,5.119999885559082,5.119999885559082,453100,1029,3,2.195601829379479,37.00440181618243
2020-01-24,5.190000057220459,5.269999980926514,5.059999942779541,5.079999923706055,5.079999923706055,287800,1030,4,-2.119463050127901,39.716312296583276
2020-01-27,4.900000095367432,5.090000152587891,4.870999813079834,5.010000228881836,5.010000228881836,274200,1031,0,2.2449006402755156,42.53164841184831
2020-01-28,5.03000020980835,5.300000190734863,4.949999809265137,5.239999771118164,5.239999771118164,187300,1032,1,4.174941402593224,43.249992102381746
2020-01-29,5.340000152587891,5.389999866485596,4.989999771118164,5.0,5.0,225500,1033,2,-6.367043874017842,38.32923706265407
2020-01-30,4.949999809265137,5.119999885559082,4.880000114440918,4.889999866485596,4.889999866485596,178400,1034,3,-1.2121201028581163,21.32130347577214
2020-01-31,4.800000190734863,4.909999847412109,4.550000190734863,4.579999923706055,4.579999923706055,373000,1035,4,-4.5833387143079936,20.579693278845795
2020-02-03,4.519999980926514,4.599999904632568,4.489999771118164,4.550000190734863,4.550000190734863,316200,1036,0,0.6637214587376983,11.21793593292243
2020-02-04,4.480000019073486,4.889999866485596,4.409999847412109,4.71999979019165,4.71999979019165,412300,1037,1,5.357137725365435,16.88309355998591
2020-02-05,4.909999847412109,4.909999847412109,4.159999847412109,4.210000038146973,4.210000038146973,608000,1038,2,-14.256615703034747,13.031141804009565
2020-02-06,4.239999771118164,4.5,4.239999771118164,4.309999942779541,4.309999942779541,241600,1039,3,1.6509475339645308,17.4999798834192
2020-02-07,4.309999942779541,4.449999809265137,4.269999980926514,4.349999904632568,4.349999904632568,119000,1040,4,0.9280733731803936,20.408140426360802
2020-02-10,4.340000152587891,4.400000095367432,4.230000019073486,4.329999923706055,4.329999923706055,190600,1041,0,-0.23042001221758035,27.39723551790982
2020-02-11,4.369999885559082,4.579999923706055,4.369999885559082,4.389999866485596,4.389999866485596,149900,1042,1,0.4576654794112178,33.165809157583595
2020-02-12,4.440000057220459,5.179999828338623,4.440000057220459,5.059999942779541,5.059999942779541,456900,1043,2,13.963961206505381,48.84615405776813
2020-02-13,4.849999904632568,4.960000038146973,4.619999885559082,4.840000152587891,4.840000152587891,262500,1044,3,-0.20618045858364908,45.6834539778027
2020-02-14,4.840000152587891,5.230000019073486,4.829999923706055,4.889999866485596,4.889999866485596,331300,1045,4,1.0330519074667865,47.826078693741586
2020-02-18,4.900000095367432,5.0,4.699999809265137,4.699999809265137,4.699999809265137,232200,1046,1,-4.0816384124437,40.07352412674761
2020-02-19,4.71999979019165,4.78000020980835,4.519999980926514,4.550000190734863,4.550000190734863,188400,1047,2,-3.6016865892675054,41.44486471413502
2020-02-20,4.53000020980835,5.005000114440918,4.53000020980835,4.929999828338623,4.929999828338623,315700,1048,3,8.830013245125134,50.68965505901603
2020-02-21,4.889999866485596,5.039999961853027,4.809999942779541,4.909999847412109,4.909999847412109,196300,1049,4,0.4089975761264686,56.32184307038086
2020-02-24,4.760000228881836,4.849999904632568,4.5,4.519999980926514,4.519999980926514,203500,1050,0,-5.04202177342542,49.49494560279565
2020-02-25,4.550000190734863,4.708000183105469,4.340000152587891,4.400000095367432,4.400000095367432,236200,1051,1,-3.296705254493748,44.520549734799985
2020-02-26,4.539999961853027,4.570000171661377,4.300000190734863,4.329999923706055,4.329999923706055,180600,1052,2,-4.625551539900452,52.419353908355696
2020-02-27,4.289999961853027,4.482999801635742,4.0,4.309999942779541,4.309999942779541,366300,1053,3,0.46620002574253583,50.0
2020-02-28,4.300000190734863,4.309999942779541,4.0,4.159999847412109,4.159999847412109,302300,1054,4,-3.255821793320157,46.21513649042744
2020-03-02,4.179999828338623,4.25,4.070000171661377,4.099999904632568,4.099999904632568,250600,1055,0,-1.9138738514697828,45.49019351183258
2020-03-03,4.110000133514404,4.349999904632568,4.070000171661377,4.210000038146973,4.210000038146973,256200,1056,1,2.433087624915964,46.53846344298942
2020-03-04,4.239999771118164,4.25,4.03000020980835,4.110000133514404,4.110000133514404,140200,1057,2,-3.066029354276978,26.60097584900555
2020-03-05,4.110000133514404,4.179999828338623,4.005000114440918,4.139999866485596,4.139999866485596,245000,1058,3,0.7299204865363063,30.978239883983363
2020-03-06,4.099999904632568,4.329999923706055,4.03000020980835,4.070000171661377,4.070000171661377,220400,1059,4,-0.7317008211950138,27.95698208013947
2020-03-09,3.9800000190734863,4.243000030517578,3.9100000858306885,4.139999866485596,4.139999866485596,217500,1060,0,4.0200966493803225,33.908032274781235
2020-03-10,4.230000019073486,4.28000020980835,4.099999904632568,4.260000228881836,4.260000228881836,247000,1061,1,0.709224814966336,41.52046441175552
2020-03-11,4.230000019073486,4.380000114440918,4.150000095367432,4.199999809265137,4.199999809265137,143500,1062,2,-0.709224814966325,23.74100398587875
2020-03-12,3.9600000381469727,4.170000076293945,3.930000066757202,3.930000066757202,3.930000066757202,318300,1063,3,-0.7575750277974413,20.121951130867544
2020-03-13,4.019999980926514,4.085000038146973,3.819999933242798,4.059999942779541,4.059999942779541,389200,1064,4,0.9950239314132636,33.33332757442895
2020-03-16,3.7100000381469727,3.7899999618530273,2.825000047683716,2.990000009536743,2.990000009536743,612100,1065,0,-19.40700865787178,19.742483341650697
2020-03-17,3.0399999618530273,3.380000114440918,2.9800000190734863,3.2200000286102295,3.2200000286102295,222400,1066,1,5.921054901838985,27.71084129697816
2020-03-18,3.0399999618530273,3.259999990463257,2.9200000762939453,3.059999942779541,3.059999942779541,213600,1067,2,0.6578941176802688,26.235738170312104
2020-03-19,3.0899999141693115,3.4030001163482666,3.049999952316284,3.2799999713897705,3.2799999713897705,222800,1068,3,6.148869336507312,33.70370340935973
2020-03-20,3.3499999046325684,3.5450000762939453,3.2100000381469727,3.3399999141693115,3.3399999141693115,262400,1069,4,-0.29850718650553665,35.92592386551813
2020-03-23,3.430000066757202,3.5999999046325684,3.1500000953674316,3.4700000286102295,3.4700000286102295,340400,1070,0,1.16617962316381,36.39705640660192
2020-03-24,3.5999999046325684,3.819000005722046,3.559999942779541,3.619999885559082,3.619999885559082,226100,1071,1,0.5555550404536813,41.15522859784029
2020-03-25,3.799999952316284,3.950000047683716,3.559999942779541,3.609999895095825,3.609999895095825,376500,1072,2,-5.0000015685433,40.3636360483721
2020-03-26,3.880000114440918,4.75,3.861999988555908,4.699999809265137,4.699999809265137,1303800,1073,3,21.13401212985209,58.35543290173878
2020-03-27,4.409999847412109,4.690000057220459,4.349999904632568,4.460000038146973,4.460000038146973,540600,1074,4,1.133791212355817,54.060915825051104
2020-03-30,4.449999809265137,4.5,4.0,4.039999961853027,4.039999961853027,286800,1075,0,-9.21348011203209,47.40565708838717
2020-03-31,4.0,4.239999771118164,4.0,4.010000228881836,4.010000228881836,151200,1076,1,0.25000572204589844,47.743472426347324
2020-04-01,4.0,4.199999809265137,3.859999895095825,3.890000104904175,3.890000104904175,339700,1077,2,-2.74999737739563,49.50738956755327
2020-04-02,3.880000114440918,4.039999961853027,3.630000114440918,3.7200000286102295,3.7200000286102295,263600,1078,3,-4.123713430708065,45.853659245742406
2020-04-03,3.609999895095825,3.869999885559082,3.609999895095825,3.799999952316284,3.799999952316284,238100,1079,4,5.263159632734982,63.022508556238115
2020-04-06,3.880000114440918,4.050000190734863,3.8299999237060547,3.890000104904175,3.890000104904175,215100,1080,0,0.25773170536871337,61.2794633606811
2020-04-07,3.9200000762939453,4.034999847412109,3.7300000190734863,3.740000009536743,3.740000009536743,170600,1081,1,-4.591838348313971,61.486488391310004
2020-04-08,3.819999933242798,3.8299999237060547,3.5899999141693115,3.5999999046325684,3.5999999046325684,189500,1082,2,-5.759163153269253,55.55555463573075
2020-04-09,3.700000047683716,3.8499999046325684,3.565000057220459,3.5799999237060547,3.5799999237060547,190800,1083,3,-3.243246552193535,54.22535240827537
2020-04-13,3.5799999237060547,3.609999895095825,3.4100000858306885,3.549999952316284,3.549999952316284,196100,1084,0,-0.8379880455057109,51.45985274431989
2020-04-14,3.5799999237060547,3.7899999618530273,3.5799999237060547,3.740000009536743,3.740000009536743,117700,1085,1,4.469276235767472,52.1582756333208
2020-04-15,3.5999999046325684,3.7699999809265137,3.5299999713897705,3.75,3.75,283700,1086,2,4.166669426141034,52.51798752419026
2020-04-16,3.7200000286102295,3.8399999141693115,3.609999895095825,3.7699999809265137,3.7699999809265137,103400,1087,3,1.3440847293478164,22.807023169823736
2020-04-17,3.8299999237060547,3.8949999809265137,3.740000009536743,3.759999990463257,3.759999990463257,88200,1088,4,-1.8276745336084255,26.35135385483308
2020-04-20,3.819999933242798,3.819999933242798,3.5999999046325684,3.6700000762939453,3.6700000762939453,137000,1089,0,-3.9266978945080133,33.9130497880148
2020-04-21,3.5199999809265137,3.565999984741211,3.3299999237060547,3.4000000953674316,3.4000000953674316,199100,1090,1,-3.409087676400968,28.05755457382776
2020-04-22,3.4000000953674316,3.490000009536743,3.2899999618530273,3.359999895095825,3.359999895095825,104500,1091,2,-1.176476445577379,29.77099083817754
2020-04-23,3.319999933242798,3.5399999618530273,3.319999933242798,3.440000057220459,3.440000057220459,116100,1092,3,3.6144616382703276,38.524596090757704
2020-04-24,3.569999933242798,3.569999933242798,3.2899999618530273,3.380000114440918,3.380000114440918,160200,1093,4,-5.322123875484053,32.500014404449516
2020-04-27,3.4100000858306885,3.7300000190734863,3.4000000953674316,3.700000047683716,3.700000047683716,300500,1094,0,8.504397494241767,43.356642773684456
2020-04-28,3.7899999618530273,3.930000066757202,3.690000057220459,3.880000114440918,3.880000114440918,129700,1095,1,2.374674234663776,54.79452323233478
2020-04-29,3.890000104904175,4.349999904632568,3.890000104904175,4.349999904632568,4.349999904632568,297500,1096,2,11.825187334788655,70.94972111685388
2020-04-30,4.289999961853027,4.340000152587891,3.950000047683716,3.950000047683716,3.950000047683716,147600,1097,3,-7.925405995165824,58.52534911569224
2020-05-01,3.9000000953674316,3.936000108718872,3.630000114440918,3.700000047683716,3.700000047683716,157500,1098,4,-5.128206225463517,53.13807748424692
2020-05-04,3.6500000953674316,3.6700000762939453,3.450000047683716,3.5199999809265137,3.5199999809265137,116300,1099,0,-3.5616468779251176,45.37815041869009
2020-05-05,3.559999942779541,3.690000057220459,3.369999885559082,3.4100000858306885,3.4100000858306885,119200,1100,1,-4.213479195500691,43.14516241449977
2020-05-06,3.4100000858306885,3.625,3.390000104904175,3.4600000381469727,3.4600000381469727,134100,1101,2,1.4662742245680649,43.82470172502983
2020-05-07,3.509999990463257,3.756999969482422,3.509999990463257,3.680000066757202,3.680000066757202,91600,1102,3,4.84330703008089,48.52941305373377
2020-05-08,3.680000066757202,3.950000047683716,3.630000114440918,3.950000047683716,3.950000047683716,155400,1103,4,7.3369558703415105,54.8275859517518
2020-05-11,3.869999885559082,4.175000190734863,3.8299999237060547,3.950000047683716,3.950000047683716,234300,1104,0,2.067187712928753,60.45627335063061
2020-05-12,3.950000047683716,3.990000009536743,3.869999885559082,3.869999885559082,3.869999885559082,65700,1105,1,-2.025320535667996,59.55056219908023
2020-05-13,3.859999895095825,3.859999895095825,3.4660000801086426,3.559999942779541,3.559999942779541,152300,1106,2,-7.772019701281274,52.068963816276266
2020-05-14,3.509999990463257,3.690000057220459,3.509999990463257,3.6500000953674316,3.6500000953674316,54600,1107,3,3.9886069881640562,54.6075084768795
2020-05-15,3.6500000953674316,3.7799999713897705,3.609999895095825,3.690000057220459,3.690000057220459,45400,1108,4,1.0958893372029044,49.81132092447034
